id,type,age_group,gender,daily_internet_hours,primary_activity,uses_facebook,num_social_media_accounts,exposed_to_bad_language,learned_bad_words,experienced_cyberbullying,cyberbullying_types,reported_incident,reported_to,mental_health_impact,received_school_education,awareness_level,impact_certainty
S0001,Student,13-17,Male,1,Videos,True,4,True,True,True,Defamation; Sexual Harassment,False,None,Depression; Anxiety,True,Medium,Unsure
S0002,Student,13-17,Male,7,Chatting,True,1,True,True,False,None,N/A,None,None,False,Low,Not Applicable
S0003,Student,9-12,Female,0,Social Media,True,3,True,True,False,None,N/A,None,None,True,Medium,Not Applicable
S0004,Student,13-17,Female,2,Social Media,False,1,True,False,True,Insults; Defamation,False,None,Academic Decline; Anxiety,True,High,Unsure
S0005,Student,13-17,Female,6,Chatting,True,1,False,False,False,None,N/A,None,None,False,Low,Not Applicable
S0006,Student,13-17,Female,8,Gaming,True,4,True,True,False,None,N/A,None,None,False,Low,Not Applicable
S0007,Student,13-17,Female,5,Studying,True,4,True,False,False,None,N/A,None,None,True,High,Not Applicable
S0008,Student,13-17,Male,6,Gaming,True,1,False,False,False,None,N/A,None,None,False,Low,Not Applicable
S0009,Student,9-12,Male,2,Social Media,True,1,True,False,True,Insults; Defamation; Exclusion,True,Family,Insomnia,False,Low,Certain
S0010,Student,13-17,Female,4,Videos,True,2,False,False,True,Insults; Defamation,True,Friend,Insomnia,True,Medium,Certain
S0011,Student,13-17,Male,1,Social Media,True,1,False,False,True,Insults,False,None,None,True,High,Certain
S0012,Student,9-12,Male,1,Social Media,True,1,False,False,False,None,N/A,None,None,False,Medium,Not Applicable
S0013,Student,9-12,Male,2,Chatting,True,3,False,False,False,None,N/A,None,None,True,High,Not Applicable
S0014,Student,13-17,Female,5,Studying,True,1,True,False,True,Insults,False,None,Insomnia,True,Medium,Certain
S0015,Student,13-17,Female,3,Chatting,True,1,True,True,False,None,N/A,None,None,True,Medium,Not Applicable
S0016,Student,13-17,Female,4,Chatting,False,1,True,False,False,None,N/A,None,None,True,High,Not Applicable
S0017,Student,13-17,Male,5,Chatting,True,1,False,False,True,Insults,True,School Counselor,None,False,Low,Certain
S0018,Student,13-17,Female,1,Social Media,True,3,True,False,True,Insults; Sexual Harassment,True,Friend,Insomnia,False,Low,Certain
S0019,Student,9-12,Female,0,Videos,False,1,True,True,False,None,N/A,None,None,False,Medium,Not Applicable
S0020,Student,9-12,Female,4,Videos,True,1,True,True,True,Insults,False,None,Depression,True,High,Unsure
S0021,Student,9-12,Female,1,Social Media,True,1,False,False,False,None,N/A,None,None,True,High,Not Applicable
S0022,Student,13-17,Male,2,Social Media,True,1,True,False,False,None,N/A,None,None,True,Medium,Not Applicable
S0023,Student,13-17,Male,4,Gaming,True,1,True,True,False,None,N/A,None,None,False,Low,Not Applicable
S0024,Student,13-17,Male,8,Videos,True,1,True,False,True,Defamation,True,Friend,None,True,Medium,Unsure
S0025,Student,13-17,Male,4,Studying,True,1,False,False,False,None,N/A,None,None,True,High,Not Applicable
S0026,Student,13-17,Male,4,Chatting,True,1,True,False,True,Insults; Exclusion,False,None,None,False,Low,Certain
S0027,Student,13-17,Female,5,Videos,True,1,False,False,False,None,N/A,None,None,False,Low,Not Applicable
S0028,Student,13-17,Male,5,Chatting,True,1,True,True,False,None,N/A,None,None,True,High,Not Applicable
S0029,Student,13-17,Female,1,Social Media,True,1,True,True,False,None,N/A,None,None,True,High,Not Applicable
S0030,Student,9-12,Female,4,Studying,True,1,False,False,False,None,N/A,None,None,False,Medium,Not Applicable
S0031,Student,13-17,Female,4,Videos,False,2,True,False,False,None,N/A,None,None,False,Medium,Not Applicable
S0032,Student,13-17,Male,4,Chatting,True,1,False,False,False,None,N/A,None,None,False,Medium,Not Applicable
S0033,Student,9-12,Male,0,Social Media,True,3,True,True,True,Insults; Defamation; Threats,True,Family,Depression,False,Low,Certain
S0034,Student,13-17,Male,1,Videos,True,1,False,False,False,None,N/A,None,None,True,High,Not Applicable
S0035,Student,13-17,Female,1,Videos,True,4,True,True,False,None,N/A,None,None,False,Low,Not Applicable
S0036,Student,13-17,Male,1,Studying,True,3,True,True,True,Insults; Threats,True,Friend,None,False,Low,Unsure
S0037,Student,9-12,Female,1,Studying,True,1,False,False,False,None,N/A,None,None,False,Low,Not Applicable
S0038,Student,13-17,Female,1,Chatting,True,1,False,False,False,None,N/A,None,None,False,Medium,Not Applicable
S0039,Student,13-17,Female,8,Studying,True,1,True,False,True,Insults,True,School Counselor,None,True,High,Certain
S0040,Student,13-17,Female,4,Videos,True,3,True,True,True,Insults,True,Family,Insomnia,True,Medium,Unsure
S0041,Student,13-17,Female,2,Gaming,True,1,False,False,True,Insults; Defamation,True,Family,Insomnia; Anxiety,True,High,Certain
S0042,Student,13-17,Male,7,Studying,True,1,True,True,True,Exclusion,False,None,Insomnia; Academic Decline,True,Medium,Unsure
S0043,Student,13-17,Female,8,Social Media,False,1,True,False,True,None,False,None,None,True,Medium,Unsure
S0044,Student,9-12,Male,1,Gaming,False,4,True,True,True,Insults,True,Family,Insomnia; Academic Decline,True,High,Certain
S0045,Student,13-17,Female,1,Studying,True,3,True,False,False,None,N/A,None,None,False,Low,Not Applicable
S0046,Student,13-17,Female,5,Social Media,True,1,False,False,True,None,False,None,Anxiety,False,Low,Unsure
S0047,Student,13-17,Male,8,Chatting,True,1,False,False,True,Insults; Defamation; Threats,False,None,Anxiety,True,Medium,Certain
S0048,Student,13-17,Female,8,Studying,True,1,True,False,False,None,N/A,None,None,False,Low,Not Applicable
S0049,Student,13-17,Female,5,Gaming,True,1,True,False,True,None,False,None,Insomnia,False,Low,Unsure
S0050,Student,9-12,Male,0,Chatting,True,4,False,False,False,None,N/A,None,None,True,High,Not Applicable
S0051,Student,9-12,Male,3,Social Media,True,1,True,True,False,None,N/A,None,None,True,High,Not Applicable
S0052,Student,9-12,Male,1,Social Media,True,1,True,False,False,None,N/A,None,None,True,High,Not Applicable
S0053,Student,13-17,Male,7,Social Media,True,4,True,True,False,None,N/A,None,None,True,High,Not Applicable
S0054,Student,13-17,Female,1,Gaming,True,1,True,False,True,Insults; Exclusion,False,None,Academic Decline; Loss of Appetite,True,Medium,Certain
S0055,Student,13-17,Male,6,Videos,True,1,True,False,False,None,N/A,None,None,False,Low,Not Applicable
S0056,Student,13-17,Male,4,Social Media,False,3,True,False,True,Insults; Defamation; Exclusion,True,Friend,None,True,Medium,Certain
S0057,Student,13-17,Male,7,Gaming,False,1,True,False,True,Threats,False,None,Academic Decline; Depression,True,High,Certain
S0058,Student,13-17,Female,1,Studying,True,1,False,False,True,Insults; Defamation,False,None,Academic Decline,False,Medium,Unsure
S0059,Student,13-17,Female,2,Videos,True,2,False,False,False,None,N/A,None,None,False,Low,Not Applicable
S0060,Student,13-17,Female,5,Social Media,True,4,False,False,False,None,N/A,None,None,True,High,Not Applicable
S0061,Student,13-17,Female,4,Chatting,True,1,True,True,False,None,N/A,None,None,False,Low,Not Applicable
S0062,Student,9-12,Male,4,Gaming,False,3,False,False,False,None,N/A,None,None,True,Medium,Not Applicable
S0063,Student,13-17,Male,3,Videos,True,1,True,False,True,Exclusion,True,Family,Depression,True,High,Unsure
S0064,Student,13-17,Male,5,Chatting,True,1,True,False,False,None,N/A,None,None,False,Low,Not Applicable
S0065,Student,13-17,Male,4,Videos,True,1,True,True,False,None,N/A,None,None,True,High,Not Applicable
S0066,Student,13-17,Female,1,Studying,False,1,False,False,True,Defamation,False,None,None,True,Medium,Unsure
S0067,Student,13-17,Male,4,Chatting,False,4,True,False,True,Exclusion,False,None,Depression,False,Low,Certain
S0068,Student,9-12,Female,1,Studying,True,1,True,False,False,None,N/A,None,None,False,Low,Not Applicable
S0069,Student,9-12,Female,1,Gaming,True,2,False,False,False,None,N/A,None,None,False,Medium,Not Applicable
S0070,Student,13-17,Female,4,Gaming,False,1,False,False,False,None,N/A,None,None,False,Medium,Not Applicable
S0071,Student,13-17,Female,8,Studying,True,1,True,False,False,None,N/A,None,None,True,High,Not Applicable
S0072,Student,13-17,Male,4,Studying,True,1,False,False,False,None,N/A,None,None,False,Medium,Not Applicable
S0073,Student,9-12,Female,1,Chatting,False,4,False,False,True,Exclusion,True,Teacher,Insomnia; Depression,True,Medium,Unsure
S0074,Student,13-17,Male,3,Studying,True,1,False,False,True,None,False,None,Insomnia; Anxiety,False,Medium,Certain
S0075,Student,13-17,Male,5,Videos,True,1,True,True,True,Defamation; Sexual Harassment,True,Friend,None,False,Medium,Unsure
S0076,Student,13-17,Male,4,Social Media,True,1,False,False,False,None,N/A,None,None,False,Low,Not Applicable
S0077,Student,13-17,Female,5,Videos,True,1,False,False,False,None,N/A,None,None,False,Low,Not Applicable
S0078,Student,9-12,Female,4,Gaming,True,1,False,False,True,Insults,True,Friend,None,True,Medium,Certain
S0079,Student,9-12,Male,1,Chatting,True,3,True,False,True,Threats,True,School Counselor,Insomnia; Academic Decline; Anxiety,True,High,Certain
S0080,Student,9-12,Female,1,Chatting,True,3,True,True,False,None,N/A,None,None,False,Low,Not Applicable
S0081,Student,9-12,Female,3,Videos,True,3,False,False,False,None,N/A,None,None,True,Medium,Not Applicable
S0082,Student,13-17,Male,2,Gaming,True,1,True,False,False,None,N/A,None,None,False,Medium,Not Applicable
S0083,Student,9-12,Female,1,Social Media,True,1,True,False,False,None,N/A,None,None,True,High,Not Applicable
S0084,Student,13-17,Female,5,Gaming,True,1,False,False,False,None,N/A,None,None,True,High,Not Applicable
S0085,Student,9-12,Female,3,Social Media,True,1,True,False,False,None,N/A,None,None,False,Low,Not Applicable
S0086,Student,13-17,Male,4,Social Media,True,1,False,False,False,None,N/A,None,None,False,Low,Not Applicable
S0087,Student,13-17,Female,6,Videos,True,1,True,False,True,None,True,Family,Insomnia,False,Medium,Unsure
S0088,Student,13-17,Female,3,Chatting,True,2,True,True,False,None,N/A,None,None,True,Medium,Not Applicable
S0089,Student,13-17,Female,1,Videos,True,1,False,False,True,Insults; Defamation,False,None,None,True,Medium,Unsure
S0090,Student,9-12,Female,3,Videos,False,2,False,False,False,None,N/A,None,None,True,Medium,Not Applicable
S0091,Student,13-17,Female,2,Videos,True,1,True,False,False,None,N/A,None,None,True,Medium,Not Applicable
S0092,Student,9-12,Female,1,Studying,True,1,True,True,False,None,N/A,None,None,True,High,Not Applicable
S0093,Student,13-17,Male,2,Studying,True,1,True,True,False,None,N/A,None,None,False,Low,Not Applicable
S0094,Student,9-12,Male,1,Chatting,True,1,False,False,True,Defamation,False,None,None,False,Low,Certain
S0095,Student,13-17,Male,4,Videos,True,1,True,False,True,Insults; Defamation,False,None,None,False,Low,Unsure
S0096,Student,13-17,Female,8,Social Media,True,1,True,False,False,None,N/A,None,None,False,Low,Not Applicable
S0097,Student,13-17,Male,4,Social Media,False,2,True,True,True,None,False,None,Insomnia,False,Medium,Certain
S0098,Student,13-17,Female,4,Studying,True,1,True,True,False,None,N/A,None,None,True,High,Not Applicable
S0099,Student,13-17,Male,2,Videos,True,2,False,False,True,Insults,True,School Counselor,Anxiety,True,Medium,Unsure
S0100,Student,9-12,Male,1,Chatting,True,4,False,False,False,None,N/A,None,None,True,Medium,Not Applicable
S0101,Student,13-17,Female,6,Videos,True,1,True,False,True,Insults,False,None,Insomnia,True,High,Unsure
S0102,Student,13-17,Female,3,Videos,True,1,False,False,True,Insults; Defamation; Exclusion,False,None,Anxiety,False,Low,Unsure
S0103,Student,13-17,Female,4,Chatting,True,1,True,True,True,Defamation,False,None,Insomnia; Academic Decline,False,Medium,Unsure
S0104,Student,9-12,Female,1,Videos,True,2,True,True,False,None,N/A,None,None,False,Low,Not Applicable
S0105,Student,13-17,Female,1,Social Media,True,1,True,False,True,None,True,Family,Insomnia; Academic Decline,False,Low,Unsure
S0106,Student,9-12,Male,4,Videos,True,1,False,False,False,None,N/A,None,None,True,High,Not Applicable
S0107,Student,9-12,Female,1,Social Media,True,1,True,True,False,None,N/A,None,None,True,Medium,Not Applicable
S0108,Student,13-17,Female,8,Gaming,True,3,False,False,True,Exclusion; Threats,True,Teacher,Insomnia,True,Medium,Unsure
S0109,Student,13-17,Female,8,Social Media,True,1,True,False,True,Insults; Defamation,True,Friend,Insomnia; Depression,True,High,Unsure
S0110,Student,9-12,Female,1,Social Media,True,1,True,True,True,Defamation,False,None,Anxiety,False,Low,Certain
S0111,Student,9-12,Female,0,Videos,True,1,True,True,True,Threats,False,None,Academic Decline; Depression,False,Medium,Unsure
S0112,Student,13-17,Female,7,Gaming,False,1,False,False,True,Insults; Threats,True,School Counselor,None,True,High,Unsure
S0113,Student,9-12,Female,0,Studying,True,4,False,False,False,None,N/A,None,None,False,Low,Not Applicable
S0114,Student,13-17,Male,4,Studying,True,1,True,True,False,None,N/A,None,None,False,Medium,Not Applicable
S0115,Student,9-12,Female,1,Gaming,True,4,False,False,False,None,N/A,None,None,True,High,Not Applicable
S0116,Student,9-12,Male,1,Social Media,True,3,False,False,False,None,N/A,None,None,True,Medium,Not Applicable
S0117,Student,9-12,Male,2,Gaming,True,1,True,False,False,None,N/A,None,None,False,Medium,Not Applicable
S0118,Student,9-12,Female,1,Videos,True,1,True,True,False,None,N/A,None,None,False,Medium,Not Applicable
S0119,Student,13-17,Male,5,Videos,True,1,True,True,False,None,N/A,None,None,False,Medium,Not Applicable
S0120,Student,13-17,Female,2,Chatting,False,1,True,True,True,None,False,None,Loss of Appetite,False,Low,Certain
S0121,Student,9-12,Male,2,Gaming,True,1,False,False,False,None,N/A,None,None,False,Low,Not Applicable
S0122,Student,13-17,Female,1,Gaming,True,1,False,False,False,None,N/A,None,None,False,Low,Not Applicable
S0123,Student,13-17,Female,4,Studying,True,4,False,False,False,None,N/A,None,None,True,High,Not Applicable
S0124,Student,13-17,Male,3,Social Media,True,1,True,True,True,Insults; Defamation; Exclusion,False,None,Insomnia,False,Medium,Certain
S0125,Student,13-17,Female,7,Studying,False,1,True,True,True,Insults; Defamation; Sexual Harassment,True,Friend,Insomnia; Academic Decline,True,Medium,Unsure
S0126,Student,13-17,Female,7,Gaming,True,1,True,False,True,Insults; Exclusion,False,None,Academic Decline,False,Medium,Certain
S0127,Student,9-12,Male,1,Videos,True,1,True,True,True,Insults,True,Friend,None,True,Medium,Unsure
S0128,Student,9-12,Male,1,Studying,True,1,False,False,True,Defamation,False,None,None,False,Medium,Unsure
S0129,Student,13-17,Female,8,Chatting,True,1,True,False,True,Insults; Defamation,True,Teacher,None,True,Medium,Certain
S0130,Student,9-12,Female,3,Studying,True,1,False,False,True,None,True,Family,Insomnia,False,Low,Certain
S0131,Student,9-12,Male,1,Videos,False,1,False,False,True,Defamation; Exclusion; Threats,False,None,Anxiety,True,High,Unsure
S0132,Student,13-17,Female,1,Gaming,False,1,True,True,False,None,N/A,None,None,False,Low,Not Applicable
S0133,Student,9-12,Female,1,Videos,True,1,False,False,True,Defamation,False,None,Academic Decline; Depression,True,Medium,Unsure
S0134,Student,9-12,Male,4,Gaming,True,1,True,True,True,Insults,False,None,None,False,Medium,Unsure
S0135,Student,13-17,Male,3,Gaming,False,2,True,False,False,None,N/A,None,None,True,Medium,Not Applicable
S0136,Student,13-17,Male,3,Chatting,True,1,False,False,False,None,N/A,None,None,False,Low,Not Applicable
S0137,Student,13-17,Female,8,Videos,True,2,True,False,True,Insults; Defamation; Sexual Harassment,False,None,None,True,High,Certain
S0138,Student,9-12,Female,2,Studying,True,1,True,True,False,None,N/A,None,None,False,Low,Not Applicable
S0139,Student,9-12,Male,4,Chatting,True,1,True,False,False,None,N/A,None,None,True,High,Not Applicable
S0140,Student,13-17,Female,3,Social Media,True,1,False,False,True,Insults,True,Family,Depression,True,Medium,Unsure
S0141,Student,13-17,Female,6,Gaming,True,1,True,False,False,None,N/A,None,None,True,Medium,Not Applicable
S0142,Student,9-12,Female,1,Videos,True,1,True,False,False,None,N/A,None,None,True,High,Not Applicable
S0143,Student,13-17,Female,3,Chatting,True,1,True,False,False,None,N/A,None,None,True,Medium,Not Applicable
S0144,Student,13-17,Female,1,Videos,True,2,False,False,False,None,N/A,None,None,False,Low,Not Applicable
S0145,Student,9-12,Male,0,Social Media,True,3,False,False,False,None,N/A,None,None,True,High,Not Applicable
S0146,Student,13-17,Male,5,Gaming,True,1,False,False,False,None,N/A,None,None,True,High,Not Applicable
S0147,Student,13-17,Female,4,Chatting,True,3,True,False,True,Insults; Defamation; Exclusion,True,Family,None,False,Medium,Unsure
S0148,Student,13-17,Female,4,Videos,True,1,True,True,True,Insults; Exclusion; Sexual Harassment,True,Friend,None,True,Medium,Certain
S0149,Student,13-17,Female,5,Social Media,True,1,False,False,False,None,N/A,None,None,True,Medium,Not Applicable
S0150,Student,13-17,Female,7,Chatting,True,3,True,True,True,Defamation; Exclusion; Threats,True,Friend,Insomnia; Academic Decline; Anxiety,True,Medium,Unsure
S0151,Student,13-17,Male,1,Videos,True,1,True,True,True,Insults; Defamation,False,None,Loss of Appetite,True,Medium,Unsure
S0152,Student,13-17,Male,8,Gaming,True,1,True,False,False,None,N/A,None,None,True,Medium,Not Applicable
S0153,Student,13-17,Male,8,Social Media,True,1,False,False,True,Insults; Sexual Harassment,False,None,Academic Decline; Loss of Appetite,False,Low,Certain
S0154,Student,9-12,Male,3,Studying,True,1,False,False,False,None,N/A,None,None,False,Low,Not Applicable
S0155,Student,13-17,Male,3,Studying,True,1,True,False,True,Defamation; Exclusion,True,Teacher,None,True,Medium,Certain
S0156,Student,9-12,Male,4,Videos,True,1,True,True,False,None,N/A,None,None,True,High,Not Applicable
S0157,Student,9-12,Male,2,Gaming,True,1,False,False,True,None,False,None,Academic Decline; Anxiety,True,Medium,Unsure
S0158,Student,13-17,Male,4,Studying,True,3,True,True,True,Exclusion; Threats,True,School Counselor,None,True,High,Unsure
S0159,Student,9-12,Male,1,Videos,True,1,True,False,False,None,N/A,None,None,True,Medium,Not Applicable
S0160,Student,13-17,Female,2,Studying,True,1,False,False,False,None,N/A,None,None,False,Medium,Not Applicable
S0161,Student,13-17,Female,5,Studying,True,1,True,True,True,Insults,False,None,Anxiety,False,Medium,Certain
S0162,Student,13-17,Male,3,Videos,True,1,False,False,False,None,N/A,None,None,True,High,Not Applicable
S0163,Student,13-17,Female,4,Studying,True,4,False,False,False,None,N/A,None,None,False,Low,Not Applicable
S0164,Student,13-17,Female,6,Gaming,True,2,True,True,False,None,N/A,None,None,False,Medium,Not Applicable
S0165,Student,13-17,Male,4,Videos,True,1,False,False,True,None,False,None,Insomnia; Academic Decline,False,Low,Certain
S0166,Student,9-12,Male,3,Videos,True,3,False,False,True,Defamation,False,None,Academic Decline,True,High,Unsure
S0167,Student,13-17,Female,4,Social Media,True,3,False,False,False,None,N/A,None,None,True,High,Not Applicable
S0168,Student,13-17,Female,8,Chatting,True,1,True,True,True,Insults; Sexual Harassment,False,None,None,True,High,Certain
S0169,Student,13-17,Female,7,Studying,True,1,True,False,False,None,N/A,None,None,False,Low,Not Applicable
S0170,Student,13-17,Female,3,Studying,True,1,True,True,False,None,N/A,None,None,False,Low,Not Applicable
S0171,Student,9-12,Male,2,Social Media,True,3,True,True,True,Defamation; Exclusion,False,None,Insomnia; Anxiety,False,Low,Certain
S0172,Student,13-17,Female,8,Social Media,True,1,True,False,False,None,N/A,None,None,True,Medium,Not Applicable
S0173,Student,13-17,Female,4,Gaming,False,1,True,True,False,None,N/A,None,None,True,Medium,Not Applicable
S0174,Student,9-12,Female,1,Videos,False,1,True,False,False,None,N/A,None,None,True,Medium,Not Applicable
S0175,Student,13-17,Female,6,Chatting,True,1,False,False,True,Insults; Defamation,False,None,Insomnia; Loss of Appetite,True,High,Unsure
S0176,Student,13-17,Female,2,Gaming,False,1,True,False,False,None,N/A,None,None,True,Medium,Not Applicable
S0177,Student,13-17,Male,2,Chatting,True,2,True,False,True,Insults; Exclusion,True,Friend,Academic Decline,False,Low,Unsure
S0178,Student,13-17,Male,5,Videos,True,1,True,False,True,Insults; Defamation,True,School Counselor,Insomnia; Anxiety,True,Medium,Certain
S0179,Student,13-17,Male,4,Chatting,True,4,False,False,True,Insults; Threats,False,None,Insomnia; Academic Decline; Depression,True,Medium,Unsure
S0180,Student,13-17,Male,3,Studying,True,2,True,True,True,Insults,False,None,Insomnia; Loss of Appetite,True,Medium,Certain
S0181,Student,13-17,Female,7,Social Media,True,2,True,False,True,Insults,True,Family,Insomnia; Academic Decline; Loss of Appetite,True,High,Unsure
S0182,Student,13-17,Male,3,Chatting,True,1,False,False,True,Insults; Defamation,True,School Counselor,Insomnia; Loss of Appetite,False,Low,Certain
S0183,Student,13-17,Male,8,Gaming,True,3,True,True,True,Defamation,False,None,Academic Decline,False,Medium,Certain
S0184,Student,9-12,Male,3,Videos,True,1,True,False,False,None,N/A,None,None,True,High,Not Applicable
S0185,Student,13-17,Female,8,Gaming,True,1,False,False,False,None,N/A,None,None,False,Low,Not Applicable
S0186,Student,9-12,Female,0,Videos,True,1,False,False,True,Insults; Exclusion,False,None,Academic Decline,True,High,Unsure
S0187,Student,13-17,Female,5,Studying,True,2,False,False,True,Insults; Threats,False,None,None,False,Low,Unsure
S0188,Student,9-12,Female,1,Studying,True,4,False,False,True,Insults,True,School Counselor,None,False,Low,Unsure
S0189,Student,13-17,Female,2,Gaming,True,2,True,True,True,Defamation,True,School Counselor,Insomnia; Anxiety,True,High,Unsure
S0190,Student,9-12,Female,1,Studying,True,1,False,False,True,None,False,None,Academic Decline,False,Medium,Unsure
S0191,Student,13-17,Male,1,Social Media,True,1,False,False,False,None,N/A,None,None,True,High,Not Applicable
S0192,Student,13-17,Male,4,Social Media,True,4,True,False,True,Insults; Defamation,True,School Counselor,Insomnia; Academic Decline; Anxiety,False,Medium,Certain
S0193,Student,13-17,Male,3,Videos,True,1,False,False,True,Defamation,True,School Counselor,None,True,Medium,Unsure
S0194,Student,9-12,Female,0,Videos,True,3,False,False,False,None,N/A,None,None,True,Medium,Not Applicable
S0195,Student,13-17,Female,1,Videos,True,1,True,False,True,None,False,None,None,False,Low,Unsure
S0196,Student,9-12,Female,3,Gaming,True,1,False,False,False,None,N/A,None,None,True,High,Not Applicable
S0197,Student,13-17,Male,3,Studying,True,1,True,False,False,None,N/A,None,None,False,Medium,Not Applicable
S0198,Student,13-17,Female,5,Chatting,True,1,False,False,True,Insults; Defamation; Exclusion,True,Teacher,Academic Decline,False,Low,Unsure
S0199,Student,13-17,Female,4,Videos,True,1,False,False,True,Insults; Defamation,True,Friend,Academic Decline,False,Low,Certain
S0200,Student,13-17,Female,2,Videos,True,3,True,True,True,Insults; Sexual Harassment,True,Friend,Anxiety,True,Medium,Certain
S0201,Student,13-17,Male,3,Studying,True,4,False,False,False,None,N/A,None,None,True,High,Not Applicable
S0202,Student,13-17,Female,6,Videos,True,1,True,False,True,Insults,True,Teacher,None,False,Medium,Unsure
S0203,Student,13-17,Male,4,Gaming,False,1,True,True,True,Defamation,False,None,Depression; Anxiety,True,High,Unsure
S0204,Student,9-12,Female,2,Social Media,True,1,True,False,False,None,N/A,None,None,True,High,Not Applicable
S0205,Student,13-17,Male,6,Chatting,True,4,False,False,True,None,True,Family,None,True,Medium,Certain
S0206,Student,9-12,Female,1,Social Media,True,1,False,False,False,None,N/A,None,None,False,Low,Not Applicable
S0207,Student,13-17,Male,3,Gaming,True,1,True,True,False,None,N/A,None,None,False,Low,Not Applicable
S0208,Student,13-17,Female,6,Videos,False,1,False,False,False,None,N/A,None,None,False,Medium,Not Applicable
S0209,Student,13-17,Male,2,Gaming,True,1,False,False,False,None,N/A,None,None,False,Medium,Not Applicable
S0210,Student,9-12,Male,3,Social Media,True,1,True,False,True,Defamation; Exclusion,True,School Counselor,None,False,Medium,Certain
S0211,Student,13-17,Male,7,Videos,True,4,False,False,False,None,N/A,None,None,True,High,Not Applicable
S0212,Student,13-17,Male,4,Gaming,True,2,False,False,False,None,N/A,None,None,True,High,Not Applicable
S0213,Student,13-17,Female,8,Social Media,True,1,False,False,True,Insults; Defamation; Exclusion,True,Friend,Insomnia,True,Medium,Unsure
S0214,Student,13-17,Female,7,Studying,True,1,False,False,True,Insults; Exclusion,True,Teacher,Insomnia,False,Low,Unsure
S0215,Student,9-12,Female,3,Chatting,True,1,True,False,True,Insults; Defamation,False,None,Academic Decline; Depression; Anxiety,False,Low,Unsure
S0216,Student,13-17,Female,4,Social Media,True,1,True,False,True,Defamation,False,None,None,False,Low,Certain
S0217,Student,9-12,Female,0,Gaming,True,3,False,False,False,None,N/A,None,None,False,Low,Not Applicable
S0218,Student,13-17,Male,5,Gaming,True,1,False,False,False,None,N/A,None,None,True,Medium,Not Applicable
S0219,Student,13-17,Female,5,Social Media,True,2,False,False,False,None,N/A,None,None,True,Medium,Not Applicable
S0220,Student,13-17,Female,8,Chatting,True,4,True,True,True,Insults,True,Friend,None,False,Low,Certain
S0221,Student,13-17,Female,3,Social Media,True,1,False,False,True,Defamation,False,None,Academic Decline,False,Medium,Certain
S0222,Student,13-17,Male,6,Gaming,True,1,True,False,False,None,N/A,None,None,False,Low,Not Applicable
S0223,Student,13-17,Female,3,Chatting,True,1,True,True,True,Insults,True,Friend,None,False,Medium,Certain
S0224,Student,13-17,Male,2,Social Media,True,4,False,False,True,None,True,Teacher,Insomnia; Academic Decline,True,Medium,Unsure
S0225,Student,9-12,Female,1,Studying,True,4,False,False,True,Insults; Defamation,True,Teacher,None,True,Medium,Unsure
S0226,Student,13-17,Female,2,Videos,True,1,True,False,True,Insults; Defamation; Exclusion; Threats,False,None,None,False,Low,Certain
S0227,Student,13-17,Female,6,Videos,True,2,True,True,False,None,N/A,None,None,True,High,Not Applicable
S0228,Student,13-17,Male,3,Gaming,True,3,False,False,False,None,N/A,None,None,False,Medium,Not Applicable
S0229,Student,13-17,Male,5,Videos,True,4,True,False,True,Insults,False,None,None,True,Medium,Unsure
S0230,Student,13-17,Female,3,Videos,True,1,False,False,True,Insults; Defamation; Threats,False,None,None,True,High,Certain
S0231,Student,9-12,Female,3,Gaming,True,1,False,False,True,Exclusion,True,Teacher,Insomnia; Academic Decline,False,Medium,Unsure
S0232,Student,9-12,Female,0,Videos,True,1,False,False,True,Insults,False,None,Insomnia,True,Medium,Certain
S0233,Student,13-17,Female,3,Videos,True,3,True,True,False,None,N/A,None,None,False,Low,Not Applicable
S0234,Student,9-12,Male,2,Social Media,True,1,False,False,False,None,N/A,None,None,False,Low,Not Applicable
S0235,Student,13-17,Female,6,Chatting,True,1,True,False,True,Threats,True,Teacher,None,True,Medium,Unsure
S0236,Student,13-17,Male,5,Chatting,True,3,True,True,False,None,N/A,None,None,False,Low,Not Applicable
S0237,Student,9-12,Female,1,Studying,False,2,True,False,False,None,N/A,None,None,False,Low,Not Applicable
S0238,Student,9-12,Female,0,Social Media,False,1,True,False,True,Defamation; Threats,True,Friend,Insomnia; Academic Decline; Loss of Appetite,True,Medium,Unsure
S0239,Student,13-17,Male,5,Videos,True,1,False,False,True,Exclusion,False,None,None,True,Medium,Unsure
S0240,Student,13-17,Male,8,Social Media,True,1,True,True,True,Insults,True,School Counselor,Depression; Anxiety,True,High,Certain
S0241,Student,13-17,Male,1,Videos,True,2,False,False,True,Insults,True,Teacher,Loss of Appetite,False,Medium,Certain
S0242,Student,13-17,Female,5,Studying,True,1,True,True,True,Defamation; Exclusion,False,None,Insomnia; Academic Decline; Anxiety; Loss of Appetite,True,Medium,Unsure
S0243,Student,13-17,Male,8,Videos,True,1,True,False,True,Insults; Sexual Harassment,True,Friend,None,False,Low,Certain
S0244,Student,13-17,Male,4,Videos,True,1,True,False,True,Exclusion,False,None,None,False,Low,Unsure
S0245,Student,13-17,Female,1,Gaming,True,3,False,False,False,None,N/A,None,None,False,Medium,Not Applicable
S0246,Student,9-12,Male,0,Social Media,True,4,False,False,False,None,N/A,None,None,True,High,Not Applicable
S0247,Student,9-12,Female,2,Videos,False,1,True,True,False,None,N/A,None,None,True,High,Not Applicable
S0248,Student,13-17,Female,4,Social Media,True,4,False,False,True,Insults,True,Teacher,None,True,Medium,Unsure
S0249,Student,13-17,Male,1,Social Media,True,1,True,False,False,None,N/A,None,None,False,Low,Not Applicable
S0250,Student,13-17,Male,7,Studying,True,4,True,False,True,Insults; Defamation,False,None,Academic Decline,True,Medium,Unsure
S0251,Student,13-17,Male,6,Videos,False,1,False,False,True,None,False,None,Insomnia,True,Medium,Certain
S0252,Student,9-12,Female,3,Chatting,True,4,True,True,True,Insults; Defamation; Exclusion,False,None,Depression,True,Medium,Unsure
S0253,Student,13-17,Male,2,Chatting,True,1,False,False,False,None,N/A,None,None,True,Medium,Not Applicable
S0254,Student,9-12,Female,0,Social Media,True,2,True,True,True,Insults; Defamation,False,None,Academic Decline; Depression,False,Low,Certain
S0255,Student,13-17,Female,4,Social Media,True,3,False,False,False,None,N/A,None,None,False,Medium,Not Applicable
S0256,Student,13-17,Female,3,Studying,True,1,True,True,False,None,N/A,None,None,False,Low,Not Applicable
S0257,Student,13-17,Female,2,Gaming,True,1,True,True,False,None,N/A,None,None,True,Medium,Not Applicable
S0258,Student,13-17,Female,6,Gaming,True,1,False,False,False,None,N/A,None,None,True,High,Not Applicable
S0259,Student,13-17,Male,8,Studying,True,1,False,False,False,None,N/A,None,None,True,Medium,Not Applicable
S0260,Student,13-17,Female,6,Chatting,True,2,False,False,False,None,N/A,None,None,False,Medium,Not Applicable
S0261,Student,13-17,Female,6,Gaming,True,4,True,True,True,Insults; Defamation; Threats,True,Family,None,True,High,Unsure
S0262,Student,9-12,Female,1,Social Media,True,1,False,False,True,Insults; Defamation; Exclusion; Threats,False,None,Insomnia,True,High,Unsure
S0263,Student,9-12,Male,4,Gaming,True,1,True,False,False,None,N/A,None,None,True,High,Not Applicable
S0264,Student,9-12,Male,4,Videos,True,3,False,False,True,Insults; Defamation,True,Teacher,None,False,Medium,Unsure
S0265,Student,13-17,Male,6,Studying,True,4,True,False,True,Insults,False,None,Depression,True,High,Certain
S0266,Student,13-17,Male,1,Gaming,True,1,True,True,False,None,N/A,None,None,False,Medium,Not Applicable
S0267,Student,13-17,Male,2,Gaming,True,4,False,False,False,None,N/A,None,None,True,High,Not Applicable
S0268,Student,13-17,Female,8,Videos,True,3,True,False,False,None,N/A,None,None,True,Medium,Not Applicable
S0269,Student,13-17,Male,8,Gaming,True,1,True,False,True,None,True,Family,Academic Decline,False,Low,Unsure
S0270,Student,9-12,Female,4,Social Media,True,1,True,False,False,None,N/A,None,None,True,High,Not Applicable
S0271,Student,9-12,Female,2,Chatting,True,2,False,False,True,None,True,Teacher,None,False,Medium,Certain
S0272,Student,9-12,Female,3,Chatting,True,2,True,False,False,None,N/A,None,None,False,Medium,Not Applicable
S0273,Student,13-17,Male,7,Videos,False,4,False,False,True,Insults; Defamation; Exclusion,True,School Counselor,Insomnia,False,Medium,Unsure
S0274,Student,9-12,Female,2,Social Media,True,4,False,False,True,Defamation; Threats,True,School Counselor,Academic Decline,False,Low,Certain
S0275,Student,9-12,Male,2,Videos,True,3,False,False,False,None,N/A,None,None,True,Medium,Not Applicable
S0276,Student,9-12,Female,3,Studying,True,1,True,False,False,None,N/A,None,None,True,Medium,Not Applicable
S0277,Student,13-17,Female,3,Social Media,True,1,True,False,False,None,N/A,None,None,True,High,Not Applicable
S0278,Student,13-17,Female,1,Chatting,True,1,True,False,True,Threats,False,None,None,True,Medium,Unsure
S0279,Student,9-12,Female,0,Gaming,True,1,True,False,False,None,N/A,None,None,False,Low,Not Applicable
S0280,Student,9-12,Female,2,Chatting,True,4,False,False,False,None,N/A,None,None,False,Medium,Not Applicable
S0281,Student,13-17,Female,4,Videos,True,1,False,False,False,None,N/A,None,None,False,Low,Not Applicable
S0282,Student,9-12,Female,4,Videos,True,1,True,False,True,Insults; Defamation,False,None,Insomnia,False,Low,Certain
S0283,Student,13-17,Female,4,Social Media,True,4,False,False,False,None,N/A,None,None,True,Medium,Not Applicable
S0284,Student,13-17,Female,5,Studying,True,1,True,False,False,None,N/A,None,None,False,Low,Not Applicable
S0285,Student,13-17,Male,2,Studying,True,4,True,False,False,None,N/A,None,None,True,High,Not Applicable
S0286,Student,13-17,Female,1,Videos,True,1,True,False,True,Insults; Exclusion,True,School Counselor,Insomnia; Academic Decline,True,Medium,Certain
S0287,Student,13-17,Male,1,Studying,True,3,False,False,False,None,N/A,None,None,False,Low,Not Applicable
S0288,Student,9-12,Female,2,Videos,True,1,True,True,False,None,N/A,None,None,False,Medium,Not Applicable
S0289,Student,13-17,Female,7,Chatting,True,1,True,False,False,None,N/A,None,None,False,Low,Not Applicable
S0290,Student,13-17,Male,4,Gaming,True,2,True,False,False,None,N/A,None,None,False,Medium,Not Applicable
S0291,Student,13-17,Female,8,Chatting,True,4,True,False,False,None,N/A,None,None,False,Low,Not Applicable
S0292,Student,9-12,Male,2,Chatting,True,1,True,True,False,None,N/A,None,None,False,Low,Not Applicable
S0293,Student,13-17,Female,2,Studying,False,1,True,False,False,None,N/A,None,None,False,Low,Not Applicable
S0294,Student,13-17,Male,4,Studying,False,1,True,False,False,None,N/A,None,None,False,Low,Not Applicable
S0295,Student,13-17,Female,5,Studying,True,1,True,True,True,Insults,True,Family,Insomnia; Academic Decline; Anxiety,True,High,Unsure
S0296,Student,13-17,Female,5,Studying,True,1,False,False,False,None,N/A,None,None,False,Medium,Not Applicable
S0297,Student,9-12,Male,1,Chatting,True,4,False,False,False,None,N/A,None,None,False,Medium,Not Applicable
S0298,Student,9-12,Female,3,Studying,False,1,True,False,False,None,N/A,None,None,False,Low,Not Applicable
S0299,Student,13-17,Male,1,Gaming,True,1,True,False,False,None,N/A,None,None,False,Low,Not Applicable
S0300,Student,13-17,Male,4,Chatting,True,1,True,False,True,Defamation,True,Friend,Insomnia; Depression,False,Medium,Certain
S0301,Student,13-17,Male,4,Studying,True,1,True,True,True,Insults; Defamation; Exclusion,False,None,None,False,Low,Unsure
S0302,Student,9-12,Female,1,Videos,True,1,False,False,False,None,N/A,None,None,False,Medium,Not Applicable
S0303,Student,13-17,Male,6,Studying,True,1,True,True,True,Insults,False,None,Insomnia; Academic Decline; Loss of Appetite,False,Low,Unsure
S0304,Student,13-17,Male,7,Studying,True,1,False,False,False,None,N/A,None,None,False,Low,Not Applicable
S0305,Student,13-17,Male,6,Gaming,True,1,True,False,True,Insults; Defamation,True,Friend,Anxiety; Loss of Appetite,False,Low,Unsure
S0306,Student,13-17,Male,2,Social Media,True,3,True,False,True,Insults,True,Teacher,None,True,High,Certain
S0307,Student,9-12,Male,2,Chatting,True,1,True,True,False,None,N/A,None,None,False,Medium,Not Applicable
S0308,Student,13-17,Female,5,Videos,True,1,True,True,True,Insults,False,None,Academic Decline,False,Medium,Unsure
S0309,Student,13-17,Female,4,Videos,True,4,True,False,False,None,N/A,None,None,False,Medium,Not Applicable
S0310,Student,9-12,Male,2,Social Media,True,1,False,False,False,None,N/A,None,None,True,Medium,Not Applicable
S0311,Student,13-17,Male,8,Videos,True,1,True,True,False,None,N/A,None,None,False,Low,Not Applicable
S0312,Student,13-17,Female,4,Videos,True,3,False,False,False,None,N/A,None,None,True,High,Not Applicable
S0313,Student,9-12,Male,3,Gaming,True,1,True,False,True,Insults; Defamation,True,School Counselor,Anxiety,True,High,Certain
S0314,Student,13-17,Female,4,Videos,True,1,False,False,False,None,N/A,None,None,True,High,Not Applicable
S0315,Student,9-12,Female,2,Gaming,True,1,False,False,True,Insults; Defamation; Exclusion,False,None,None,False,Low,Unsure
S0316,Student,9-12,Female,0,Studying,True,3,True,False,False,None,N/A,None,None,False,Low,Not Applicable
S0317,Student,9-12,Female,0,Gaming,True,1,True,False,False,None,N/A,None,None,True,High,Not Applicable
S0318,Student,13-17,Female,4,Social Media,True,1,False,False,True,Defamation,False,None,Depression; Anxiety,True,Medium,Certain
S0319,Student,9-12,Male,3,Chatting,True,1,True,True,True,Insults,True,School Counselor,Depression,True,Medium,Unsure
S0320,Student,13-17,Male,4,Social Media,False,1,False,False,True,Insults; Defamation; Exclusion,True,Teacher,Academic Decline,False,Low,Unsure
S0321,Student,13-17,Male,8,Social Media,False,1,True,False,True,Defamation,True,Family,None,True,High,Unsure
S0322,Student,9-12,Female,3,Gaming,True,1,False,False,False,None,N/A,None,None,False,Low,Not Applicable
S0323,Student,13-17,Male,1,Chatting,True,1,False,False,False,None,N/A,None,None,True,Medium,Not Applicable
S0324,Student,9-12,Male,4,Videos,True,3,True,False,True,Insults,False,None,Depression,True,High,Unsure
S0325,Student,13-17,Female,1,Social Media,True,2,True,True,True,None,False,None,Insomnia,True,Medium,Unsure
S0326,Student,9-12,Male,0,Gaming,False,3,False,False,False,None,N/A,None,None,True,Medium,Not Applicable
S0327,Student,9-12,Female,4,Social Media,True,4,True,True,True,Insults; Defamation; Exclusion,False,None,None,False,Low,Certain
S0328,Student,9-12,Male,2,Videos,True,4,True,False,False,None,N/A,None,None,True,Medium,Not Applicable
S0329,Student,13-17,Female,8,Chatting,True,1,True,True,True,Insults; Defamation,True,School Counselor,None,True,Medium,Certain
S0330,Student,13-17,Male,3,Chatting,True,2,False,False,True,Insults; Defamation,False,None,Insomnia,True,High,Certain
S0331,Student,13-17,Female,8,Gaming,True,1,True,False,False,None,N/A,None,None,False,Low,Not Applicable
S0332,Student,9-12,Female,2,Chatting,True,1,True,True,False,None,N/A,None,None,True,High,Not Applicable
S0333,Student,13-17,Male,5,Social Media,True,1,False,False,False,None,N/A,None,None,False,Low,Not Applicable
S0334,Student,13-17,Female,1,Videos,True,3,True,True,False,None,N/A,None,None,True,Medium,Not Applicable
S0335,Student,9-12,Female,1,Chatting,True,1,True,True,False,None,N/A,None,None,False,Low,Not Applicable
S0336,Student,13-17,Female,8,Gaming,True,1,False,False,False,None,N/A,None,None,False,Medium,Not Applicable
S0337,Student,13-17,Female,3,Social Media,True,1,False,False,False,None,N/A,None,None,False,Medium,Not Applicable
S0338,Student,9-12,Female,2,Gaming,True,1,False,False,False,None,N/A,None,None,False,Medium,Not Applicable
S0339,Student,13-17,Male,3,Gaming,True,2,True,True,True,Insults,True,Friend,None,False,Low,Unsure
S0340,Student,13-17,Male,8,Gaming,True,1,True,False,True,Exclusion,False,None,Insomnia; Depression; Anxiety,False,Medium,Certain
S0341,Student,13-17,Female,3,Studying,True,1,False,False,True,Insults; Threats,True,Teacher,None,True,High,Unsure
S0342,Student,13-17,Male,2,Studying,True,3,True,False,False,None,N/A,None,None,True,Medium,Not Applicable
S0343,Student,9-12,Female,1,Videos,True,1,False,False,True,None,True,Family,Insomnia,True,Medium,Unsure
S0344,Student,13-17,Female,6,Social Media,True,4,False,False,True,Insults,True,Teacher,Insomnia; Academic Decline; Loss of Appetite,False,Low,Unsure
S0345,Student,13-17,Female,2,Chatting,True,3,False,False,True,Insults; Exclusion,False,None,Depression,False,Low,Unsure
S0346,Student,9-12,Female,2,Studying,True,1,False,False,True,Insults,False,None,Academic Decline,False,Low,Unsure
S0347,Student,13-17,Female,1,Studying,True,1,True,True,True,None,False,None,Insomnia; Academic Decline,False,Medium,Certain
S0348,Student,9-12,Female,1,Chatting,True,3,False,False,False,None,N/A,None,None,True,Medium,Not Applicable
S0349,Student,9-12,Male,2,Chatting,True,4,False,False,False,None,N/A,None,None,False,Low,Not Applicable
S0350,Student,13-17,Female,1,Studying,True,3,True,False,True,Insults; Defamation,False,None,Academic Decline; Depression; Anxiety,False,Low,Unsure
S0351,Student,9-12,Female,2,Gaming,True,1,True,True,False,None,N/A,None,None,True,High,Not Applicable
S0352,Student,13-17,Male,6,Social Media,True,1,True,False,False,None,N/A,None,None,True,High,Not Applicable
S0353,Student,13-17,Female,1,Gaming,True,1,True,False,False,None,N/A,None,None,False,Medium,Not Applicable
S0354,Student,13-17,Male,6,Gaming,True,1,True,False,True,Insults,False,None,Academic Decline,True,Medium,Certain
S0355,Student,9-12,Male,2,Studying,True,1,False,False,False,None,N/A,None,None,True,High,Not Applicable
S0356,Student,13-17,Male,2,Studying,True,1,True,True,True,Insults,False,None,Academic Decline; Anxiety,True,High,Unsure
S0357,Student,9-12,Female,2,Studying,True,1,True,False,False,None,N/A,None,None,True,High,Not Applicable
S0358,Student,13-17,Female,7,Videos,False,2,False,False,True,Insults; Defamation; Threats,True,Friend,None,True,Medium,Certain
S0359,Student,13-17,Female,3,Studying,True,1,False,False,True,Threats,False,None,Depression; Anxiety,False,Medium,Unsure
S0360,Student,13-17,Male,6,Social Media,True,3,False,False,False,None,N/A,None,None,True,High,Not Applicable
S0361,Student,9-12,Male,3,Chatting,True,1,False,False,False,None,N/A,None,None,False,Medium,Not Applicable
S0362,Student,13-17,Female,8,Videos,True,1,False,False,False,None,N/A,None,None,False,Low,Not Applicable
S0363,Student,9-12,Male,1,Chatting,True,1,False,False,True,Defamation,False,None,Insomnia; Academic Decline; Depression,True,Medium,Certain
S0364,Student,9-12,Male,2,Social Media,True,1,False,False,True,Insults; Defamation; Threats,False,None,Insomnia,False,Medium,Certain
S0365,Student,13-17,Female,2,Videos,True,1,True,False,False,None,N/A,None,None,True,High,Not Applicable
S0366,Student,9-12,Female,3,Chatting,True,1,False,False,False,None,N/A,None,None,True,Medium,Not Applicable
S0367,Student,13-17,Male,2,Chatting,True,1,True,True,False,None,N/A,None,None,False,Low,Not Applicable
S0368,Student,9-12,Female,0,Studying,True,1,True,False,False,None,N/A,None,None,True,Medium,Not Applicable
S0369,Student,13-17,Female,4,Chatting,True,1,True,False,True,Defamation,False,None,None,True,High,Certain
S0370,Student,9-12,Male,1,Social Media,True,2,False,False,False,None,N/A,None,None,True,Medium,Not Applicable
S0371,Student,13-17,Female,4,Gaming,False,3,True,True,True,Insults,True,Teacher,Insomnia; Loss of Appetite,True,High,Certain
S0372,Student,13-17,Female,3,Gaming,True,1,False,False,True,Defamation; Exclusion,True,School Counselor,Academic Decline; Depression; Loss of Appetite,False,Medium,Certain
S0373,Student,9-12,Female,1,Videos,True,1,True,False,True,Insults; Defamation; Threats,False,None,None,True,High,Certain
S0374,Student,13-17,Female,4,Gaming,True,2,True,True,False,None,N/A,None,None,True,Medium,Not Applicable
S0375,Student,9-12,Female,0,Social Media,True,2,False,False,False,None,N/A,None,None,True,High,Not Applicable
S0376,Student,13-17,Female,7,Studying,True,1,True,False,True,Insults; Threats,True,School Counselor,Insomnia; Depression,False,Low,Certain
S0377,Student,13-17,Male,5,Studying,True,1,False,False,False,None,N/A,None,None,False,Low,Not Applicable
S0378,Student,9-12,Male,1,Studying,True,2,False,False,True,Insults; Defamation; Threats,True,Teacher,Insomnia,False,Low,Unsure
S0379,Student,13-17,Male,6,Gaming,True,1,True,False,True,Insults,False,None,Insomnia,True,Medium,Unsure
S0380,Student,9-12,Female,1,Gaming,False,1,False,False,False,None,N/A,None,None,True,Medium,Not Applicable
S0381,Student,9-12,Male,3,Gaming,True,3,True,True,False,None,N/A,None,None,False,Low,Not Applicable
S0382,Student,13-17,Female,1,Chatting,True,2,True,False,True,None,True,Family,Insomnia,True,Medium,Certain
S0383,Student,9-12,Male,4,Social Media,False,1,True,False,False,None,N/A,None,None,False,Low,Not Applicable
S0384,Student,13-17,Female,2,Videos,False,4,True,False,False,None,N/A,None,None,False,Low,Not Applicable
S0385,Student,13-17,Male,4,Chatting,True,2,False,False,True,Threats,False,None,Insomnia,False,Low,Unsure
S0386,Student,9-12,Female,1,Gaming,False,4,False,False,True,Insults,True,Friend,None,False,Low,Certain
S0387,Student,13-17,Female,8,Videos,False,4,True,True,True,Insults,True,Teacher,Depression,False,Medium,Certain
S0388,Student,9-12,Female,2,Gaming,True,1,False,False,False,None,N/A,None,None,False,Low,Not Applicable
S0389,Student,9-12,Male,1,Studying,False,1,True,True,False,None,N/A,None,None,True,Medium,Not Applicable
S0390,Student,13-17,Female,3,Chatting,True,3,False,False,False,None,N/A,None,None,False,Low,Not Applicable
S0391,Student,13-17,Male,3,Gaming,True,1,False,False,True,Insults,False,None,None,True,High,Unsure
S0392,Student,13-17,Male,4,Chatting,True,3,True,True,True,Defamation; Exclusion,False,None,Depression,True,High,Certain
S0393,Student,9-12,Male,1,Videos,True,1,False,False,False,None,N/A,None,None,True,High,Not Applicable
S0394,Student,13-17,Female,3,Videos,False,1,False,False,True,Insults; Exclusion; Threats,True,Family,Insomnia,True,High,Certain
S0395,Student,13-17,Female,1,Chatting,True,4,True,False,False,None,N/A,None,None,True,Medium,Not Applicable
S0396,Student,9-12,Female,2,Videos,True,1,False,False,False,None,N/A,None,None,True,Medium,Not Applicable
S0397,Student,9-12,Female,1,Videos,True,1,False,False,False,None,N/A,None,None,True,High,Not Applicable
S0398,Student,9-12,Male,0,Social Media,False,1,False,False,False,None,N/A,None,None,False,Low,Not Applicable
S0399,Student,13-17,Female,1,Studying,True,1,True,False,False,None,N/A,None,None,False,Low,Not Applicable
S0400,Student,13-17,Female,3,Chatting,True,1,False,False,True,Insults,False,None,Insomnia; Academic Decline; Anxiety,False,Low,Certain
S0401,Student,13-17,Female,8,Gaming,True,1,True,False,False,None,N/A,None,None,False,Low,Not Applicable
S0402,Student,13-17,Female,2,Chatting,True,1,False,False,False,None,N/A,None,None,True,Medium,Not Applicable
S0403,Student,13-17,Female,2,Gaming,True,1,True,False,True,Defamation; Exclusion,True,School Counselor,Academic Decline; Anxiety,False,Low,Unsure
S0404,Student,13-17,Male,3,Social Media,True,3,True,False,False,None,N/A,None,None,True,Medium,Not Applicable
S0405,Student,9-12,Male,4,Studying,True,2,True,False,True,Defamation,False,None,Insomnia,False,Low,Certain
S0406,Student,13-17,Male,7,Gaming,True,1,False,False,False,None,N/A,None,None,False,Low,Not Applicable
S0407,Student,13-17,Female,5,Social Media,True,3,True,True,True,Insults; Exclusion,False,None,Insomnia; Depression,True,High,Unsure
S0408,Student,9-12,Male,0,Videos,True,1,True,True,False,None,N/A,None,None,False,Low,Not Applicable
S0409,Student,13-17,Male,6,Chatting,True,2,True,True,False,None,N/A,None,None,True,Medium,Not Applicable
S0410,Student,13-17,Male,4,Chatting,True,4,False,False,False,None,N/A,None,None,False,Low,Not Applicable
S0411,Student,13-17,Female,8,Social Media,True,4,True,False,True,Defamation,True,Family,None,True,Medium,Unsure
S0412,Student,13-17,Female,4,Social Media,False,4,True,True,False,None,N/A,None,None,False,Low,Not Applicable
S0413,Student,13-17,Male,1,Studying,True,1,True,True,True,Threats,False,None,None,False,Medium,Unsure
S0414,Student,13-17,Female,4,Studying,True,1,False,False,False,None,N/A,None,None,True,High,Not Applicable
S0415,Student,9-12,Male,4,Videos,True,1,False,False,False,None,N/A,None,None,True,High,Not Applicable
S0416,Student,13-17,Female,2,Social Media,True,1,False,False,False,None,N/A,None,None,True,High,Not Applicable
S0417,Student,13-17,Male,3,Studying,True,1,False,False,True,Insults,True,Family,Insomnia,True,Medium,Unsure
S0418,Student,13-17,Female,5,Social Media,True,1,False,False,True,Insults; Defamation,False,None,Loss of Appetite,True,Medium,Unsure
S0419,Student,13-17,Male,3,Gaming,True,1,True,False,True,Defamation; Exclusion,True,School Counselor,None,True,High,Certain
S0420,Student,13-17,Male,4,Social Media,True,1,False,False,False,None,N/A,None,None,False,Medium,Not Applicable
S0421,Student,9-12,Female,4,Videos,True,1,True,False,False,None,N/A,None,None,True,High,Not Applicable
S0422,Student,13-17,Male,8,Gaming,False,1,True,False,True,Insults,True,Family,None,True,Medium,Certain
S0423,Student,13-17,Female,5,Chatting,True,1,False,False,False,None,N/A,None,None,False,Medium,Not Applicable
S0424,Student,9-12,Female,2,Studying,True,1,True,False,False,None,N/A,None,None,False,Low,Not Applicable
S0425,Student,13-17,Male,7,Studying,True,1,False,False,False,None,N/A,None,None,True,High,Not Applicable
S0426,Student,9-12,Male,0,Videos,True,1,True,False,True,Insults; Defamation,True,School Counselor,Insomnia; Academic Decline,False,Low,Certain
S0427,Student,13-17,Female,7,Chatting,True,2,True,False,False,None,N/A,None,None,True,Medium,Not Applicable
S0428,Student,13-17,Male,7,Chatting,True,1,False,False,True,Defamation; Threats,True,School Counselor,None,False,Low,Certain
S0429,Student,13-17,Female,7,Videos,True,1,True,False,True,Insults; Defamation,False,None,Insomnia,True,Medium,Unsure
S0430,Student,13-17,Female,8,Gaming,True,2,False,False,True,Exclusion,False,None,Academic Decline,False,Medium,Unsure
S0431,Student,13-17,Male,8,Social Media,True,1,True,True,False,None,N/A,None,None,False,Low,Not Applicable
S0432,Student,9-12,Male,3,Videos,True,1,False,False,False,None,N/A,None,None,False,Medium,Not Applicable
S0433,Student,9-12,Female,0,Studying,True,1,False,False,True,Defamation,False,None,Anxiety,False,Low,Certain
S0434,Student,9-12,Female,4,Videos,True,3,True,True,False,None,N/A,None,None,True,Medium,Not Applicable
S0435,Student,13-17,Female,3,Gaming,True,4,True,True,True,Insults,True,School Counselor,None,True,High,Certain
S0436,Student,9-12,Male,1,Chatting,True,1,False,False,False,None,N/A,None,None,False,Medium,Not Applicable
S0437,Student,13-17,Male,6,Studying,True,1,False,False,True,Defamation,True,Teacher,Academic Decline,False,Low,Certain
S0438,Student,13-17,Male,2,Videos,True,3,True,False,False,None,N/A,None,None,False,Low,Not Applicable
S0439,Student,13-17,Female,2,Chatting,True,1,True,False,True,Threats,False,None,Academic Decline,True,High,Certain
S0440,Student,9-12,Male,2,Chatting,True,2,True,True,True,Defamation; Threats,True,Friend,Anxiety,True,Medium,Unsure
S0441,Student,13-17,Female,4,Chatting,True,1,True,True,False,None,N/A,None,None,True,Medium,Not Applicable
S0442,Student,13-17,Male,4,Chatting,True,1,True,True,False,None,N/A,None,None,False,Low,Not Applicable
S0443,Student,13-17,Female,1,Chatting,True,2,False,False,True,Insults,True,Family,Insomnia; Depression; Loss of Appetite,True,Medium,Certain
S0444,Student,9-12,Male,3,Gaming,True,3,True,True,False,None,N/A,None,None,False,Medium,Not Applicable
S0445,Student,9-12,Female,1,Social Media,True,1,True,False,False,None,N/A,None,None,False,Low,Not Applicable
S0446,Student,13-17,Female,8,Gaming,True,1,False,False,True,Insults; Exclusion,False,None,Academic Decline,True,Medium,Unsure
S0447,Student,13-17,Male,6,Studying,True,3,False,False,True,Insults,True,School Counselor,None,False,Medium,Unsure
S0448,Student,13-17,Female,7,Videos,True,4,True,False,True,Defamation,False,None,Depression; Anxiety,False,Low,Certain
S0449,Student,13-17,Female,5,Videos,True,1,True,False,False,None,N/A,None,None,False,Medium,Not Applicable
S0450,Student,13-17,Male,8,Studying,True,4,True,False,True,Insults,False,None,None,True,Medium,Unsure
S0451,Student,9-12,Male,2,Social Media,False,1,True,False,False,None,N/A,None,None,False,Medium,Not Applicable
S0452,Student,13-17,Male,4,Gaming,True,1,False,False,True,None,True,Teacher,Insomnia; Academic Decline; Depression; Loss of Appetite,True,Medium,Unsure
S0453,Student,13-17,Male,4,Videos,True,1,False,False,True,Insults; Exclusion,False,None,Insomnia; Academic Decline,True,Medium,Certain
S0454,Student,9-12,Female,4,Studying,True,1,True,True,False,None,N/A,None,None,True,High,Not Applicable
S0455,Student,13-17,Male,2,Videos,True,1,True,False,True,Insults; Defamation; Exclusion,False,None,None,True,Medium,Unsure
S0456,Student,13-17,Male,4,Social Media,True,1,False,False,True,None,False,None,None,False,Low,Certain
S0457,Student,13-17,Female,2,Studying,True,1,True,False,True,Insults,False,None,Academic Decline; Depression,False,Low,Unsure
S0458,Student,9-12,Male,2,Studying,True,1,True,True,False,None,N/A,None,None,True,High,Not Applicable
S0459,Student,9-12,Male,0,Chatting,True,1,False,False,False,None,N/A,None,None,False,Medium,Not Applicable
S0460,Student,13-17,Male,7,Videos,True,1,False,False,True,Exclusion,False,None,None,False,Low,Certain
S0461,Student,13-17,Female,8,Videos,True,2,False,False,True,Insults; Defamation,True,School Counselor,Academic Decline; Depression; Anxiety,False,Low,Certain
S0462,Student,13-17,Male,8,Videos,True,1,True,False,False,None,N/A,None,None,False,Low,Not Applicable
S0463,Student,13-17,Male,3,Studying,True,1,False,False,False,None,N/A,None,None,True,High,Not Applicable
S0464,Student,13-17,Female,3,Gaming,True,1,False,False,True,Insults; Exclusion,False,None,None,True,High,Unsure
S0465,Student,9-12,Male,1,Gaming,True,1,False,False,False,None,N/A,None,None,True,Medium,Not Applicable
S0466,Student,13-17,Female,3,Videos,True,1,True,False,True,Insults; Defamation; Exclusion,True,Teacher,None,True,Medium,Unsure
S0467,Student,13-17,Male,6,Social Media,True,2,True,False,False,None,N/A,None,None,True,Medium,Not Applicable
S0468,Student,9-12,Male,1,Social Media,True,1,True,True,True,Defamation,True,Teacher,Insomnia,False,Low,Certain
S0469,Student,13-17,Female,4,Videos,True,1,True,True,False,None,N/A,None,None,False,Low,Not Applicable
S0470,Student,13-17,Female,4,Gaming,True,1,False,False,True,Insults,True,Friend,Insomnia; Academic Decline; Anxiety,False,Low,Unsure
S0471,Student,9-12,Male,0,Gaming,True,1,False,False,False,None,N/A,None,None,True,High,Not Applicable
S0472,Student,13-17,Female,1,Gaming,True,1,True,True,False,None,N/A,None,None,True,Medium,Not Applicable
S0473,Student,13-17,Female,7,Chatting,True,4,True,False,True,Insults,False,None,Academic Decline,False,Low,Unsure
S0474,Student,9-12,Female,1,Gaming,True,1,True,True,True,Insults; Defamation; Exclusion; Threats,False,None,Insomnia; Depression,True,Medium,Certain
S0475,Student,13-17,Female,3,Videos,True,1,False,False,True,Insults,False,None,Insomnia,False,Low,Unsure
S0476,Student,13-17,Male,1,Social Media,True,1,True,True,True,Defamation; Threats,True,Teacher,None,False,Low,Unsure
S0477,Student,13-17,Male,7,Social Media,True,4,False,False,False,None,N/A,None,None,False,Medium,Not Applicable
S0478,Student,13-17,Male,4,Chatting,True,1,True,True,True,Insults,True,Friend,None,True,High,Unsure
S0479,Student,13-17,Female,4,Gaming,True,1,True,True,True,Insults; Defamation; Threats,False,None,Depression,False,Low,Certain
S0480,Student,13-17,Female,6,Gaming,True,1,False,False,False,None,N/A,None,None,True,Medium,Not Applicable
S0481,Student,13-17,Female,1,Social Media,True,1,False,False,False,None,N/A,None,None,True,High,Not Applicable
S0482,Student,13-17,Female,2,Gaming,True,1,True,True,False,None,N/A,None,None,True,Medium,Not Applicable
S0483,Student,13-17,Female,1,Videos,True,1,True,True,False,None,N/A,None,None,True,Medium,Not Applicable
S0484,Student,13-17,Female,4,Studying,True,3,True,True,False,None,N/A,None,None,False,Medium,Not Applicable
S0485,Student,13-17,Female,1,Videos,True,4,False,False,False,None,N/A,None,None,True,High,Not Applicable
S0486,Student,9-12,Female,0,Videos,True,4,True,True,False,None,N/A,None,None,False,Low,Not Applicable
S0487,Student,13-17,Female,8,Chatting,True,1,True,True,True,Defamation; Exclusion,True,Teacher,None,True,Medium,Certain
S0488,Student,13-17,Male,3,Chatting,True,1,False,False,True,Insults; Defamation,True,School Counselor,Loss of Appetite,True,Medium,Unsure
S0489,Student,9-12,Male,0,Gaming,True,1,True,True,False,None,N/A,None,None,False,Low,Not Applicable
S0490,Student,9-12,Male,2,Social Media,True,1,True,True,False,None,N/A,None,None,True,High,Not Applicable
S0491,Student,13-17,Male,8,Gaming,False,1,True,False,False,None,N/A,None,None,False,Low,Not Applicable
S0492,Student,13-17,Female,4,Videos,True,3,True,True,True,Insults; Exclusion,True,Teacher,Depression,False,Low,Unsure
S0493,Student,13-17,Male,4,Chatting,False,3,True,False,True,Insults,False,None,Insomnia; Academic Decline; Anxiety; Loss of Appetite,True,High,Unsure
S0494,Student,9-12,Female,1,Chatting,False,1,True,False,False,None,N/A,None,None,True,Medium,Not Applicable
S0495,Student,9-12,Female,1,Gaming,True,2,False,False,False,None,N/A,None,None,False,Medium,Not Applicable
S0496,Student,9-12,Female,2,Social Media,False,1,False,False,False,None,N/A,None,None,True,Medium,Not Applicable
S0497,Student,13-17,Female,5,Videos,True,4,True,True,True,Insults; Sexual Harassment,True,Teacher,Depression,False,Medium,Certain
S0498,Student,13-17,Female,8,Gaming,True,1,False,False,False,None,N/A,None,None,False,Low,Not Applicable
S0499,Student,9-12,Male,2,Chatting,False,1,False,False,True,Insults; Exclusion,True,Teacher,Anxiety,False,Medium,Certain
S0500,Student,13-17,Female,4,Chatting,True,2,True,False,False,None,N/A,None,None,False,Medium,Not Applicable
S0501,Student,13-17,Male,1,Studying,True,1,True,False,False,None,N/A,None,None,False,Low,Not Applicable
S0502,Student,13-17,Female,5,Chatting,True,2,True,True,True,Insults; Defamation,True,Friend,Anxiety,True,Medium,Unsure
S0503,Student,13-17,Female,8,Gaming,True,1,True,False,True,Insults; Defamation; Exclusion,True,School Counselor,None,True,High,Unsure
S0504,Student,13-17,Female,4,Studying,True,1,True,False,False,None,N/A,None,None,True,Medium,Not Applicable
S0505,Student,13-17,Male,6,Chatting,False,1,True,True,False,None,N/A,None,None,False,Low,Not Applicable
S0506,Student,13-17,Male,6,Chatting,True,1,False,False,False,None,N/A,None,None,False,Medium,Not Applicable
S0507,Student,9-12,Female,3,Studying,True,1,True,False,False,None,N/A,None,None,False,Low,Not Applicable
S0508,Student,9-12,Female,1,Gaming,True,4,False,False,False,None,N/A,None,None,True,Medium,Not Applicable
S0509,Student,13-17,Female,1,Videos,True,1,True,True,True,Insults; Defamation,True,School Counselor,None,True,Medium,Unsure
S0510,Student,9-12,Female,4,Gaming,True,2,True,False,True,Insults,True,Teacher,None,True,High,Certain
S0511,Student,9-12,Male,1,Studying,True,4,False,False,False,None,N/A,None,None,False,Low,Not Applicable
S0512,Student,9-12,Male,1,Videos,False,4,False,False,False,None,N/A,None,None,True,High,Not Applicable
S0513,Student,13-17,Female,4,Social Media,True,1,True,False,False,None,N/A,None,None,True,High,Not Applicable
S0514,Student,13-17,Female,8,Videos,True,1,True,True,True,Defamation; Threats,False,None,None,True,High,Unsure
S0515,Student,13-17,Female,5,Videos,True,1,True,True,False,None,N/A,None,None,False,Low,Not Applicable
S0516,Student,13-17,Male,7,Videos,False,1,True,False,True,Insults; Defamation; Sexual Harassment,True,School Counselor,Anxiety,True,High,Certain
S0517,Student,9-12,Female,0,Social Media,True,1,True,False,False,None,N/A,None,None,True,Medium,Not Applicable
S0518,Student,13-17,Female,7,Videos,True,1,True,True,False,None,N/A,None,None,True,High,Not Applicable
S0519,Student,9-12,Female,4,Chatting,True,1,True,False,False,None,N/A,None,None,False,Low,Not Applicable
S0520,Student,9-12,Female,4,Studying,True,1,True,True,False,None,N/A,None,None,True,Medium,Not Applicable
S0521,Student,9-12,Male,0,Chatting,True,3,False,False,False,None,N/A,None,None,False,Low,Not Applicable
S0522,Student,9-12,Female,1,Gaming,False,2,True,False,False,None,N/A,None,None,False,Low,Not Applicable
S0523,Student,9-12,Female,3,Gaming,True,1,False,False,False,None,N/A,None,None,False,Low,Not Applicable
S0524,Student,9-12,Female,2,Gaming,True,1,True,False,False,None,N/A,None,None,False,Low,Not Applicable
S0525,Student,13-17,Male,5,Gaming,True,2,True,True,True,None,False,None,Academic Decline,True,High,Certain
S0526,Student,13-17,Male,2,Social Media,True,2,True,False,True,Insults; Sexual Harassment,True,School Counselor,Academic Decline; Depression; Loss of Appetite,True,High,Unsure
S0527,Student,9-12,Female,2,Gaming,True,1,True,True,False,None,N/A,None,None,True,High,Not Applicable
S0528,Student,13-17,Male,8,Studying,True,2,True,True,False,None,N/A,None,None,False,Low,Not Applicable
S0529,Student,13-17,Female,4,Chatting,True,2,False,False,False,None,N/A,None,None,False,Low,Not Applicable
S0530,Student,13-17,Female,4,Social Media,True,1,False,False,False,None,N/A,None,None,True,Medium,Not Applicable
S0531,Student,13-17,Male,4,Videos,True,1,False,False,False,None,N/A,None,None,False,Low,Not Applicable
S0532,Student,9-12,Male,3,Studying,True,1,True,False,False,None,N/A,None,None,True,Medium,Not Applicable
S0533,Student,13-17,Female,5,Videos,True,1,True,True,True,Insults; Exclusion,False,None,Academic Decline,True,High,Certain
S0534,Student,9-12,Female,1,Chatting,True,2,True,True,True,Insults; Defamation; Threats,False,None,Insomnia; Anxiety,True,High,Unsure
S0535,Student,13-17,Female,8,Gaming,True,1,True,True,False,None,N/A,None,None,True,Medium,Not Applicable
S0536,Student,9-12,Female,2,Videos,True,1,True,True,False,None,N/A,None,None,False,Medium,Not Applicable
S0537,Student,9-12,Female,4,Videos,True,3,True,False,False,None,N/A,None,None,False,Low,Not Applicable
S0538,Student,13-17,Female,5,Gaming,True,1,False,False,False,None,N/A,None,None,True,Medium,Not Applicable
S0539,Student,13-17,Female,3,Videos,True,1,True,False,False,None,N/A,None,None,True,High,Not Applicable
S0540,Student,9-12,Female,2,Studying,False,1,True,True,False,None,N/A,None,None,True,Medium,Not Applicable
S0541,Student,13-17,Female,6,Social Media,True,1,True,False,False,None,N/A,None,None,False,Low,Not Applicable
S0542,Student,13-17,Female,8,Studying,False,4,True,False,False,None,N/A,None,None,True,High,Not Applicable
S0543,Student,13-17,Female,4,Videos,True,3,True,True,True,Insults; Defamation,True,School Counselor,Academic Decline; Depression,False,Low,Certain
S0544,Student,13-17,Male,3,Videos,True,1,False,False,False,None,N/A,None,None,False,Low,Not Applicable
S0545,Student,9-12,Female,1,Videos,True,1,False,False,False,None,N/A,None,None,True,High,Not Applicable
S0546,Student,13-17,Female,2,Chatting,True,1,True,True,True,Threats,True,Friend,Depression,True,High,Certain
S0547,Student,9-12,Male,1,Studying,True,1,True,False,False,None,N/A,None,None,False,Low,Not Applicable
S0548,Student,9-12,Female,2,Videos,True,1,False,False,False,None,N/A,None,None,False,Medium,Not Applicable
S0549,Student,9-12,Male,2,Videos,True,1,True,False,False,None,N/A,None,None,True,High,Not Applicable
S0550,Student,13-17,Male,7,Social Media,True,1,False,False,True,Insults,True,Family,Insomnia; Depression,False,Low,Certain
S0551,Student,13-17,Female,3,Videos,True,3,True,False,False,None,N/A,None,None,True,Medium,Not Applicable
S0552,Student,9-12,Male,3,Studying,True,1,True,True,False,None,N/A,None,None,True,Medium,Not Applicable
S0553,Student,13-17,Female,5,Social Media,True,1,False,False,True,Defamation,True,School Counselor,None,False,Low,Certain
S0554,Student,13-17,Female,4,Videos,True,3,True,False,False,None,N/A,None,None,False,Low,Not Applicable
S0555,Student,13-17,Female,2,Videos,False,1,False,False,True,Insults; Defamation,False,None,Insomnia,False,Low,Certain
S0556,Student,13-17,Male,3,Videos,True,2,True,False,False,None,N/A,None,None,False,Medium,Not Applicable
S0557,Student,9-12,Male,4,Social Media,True,4,True,True,True,Defamation,False,None,None,False,Low,Certain
S0558,Student,13-17,Female,1,Chatting,True,1,True,False,False,None,N/A,None,None,True,Medium,Not Applicable
S0559,Student,13-17,Female,7,Chatting,True,1,False,False,True,Threats,False,None,Depression,False,Low,Certain
S0560,Student,9-12,Male,1,Chatting,True,1,True,False,False,None,N/A,None,None,True,High,Not Applicable
S0561,Student,13-17,Male,4,Videos,True,2,True,False,False,None,N/A,None,None,False,Low,Not Applicable
S0562,Student,13-17,Male,6,Chatting,True,3,False,False,False,None,N/A,None,None,False,Low,Not Applicable
S0563,Student,9-12,Male,2,Social Media,True,1,True,True,False,None,N/A,None,None,False,Medium,Not Applicable
S0564,Student,13-17,Female,4,Gaming,True,4,False,False,False,None,N/A,None,None,False,Low,Not Applicable
S0565,Student,13-17,Female,6,Gaming,False,1,True,True,False,None,N/A,None,None,False,Medium,Not Applicable
S0566,Student,13-17,Male,7,Gaming,True,1,True,False,True,Defamation; Exclusion; Threats,False,None,None,False,Low,Unsure
S0567,Student,9-12,Female,4,Social Media,True,1,False,False,False,None,N/A,None,None,False,Medium,Not Applicable
S0568,Student,9-12,Male,2,Chatting,True,2,False,False,True,Insults,True,School Counselor,Academic Decline; Anxiety; Loss of Appetite,True,Medium,Certain
S0569,Student,13-17,Male,1,Social Media,True,1,True,False,False,None,N/A,None,None,False,Low,Not Applicable
S0570,Student,13-17,Male,2,Gaming,False,2,True,False,True,Defamation,True,School Counselor,None,False,Low,Certain
S0571,Student,13-17,Female,4,Studying,False,1,True,False,False,None,N/A,None,None,True,Medium,Not Applicable
S0572,Student,13-17,Male,3,Gaming,True,1,True,False,False,None,N/A,None,None,True,Medium,Not Applicable
S0573,Student,13-17,Male,1,Gaming,True,1,False,False,False,None,N/A,None,None,False,Low,Not Applicable
S0574,Student,9-12,Female,0,Social Media,True,1,False,False,True,Defamation; Exclusion,False,None,Insomnia; Academic Decline,False,Low,Certain
S0575,Student,13-17,Female,3,Studying,True,1,False,False,True,Insults; Defamation,True,Teacher,Academic Decline,False,Medium,Certain
S0576,Student,13-17,Female,4,Social Media,True,3,True,False,True,Insults; Defamation; Exclusion,False,None,Insomnia; Depression; Anxiety,False,Low,Unsure
S0577,Student,13-17,Female,5,Chatting,False,4,False,False,False,None,N/A,None,None,True,High,Not Applicable
S0578,Student,13-17,Female,3,Chatting,True,1,False,False,True,Insults,False,None,Insomnia; Anxiety,False,Low,Unsure
S0579,Student,13-17,Female,5,Chatting,True,2,True,False,True,None,False,None,None,True,Medium,Certain
S0580,Student,13-17,Female,5,Videos,True,1,True,True,False,None,N/A,None,None,True,High,Not Applicable
S0581,Student,9-12,Female,4,Social Media,True,2,True,False,False,None,N/A,None,None,False,Medium,Not Applicable
S0582,Student,9-12,Female,3,Studying,False,1,False,False,False,None,N/A,None,None,True,Medium,Not Applicable
S0583,Student,13-17,Female,6,Videos,True,2,False,False,True,Insults,False,None,Depression,False,Low,Unsure
S0584,Student,13-17,Female,4,Chatting,True,1,False,False,True,Insults; Defamation,True,Teacher,Loss of Appetite,False,Low,Unsure
S0585,Student,13-17,Female,4,Studying,True,1,False,False,True,None,False,None,Anxiety; Loss of Appetite,True,Medium,Unsure
S0586,Student,13-17,Female,6,Studying,False,1,True,True,True,Insults; Defamation,False,None,Academic Decline,False,Medium,Unsure
S0587,Student,9-12,Male,4,Videos,True,1,True,False,True,Insults; Defamation,True,Teacher,Insomnia,False,Medium,Unsure
S0588,Student,9-12,Female,0,Gaming,True,1,True,False,False,None,N/A,None,None,False,Low,Not Applicable
S0589,Student,9-12,Male,1,Gaming,False,1,False,False,False,None,N/A,None,None,True,Medium,Not Applicable
S0590,Student,9-12,Female,1,Gaming,True,1,True,True,True,Insults; Defamation,False,None,Insomnia,True,High,Certain
S0591,Student,9-12,Female,1,Social Media,True,1,True,False,False,None,N/A,None,None,True,Medium,Not Applicable
S0592,Student,13-17,Male,7,Studying,True,1,True,False,True,Sexual Harassment,True,Teacher,None,True,Medium,Unsure
S0593,Student,13-17,Female,7,Social Media,True,1,True,False,False,None,N/A,None,None,False,Low,Not Applicable
S0594,Student,9-12,Female,4,Studying,True,1,True,True,True,None,False,None,Insomnia,True,Medium,Unsure
S0595,Student,13-17,Female,3,Studying,True,1,False,False,True,Defamation,False,None,None,False,Low,Certain
S0596,Student,13-17,Male,4,Chatting,True,1,False,False,True,None,False,None,Academic Decline,True,High,Certain
S0597,Student,13-17,Female,7,Gaming,True,1,True,True,True,Insults; Threats; Sexual Harassment,True,School Counselor,Academic Decline,False,Low,Unsure
S0598,Student,13-17,Male,7,Studying,True,1,False,False,False,None,N/A,None,None,False,Low,Not Applicable
S0599,Student,13-17,Female,4,Gaming,True,1,False,False,True,Insults; Defamation,True,Teacher,None,False,Low,Certain
S0600,Student,9-12,Male,2,Videos,True,3,True,False,False,None,N/A,None,None,True,Medium,Not Applicable
S0601,Student,13-17,Female,4,Chatting,True,1,True,False,False,None,N/A,None,None,True,High,Not Applicable
S0602,Student,13-17,Male,2,Videos,True,1,True,False,False,None,N/A,None,None,False,Low,Not Applicable
S0603,Student,13-17,Female,8,Gaming,True,1,True,True,False,None,N/A,None,None,True,High,Not Applicable
S0604,Student,13-17,Male,2,Chatting,True,1,False,False,True,Defamation,True,School Counselor,Insomnia,False,Low,Certain
S0605,Student,9-12,Female,3,Social Media,True,1,True,False,True,Insults; Defamation,True,Teacher,Academic Decline,False,Low,Certain
S0606,Student,9-12,Female,3,Gaming,True,1,False,False,False,None,N/A,None,None,True,High,Not Applicable
S0607,Student,9-12,Female,3,Studying,True,1,False,False,False,None,N/A,None,None,False,Medium,Not Applicable
S0608,Student,9-12,Male,3,Videos,True,1,True,False,False,None,N/A,None,None,False,Low,Not Applicable
S0609,Student,13-17,Female,5,Videos,True,1,False,False,False,None,N/A,None,None,False,Low,Not Applicable
S0610,Student,9-12,Female,1,Studying,True,4,False,False,False,None,N/A,None,None,False,Low,Not Applicable
S0611,Student,13-17,Female,6,Social Media,True,1,True,False,False,None,N/A,None,None,True,High,Not Applicable
S0612,Student,9-12,Female,0,Chatting,True,1,True,False,False,None,N/A,None,None,False,Low,Not Applicable
S0613,Student,9-12,Female,1,Gaming,True,1,True,False,False,None,N/A,None,None,False,Low,Not Applicable
S0614,Student,13-17,Male,6,Gaming,True,1,True,False,False,None,N/A,None,None,False,Low,Not Applicable
S0615,Student,13-17,Female,4,Videos,True,1,False,False,True,None,False,None,Insomnia; Depression,False,Low,Certain
S0616,Student,9-12,Female,2,Videos,True,1,True,True,False,None,N/A,None,None,True,Medium,Not Applicable
S0617,Student,13-17,Male,2,Social Media,True,1,False,False,True,Insults,False,None,Insomnia; Academic Decline; Anxiety,False,Low,Unsure
S0618,Student,13-17,Female,4,Studying,True,4,True,True,False,None,N/A,None,None,False,Low,Not Applicable
S0619,Student,13-17,Male,4,Studying,False,1,False,False,True,Defamation,True,Family,Academic Decline; Depression,False,Low,Certain
S0620,Student,9-12,Male,1,Gaming,True,1,True,False,False,None,N/A,None,None,False,Low,Not Applicable
S0621,Student,9-12,Male,4,Social Media,True,3,False,False,False,None,N/A,None,None,True,Medium,Not Applicable
S0622,Student,13-17,Male,7,Social Media,True,1,False,False,True,Insults,True,Friend,Insomnia,False,Low,Certain
S0623,Student,9-12,Female,4,Chatting,True,2,True,True,False,None,N/A,None,None,False,Low,Not Applicable
S0624,Student,13-17,Female,5,Social Media,True,1,True,True,True,Insults; Defamation; Exclusion; Threats,False,None,Insomnia,True,Medium,Certain
S0625,Student,9-12,Female,1,Social Media,True,1,True,True,False,None,N/A,None,None,False,Low,Not Applicable
S0626,Student,9-12,Male,1,Videos,True,1,True,False,False,None,N/A,None,None,False,Medium,Not Applicable
S0627,Student,9-12,Male,1,Videos,True,1,True,False,False,None,N/A,None,None,True,Medium,Not Applicable
S0628,Student,13-17,Male,4,Chatting,True,1,True,False,True,Insults; Exclusion,True,Friend,None,True,Medium,Certain
S0629,Student,13-17,Female,3,Chatting,True,1,True,False,False,None,N/A,None,None,True,Medium,Not Applicable
S0630,Student,13-17,Female,8,Studying,True,1,True,False,False,None,N/A,None,None,True,Medium,Not Applicable
S0631,Student,13-17,Male,5,Social Media,True,1,False,False,True,Exclusion,False,None,None,True,High,Certain
S0632,Student,13-17,Female,2,Videos,True,1,True,False,True,Defamation; Threats,False,None,Academic Decline,True,Medium,Unsure
S0633,Student,13-17,Male,4,Chatting,True,1,False,False,False,None,N/A,None,None,True,Medium,Not Applicable
S0634,Student,9-12,Female,2,Social Media,True,1,True,False,True,None,False,None,None,False,Low,Unsure
S0635,Student,13-17,Female,7,Gaming,False,1,True,True,False,None,N/A,None,None,True,Medium,Not Applicable
S0636,Student,13-17,Female,2,Chatting,True,4,True,True,False,None,N/A,None,None,False,Low,Not Applicable
S0637,Student,13-17,Male,4,Gaming,True,3,True,True,False,None,N/A,None,None,True,High,Not Applicable
S0638,Student,13-17,Male,4,Studying,True,1,False,False,True,Insults; Defamation,False,None,Insomnia; Academic Decline,False,Low,Unsure
S0639,Student,9-12,Male,1,Studying,True,1,False,False,True,Insults; Exclusion,True,Teacher,Academic Decline; Loss of Appetite,False,Low,Certain
S0640,Student,13-17,Female,6,Social Media,True,1,False,False,False,None,N/A,None,None,False,Medium,Not Applicable
S0641,Student,13-17,Female,1,Chatting,True,1,True,False,True,Insults; Defamation; Exclusion,True,Family,None,True,High,Unsure
S0642,Student,9-12,Female,2,Chatting,True,1,True,True,True,Insults; Defamation,False,None,Insomnia; Academic Decline; Anxiety,False,Low,Unsure
S0643,Student,9-12,Female,2,Gaming,True,1,False,False,True,Insults; Defamation; Exclusion,True,School Counselor,Loss of Appetite,True,High,Certain
S0644,Student,13-17,Female,1,Videos,True,1,False,False,False,None,N/A,None,None,False,Low,Not Applicable
S0645,Student,13-17,Female,5,Gaming,True,2,False,False,True,Insults,True,Family,Insomnia; Anxiety,False,Low,Certain
S0646,Student,13-17,Male,2,Gaming,True,1,True,False,False,None,N/A,None,None,False,Low,Not Applicable
S0647,Student,9-12,Male,4,Studying,True,1,True,True,True,None,False,None,None,False,Low,Certain
S0648,Student,9-12,Male,3,Chatting,True,1,True,True,True,Insults,False,None,Depression,False,Medium,Certain
S0649,Student,9-12,Male,2,Studying,True,1,True,True,False,None,N/A,None,None,False,Medium,Not Applicable
S0650,Student,13-17,Male,1,Social Media,True,2,True,True,True,Insults; Defamation,True,School Counselor,None,True,Medium,Certain
S0651,Student,13-17,Male,3,Chatting,True,1,True,False,True,None,True,Friend,None,False,Low,Certain
S0652,Student,13-17,Female,2,Videos,True,1,True,True,True,Insults; Defamation; Threats,False,None,None,True,High,Unsure
S0653,Student,13-17,Female,4,Videos,True,3,True,True,True,Exclusion; Threats,True,School Counselor,Insomnia; Depression; Loss of Appetite,False,Low,Certain
S0654,Student,9-12,Male,2,Studying,True,1,True,True,True,Insults; Defamation,False,None,None,True,Medium,Certain
S0655,Student,9-12,Male,2,Chatting,True,1,False,False,True,Insults; Defamation; Threats,False,None,Insomnia; Depression,False,Medium,Certain
S0656,Student,9-12,Male,1,Studying,True,1,True,False,True,Insults; Exclusion,False,None,None,False,Low,Unsure
S0657,Student,9-12,Female,4,Social Media,True,4,True,True,True,Insults,False,None,None,False,Medium,Certain
S0658,Student,9-12,Female,1,Videos,True,3,False,False,False,None,N/A,None,None,True,High,Not Applicable
S0659,Student,13-17,Male,1,Gaming,True,3,True,False,False,None,N/A,None,None,True,High,Not Applicable
S0660,Student,9-12,Female,2,Gaming,False,3,True,True,False,None,N/A,None,None,False,Low,Not Applicable
S0661,Student,9-12,Female,1,Studying,True,1,False,False,False,None,N/A,None,None,False,Low,Not Applicable
S0662,Student,13-17,Female,3,Videos,True,1,True,False,False,None,N/A,None,None,True,Medium,Not Applicable
S0663,Student,13-17,Male,8,Videos,True,1,True,False,False,None,N/A,None,None,False,Low,Not Applicable
S0664,Student,9-12,Female,1,Studying,True,1,True,True,True,None,True,Teacher,Anxiety,False,Low,Unsure
S0665,Student,13-17,Male,1,Studying,True,2,True,False,True,Defamation; Exclusion,True,School Counselor,None,True,High,Unsure
S0666,Student,13-17,Female,7,Chatting,True,1,True,True,True,Defamation,True,Family,Academic Decline,True,Medium,Unsure
S0667,Student,9-12,Male,3,Studying,False,3,True,True,True,Insults,False,None,None,False,Medium,Unsure
S0668,Student,13-17,Male,5,Studying,True,4,False,False,False,None,N/A,None,None,False,Low,Not Applicable
S0669,Student,9-12,Male,4,Studying,True,1,True,True,False,None,N/A,None,None,True,Medium,Not Applicable
S0670,Student,13-17,Male,5,Social Media,True,1,False,False,True,Insults; Defamation; Exclusion; Threats,False,None,None,True,High,Certain
S0671,Student,13-17,Male,1,Social Media,True,1,True,False,True,Threats,False,None,None,False,Medium,Certain
S0672,Student,9-12,Male,3,Videos,True,1,True,True,False,None,N/A,None,None,False,Medium,Not Applicable
S0673,Student,9-12,Female,1,Social Media,True,1,True,True,False,None,N/A,None,None,False,Medium,Not Applicable
S0674,Student,9-12,Male,1,Social Media,True,1,True,False,False,None,N/A,None,None,False,Low,Not Applicable
S0675,Student,9-12,Male,1,Videos,True,4,True,False,False,None,N/A,None,None,True,Medium,Not Applicable
S0676,Student,9-12,Female,2,Gaming,True,1,False,False,False,None,N/A,None,None,True,High,Not Applicable
S0677,Student,13-17,Female,8,Gaming,True,4,True,False,False,None,N/A,None,None,True,Medium,Not Applicable
S0678,Student,13-17,Female,1,Videos,True,1,True,True,False,None,N/A,None,None,False,Low,Not Applicable
S0679,Student,9-12,Female,0,Chatting,False,2,False,False,False,None,N/A,None,None,True,High,Not Applicable
S0680,Student,13-17,Female,3,Videos,True,2,True,False,True,Defamation; Sexual Harassment,False,None,None,True,High,Certain
S0681,Student,13-17,Female,5,Studying,True,1,False,False,False,None,N/A,None,None,True,Medium,Not Applicable
S0682,Student,9-12,Male,1,Social Media,True,1,False,False,True,Defamation; Exclusion,True,Teacher,Insomnia,False,Low,Unsure
S0683,Student,13-17,Female,5,Chatting,True,1,False,False,False,None,N/A,None,None,False,Low,Not Applicable
S0684,Student,13-17,Male,6,Chatting,True,1,True,True,True,Insults,True,School Counselor,Academic Decline,False,Low,Unsure
S0685,Student,13-17,Male,2,Videos,False,1,True,True,True,Insults; Threats,True,Family,Insomnia,True,High,Certain
S0686,Student,13-17,Female,3,Videos,True,1,True,False,False,None,N/A,None,None,False,Medium,Not Applicable
S0687,Student,13-17,Female,4,Gaming,True,1,True,True,False,None,N/A,None,None,True,Medium,Not Applicable
S0688,Student,13-17,Female,4,Gaming,True,1,False,False,True,Defamation,True,Family,None,True,High,Certain
S0689,Student,9-12,Female,4,Gaming,True,4,True,False,True,Insults,True,Friend,None,True,Medium,Unsure
S0690,Student,13-17,Female,4,Chatting,True,1,True,True,True,None,False,None,Loss of Appetite,True,High,Certain
S0691,Student,13-17,Female,4,Studying,True,2,True,False,False,None,N/A,None,None,True,High,Not Applicable
S0692,Student,13-17,Female,2,Videos,False,1,True,False,True,Insults,False,None,Depression,False,Medium,Certain
S0693,Student,13-17,Male,6,Studying,True,1,False,False,True,Insults,False,None,Academic Decline,True,Medium,Certain
S0694,Student,13-17,Male,6,Chatting,True,3,True,False,True,Threats,False,None,None,True,High,Certain
S0695,Student,13-17,Female,3,Social Media,True,1,True,False,False,None,N/A,None,None,True,Medium,Not Applicable
S0696,Student,13-17,Female,4,Videos,True,1,True,False,False,None,N/A,None,None,False,Medium,Not Applicable
S0697,Student,13-17,Female,3,Chatting,True,1,True,True,True,Defamation,True,School Counselor,None,True,Medium,Certain
S0698,Student,13-17,Female,3,Videos,True,4,True,True,False,None,N/A,None,None,True,Medium,Not Applicable
S0699,Student,9-12,Female,1,Social Media,True,2,True,False,False,None,N/A,None,None,True,Medium,Not Applicable
S0700,Student,9-12,Male,3,Social Media,False,1,False,False,True,None,False,None,None,True,Medium,Certain
S0701,Student,13-17,Male,1,Studying,True,2,True,True,True,Insults,True,Friend,Academic Decline,False,Medium,Certain
S0702,Student,13-17,Female,6,Social Media,True,1,True,False,True,None,False,None,Academic Decline; Depression; Anxiety,True,Medium,Certain
S0703,Student,13-17,Male,2,Chatting,True,1,True,False,True,Insults,False,None,None,False,Medium,Certain
S0704,Student,13-17,Female,2,Social Media,True,1,True,True,False,None,N/A,None,None,False,Low,Not Applicable
S0705,Student,13-17,Female,6,Studying,True,1,False,False,False,None,N/A,None,None,True,Medium,Not Applicable
S0706,Student,9-12,Female,1,Social Media,True,1,True,True,False,None,N/A,None,None,True,High,Not Applicable
S0707,Student,9-12,Male,1,Chatting,True,2,True,False,False,None,N/A,None,None,False,Low,Not Applicable
S0708,Student,13-17,Female,6,Videos,True,1,False,False,False,None,N/A,None,None,True,Medium,Not Applicable
S0709,Student,13-17,Female,5,Chatting,True,4,False,False,False,None,N/A,None,None,True,Medium,Not Applicable
S0710,Student,13-17,Female,5,Studying,True,3,True,True,False,None,N/A,None,None,False,Low,Not Applicable
S0711,Student,13-17,Male,4,Gaming,True,4,True,True,True,Defamation; Threats,False,None,None,False,Low,Certain
S0712,Student,13-17,Male,6,Social Media,True,1,True,True,True,Insults; Exclusion,False,None,Academic Decline; Depression,False,Low,Unsure
S0713,Student,13-17,Female,1,Videos,True,1,False,False,True,Insults,True,Family,None,False,Medium,Unsure
S0714,Student,9-12,Female,2,Gaming,True,1,True,False,True,Insults; Defamation,False,None,Depression,True,Medium,Unsure
S0715,Student,13-17,Male,3,Social Media,True,1,False,False,False,None,N/A,None,None,True,Medium,Not Applicable
S0716,Student,13-17,Female,1,Chatting,True,1,True,False,False,None,N/A,None,None,True,Medium,Not Applicable
S0717,Student,13-17,Female,4,Studying,True,3,True,False,True,Insults; Defamation,True,Teacher,None,True,High,Unsure
S0718,Student,9-12,Male,1,Videos,True,1,False,False,False,None,N/A,None,None,False,Low,Not Applicable
S0719,Student,13-17,Female,1,Chatting,True,1,True,False,False,None,N/A,None,None,True,Medium,Not Applicable
S0720,Student,13-17,Male,4,Videos,False,4,True,False,False,None,N/A,None,None,False,Low,Not Applicable
S0721,Student,13-17,Female,3,Studying,True,1,False,False,False,None,N/A,None,None,True,Medium,Not Applicable
S0722,Student,13-17,Female,1,Videos,True,1,False,False,True,Insults,False,None,Insomnia; Anxiety,True,Medium,Unsure
S0723,Student,13-17,Female,6,Social Media,True,1,False,False,False,None,N/A,None,None,True,High,Not Applicable
S0724,Student,13-17,Male,1,Social Media,True,2,False,False,True,Threats,True,Friend,None,True,High,Certain
S0725,Student,13-17,Female,1,Social Media,True,2,True,True,False,None,N/A,None,None,False,Low,Not Applicable
S0726,Student,13-17,Male,4,Gaming,True,1,True,True,True,Exclusion; Threats,False,None,None,True,Medium,Unsure
S0727,Student,13-17,Male,2,Studying,True,2,False,False,True,Exclusion; Threats,True,Friend,None,False,Low,Certain
S0728,Student,13-17,Female,2,Studying,True,1,False,False,True,Insults; Defamation,True,Friend,Anxiety; Loss of Appetite,False,Low,Certain
S0729,Student,13-17,Male,5,Social Media,False,1,True,True,False,None,N/A,None,None,True,High,Not Applicable
S0730,Student,13-17,Male,4,Chatting,True,1,True,False,True,Insults; Defamation,True,Teacher,Academic Decline,True,High,Unsure
S0731,Student,9-12,Male,1,Studying,False,3,False,False,False,None,N/A,None,None,False,Medium,Not Applicable
S0732,Student,9-12,Female,1,Gaming,True,1,False,False,True,Defamation; Exclusion,False,None,None,True,Medium,Unsure
S0733,Student,13-17,Male,6,Studying,True,1,False,False,False,None,N/A,None,None,False,Low,Not Applicable
S0734,Student,9-12,Male,2,Studying,True,1,False,False,True,None,True,Teacher,Insomnia,False,Low,Unsure
S0735,Student,9-12,Male,1,Studying,True,2,True,True,False,None,N/A,None,None,False,Low,Not Applicable
S0736,Student,13-17,Female,6,Chatting,True,1,True,False,True,Threats,True,Family,Insomnia; Academic Decline,False,Low,Unsure
S0737,Student,13-17,Male,6,Studying,True,2,True,True,True,Insults,False,None,None,True,Medium,Unsure
S0738,Student,13-17,Male,2,Gaming,True,1,False,False,True,Defamation,False,None,Insomnia; Academic Decline; Depression; Anxiety,False,Medium,Certain
S0739,Student,13-17,Male,1,Videos,True,1,True,True,True,Insults; Defamation; Threats,False,None,Insomnia; Academic Decline; Depression,False,Low,Unsure
S0740,Student,13-17,Male,1,Social Media,True,1,True,False,True,Threats,True,School Counselor,None,False,Low,Certain
S0741,Student,13-17,Female,1,Studying,True,2,True,True,False,None,N/A,None,None,True,Medium,Not Applicable
S0742,Student,13-17,Male,8,Videos,True,1,False,False,False,None,N/A,None,None,False,Low,Not Applicable
S0743,Student,13-17,Male,5,Gaming,True,1,True,True,True,None,True,School Counselor,Anxiety,True,Medium,Unsure
S0744,Student,9-12,Female,3,Social Media,True,1,True,False,True,Defamation; Threats,False,None,Academic Decline; Anxiety,False,Medium,Unsure
S0745,Student,9-12,Male,2,Social Media,True,1,False,False,False,None,N/A,None,None,False,Medium,Not Applicable
S0746,Student,13-17,Female,5,Studying,True,1,True,False,False,None,N/A,None,None,True,Medium,Not Applicable
S0747,Student,13-17,Male,3,Gaming,True,1,False,False,False,None,N/A,None,None,True,Medium,Not Applicable
S0748,Student,13-17,Female,6,Chatting,True,1,False,False,True,Insults,True,School Counselor,Insomnia,False,Low,Unsure
S0749,Student,13-17,Female,3,Videos,True,4,True,True,False,None,N/A,None,None,True,High,Not Applicable
S0750,Student,13-17,Female,4,Social Media,True,1,False,False,False,None,N/A,None,None,True,High,Not Applicable
S0751,Student,13-17,Male,3,Gaming,True,4,False,False,True,Defamation,True,Family,Insomnia; Depression,True,Medium,Certain
S0752,Student,13-17,Female,5,Chatting,True,1,True,True,True,Insults; Exclusion,False,None,None,False,Low,Certain
S0753,Student,13-17,Male,5,Studying,True,3,True,True,False,None,N/A,None,None,True,Medium,Not Applicable
S0754,Student,13-17,Male,1,Chatting,True,2,True,False,True,Insults,False,None,Insomnia; Academic Decline,True,High,Certain
S0755,Student,9-12,Male,3,Gaming,True,1,False,False,False,None,N/A,None,None,False,Low,Not Applicable
S0756,Student,13-17,Female,2,Videos,True,1,False,False,False,None,N/A,None,None,True,High,Not Applicable
S0757,Student,13-17,Male,7,Studying,True,3,True,True,False,None,N/A,None,None,True,Medium,Not Applicable
S0758,Student,13-17,Male,2,Social Media,True,1,True,False,True,Insults; Defamation,True,Family,None,True,High,Certain
S0759,Student,13-17,Male,1,Studying,True,1,True,True,True,Insults; Sexual Harassment,True,Teacher,Insomnia; Depression,True,Medium,Unsure
S0760,Student,13-17,Male,4,Videos,True,1,False,False,True,Insults,True,Friend,Insomnia,False,Low,Unsure
S0761,Student,13-17,Male,7,Chatting,True,1,False,False,True,Insults; Exclusion; Threats,True,School Counselor,None,True,Medium,Certain
S0762,Student,9-12,Female,1,Social Media,True,2,False,False,True,Insults; Defamation,False,None,Insomnia,False,Medium,Certain
S0763,Student,13-17,Female,3,Social Media,True,1,True,False,True,None,True,Teacher,Insomnia; Anxiety,False,Low,Certain
S0764,Student,9-12,Female,4,Gaming,False,1,False,False,False,None,N/A,None,None,True,Medium,Not Applicable
S0765,Student,13-17,Female,7,Chatting,True,1,True,True,False,None,N/A,None,None,True,High,Not Applicable
S0766,Student,13-17,Male,3,Gaming,True,3,True,False,False,None,N/A,None,None,True,Medium,Not Applicable
S0767,Student,13-17,Male,2,Studying,True,1,True,True,True,Insults; Exclusion,False,None,Insomnia; Academic Decline; Depression,False,Low,Certain
S0768,Student,9-12,Female,1,Videos,True,3,True,True,True,Insults; Defamation; Exclusion,True,Friend,Insomnia,False,Low,Unsure
S0769,Student,13-17,Female,8,Studying,True,1,True,True,False,None,N/A,None,None,True,Medium,Not Applicable
S0770,Student,13-17,Female,6,Videos,True,1,False,False,False,None,N/A,None,None,False,Medium,Not Applicable
S0771,Student,13-17,Female,4,Chatting,True,4,True,False,False,None,N/A,None,None,True,High,Not Applicable
S0772,Student,9-12,Male,2,Studying,True,1,True,True,False,None,N/A,None,None,True,High,Not Applicable
S0773,Student,9-12,Male,2,Chatting,True,4,True,False,False,None,N/A,None,None,True,Medium,Not Applicable
S0774,Student,13-17,Male,3,Studying,True,1,True,True,True,Defamation,False,None,None,True,High,Certain
S0775,Student,13-17,Female,7,Chatting,True,1,False,False,False,None,N/A,None,None,False,Low,Not Applicable
S0776,Student,13-17,Male,2,Chatting,True,1,True,False,False,None,N/A,None,None,False,Low,Not Applicable
S0777,Student,13-17,Female,4,Gaming,True,1,True,True,True,Exclusion; Threats,False,None,Insomnia; Academic Decline,True,Medium,Unsure
S0778,Student,9-12,Female,2,Chatting,True,1,True,True,False,None,N/A,None,None,True,High,Not Applicable
S0779,Student,9-12,Male,4,Gaming,True,3,True,False,False,None,N/A,None,None,True,Medium,Not Applicable
S0780,Student,9-12,Female,1,Social Media,True,1,True,False,True,Exclusion,True,Friend,Academic Decline; Anxiety,True,Medium,Certain
S0781,Student,13-17,Female,7,Studying,True,1,False,False,False,None,N/A,None,None,False,Low,Not Applicable
S0782,Student,9-12,Female,2,Chatting,True,1,True,True,False,None,N/A,None,None,False,Medium,Not Applicable
S0783,Student,9-12,Male,2,Videos,True,1,True,False,False,None,N/A,None,None,True,High,Not Applicable
S0784,Student,13-17,Female,4,Chatting,True,1,True,False,False,None,N/A,None,None,False,Low,Not Applicable
S0785,Student,9-12,Female,1,Chatting,True,3,True,False,True,Insults,True,Teacher,Insomnia; Loss of Appetite,False,Medium,Unsure
S0786,Student,13-17,Male,4,Studying,True,1,False,False,False,None,N/A,None,None,False,Low,Not Applicable
S0787,Student,9-12,Male,4,Gaming,True,1,False,False,False,None,N/A,None,None,False,Low,Not Applicable
S0788,Student,9-12,Male,4,Social Media,True,2,True,False,False,None,N/A,None,None,True,Medium,Not Applicable
S0789,Student,9-12,Female,4,Studying,True,1,False,False,False,None,N/A,None,None,False,Medium,Not Applicable
S0790,Student,9-12,Male,1,Gaming,True,2,True,True,True,Insults,True,Family,Insomnia; Depression; Anxiety,True,High,Certain
S0791,Student,13-17,Male,8,Social Media,True,1,True,False,True,Insults; Exclusion; Threats,False,None,Insomnia; Anxiety,False,Low,Certain
S0792,Student,9-12,Male,0,Studying,True,1,True,False,True,Defamation; Exclusion,False,None,Academic Decline; Depression,False,Medium,Certain
S0793,Student,13-17,Male,3,Social Media,False,1,False,False,False,None,N/A,None,None,False,Low,Not Applicable
S0794,Student,9-12,Female,2,Chatting,True,3,True,True,True,Defamation,False,None,None,True,High,Certain
S0795,Student,13-17,Female,3,Gaming,True,4,True,True,True,Defamation,False,None,None,False,Low,Certain
S0796,Student,9-12,Male,1,Studying,True,1,True,True,True,None,True,Friend,None,True,Medium,Certain
S0797,Student,9-12,Male,4,Videos,True,3,False,False,False,None,N/A,None,None,True,High,Not Applicable
S0798,Student,13-17,Female,3,Videos,True,2,True,True,True,Exclusion,False,None,Insomnia,True,High,Certain
S0799,Student,13-17,Female,2,Studying,True,1,False,False,False,None,N/A,None,None,True,Medium,Not Applicable
S0800,Student,9-12,Female,2,Gaming,True,1,False,False,False,None,N/A,None,None,False,Low,Not Applicable
S0801,Student,9-12,Female,3,Studying,True,1,True,True,False,None,N/A,None,None,False,Medium,Not Applicable
S0802,Student,13-17,Female,4,Videos,True,1,True,False,False,None,N/A,None,None,False,Low,Not Applicable
S0803,Student,13-17,Male,8,Gaming,True,3,True,True,True,Insults,False,None,Anxiety,False,Low,Certain
S0804,Student,13-17,Female,8,Chatting,True,4,True,False,False,None,N/A,None,None,False,Medium,Not Applicable
S0805,Student,13-17,Male,4,Social Media,True,1,True,True,False,None,N/A,None,None,False,Low,Not Applicable
S0806,Student,9-12,Female,0,Gaming,True,1,True,True,False,None,N/A,None,None,False,Medium,Not Applicable
S0807,Student,13-17,Female,4,Chatting,True,1,False,False,True,Insults; Defamation,True,School Counselor,Insomnia; Academic Decline,True,Medium,Unsure
S0808,Student,9-12,Female,4,Social Media,True,1,True,True,True,Insults; Exclusion,False,None,Anxiety,False,Low,Certain
S0809,Student,9-12,Male,1,Videos,True,1,False,False,False,None,N/A,None,None,False,Medium,Not Applicable
S0810,Student,13-17,Male,6,Gaming,True,3,False,False,False,None,N/A,None,None,True,Medium,Not Applicable
S0811,Student,13-17,Female,4,Videos,True,3,False,False,False,None,N/A,None,None,False,Low,Not Applicable
S0812,Student,13-17,Female,2,Studying,True,4,True,False,False,None,N/A,None,None,True,High,Not Applicable
S0813,Student,13-17,Female,3,Gaming,True,1,False,False,True,Exclusion,False,None,None,True,High,Certain
S0814,Student,13-17,Female,4,Chatting,True,1,False,False,True,Exclusion; Sexual Harassment,False,None,None,True,Medium,Certain
S0815,Student,13-17,Male,8,Videos,True,1,True,False,True,Defamation,False,None,Academic Decline,False,Low,Certain
S0816,Student,13-17,Female,4,Social Media,True,3,False,False,True,Defamation,True,School Counselor,None,True,Medium,Certain
S0817,Student,13-17,Female,4,Videos,True,1,True,True,True,Defamation,True,Friend,Insomnia; Depression,True,High,Unsure
S0818,Student,13-17,Female,1,Gaming,True,2,False,False,True,Defamation,False,None,Depression,True,Medium,Unsure
S0819,Student,13-17,Female,8,Chatting,True,1,True,True,False,None,N/A,None,None,True,High,Not Applicable
S0820,Student,9-12,Female,1,Videos,True,1,True,False,False,None,N/A,None,None,True,Medium,Not Applicable
S0821,Student,13-17,Male,6,Gaming,False,1,False,False,False,None,N/A,None,None,False,Medium,Not Applicable
S0822,Student,13-17,Male,3,Gaming,True,1,True,True,True,None,True,Teacher,Insomnia; Academic Decline,False,Low,Certain
S0823,Student,9-12,Male,2,Videos,True,1,False,False,True,Insults; Defamation,True,Friend,Academic Decline,True,Medium,Unsure
S0824,Student,13-17,Female,2,Studying,True,1,True,False,True,Insults,True,School Counselor,Depression,True,Medium,Unsure
S0825,Student,13-17,Female,7,Gaming,True,1,False,False,True,Threats,True,School Counselor,Insomnia; Academic Decline,True,Medium,Certain
S0826,Student,9-12,Female,2,Social Media,False,1,True,True,False,None,N/A,None,None,True,High,Not Applicable
S0827,Student,9-12,Male,4,Chatting,False,2,True,True,False,None,N/A,None,None,True,High,Not Applicable
S0828,Student,13-17,Female,2,Videos,False,1,False,False,False,None,N/A,None,None,True,Medium,Not Applicable
S0829,Student,9-12,Female,4,Social Media,True,1,True,True,True,Exclusion; Threats,True,School Counselor,None,True,High,Certain
S0830,Student,13-17,Male,2,Social Media,True,1,False,False,False,None,N/A,None,None,False,Low,Not Applicable
S0831,Student,9-12,Female,1,Social Media,True,1,True,True,False,None,N/A,None,None,True,Medium,Not Applicable
S0832,Student,13-17,Male,6,Social Media,True,2,False,False,False,None,N/A,None,None,False,Low,Not Applicable
S0833,Student,13-17,Male,2,Studying,True,4,True,False,False,None,N/A,None,None,False,Low,Not Applicable
S0834,Student,13-17,Female,1,Studying,True,1,True,False,False,None,N/A,None,None,False,Low,Not Applicable
S0835,Student,13-17,Female,7,Gaming,True,1,True,False,True,Insults; Defamation,True,School Counselor,Insomnia,False,Low,Unsure
S0836,Student,9-12,Male,4,Social Media,True,1,True,False,False,None,N/A,None,None,True,High,Not Applicable
S0837,Student,9-12,Male,1,Videos,True,4,True,False,True,Insults; Threats,True,School Counselor,Depression,False,Low,Unsure
S0838,Student,9-12,Male,3,Studying,True,4,False,False,True,Insults; Defamation,True,School Counselor,Insomnia,False,Low,Unsure
S0839,Student,13-17,Male,3,Studying,True,3,True,True,False,None,N/A,None,None,True,High,Not Applicable
S0840,Student,13-17,Female,1,Social Media,False,4,False,False,False,None,N/A,None,None,False,Low,Not Applicable
S0841,Student,13-17,Male,7,Chatting,True,1,True,True,True,Defamation,True,School Counselor,Insomnia; Academic Decline,False,Low,Unsure
S0842,Student,9-12,Male,3,Social Media,True,1,True,False,False,None,N/A,None,None,True,Medium,Not Applicable
S0843,Student,9-12,Female,0,Gaming,True,1,True,True,False,None,N/A,None,None,True,Medium,Not Applicable
S0844,Student,9-12,Female,2,Videos,True,1,True,True,False,None,N/A,None,None,True,High,Not Applicable
S0845,Student,13-17,Female,1,Videos,True,1,False,False,False,None,N/A,None,None,False,Medium,Not Applicable
S0846,Student,13-17,Female,3,Videos,True,1,True,True,False,None,N/A,None,None,True,Medium,Not Applicable
S0847,Student,9-12,Female,2,Social Media,True,1,False,False,True,Insults; Defamation; Exclusion,True,Friend,Insomnia,True,Medium,Unsure
S0848,Student,9-12,Female,4,Videos,True,1,True,True,False,None,N/A,None,None,True,High,Not Applicable
S0849,Student,13-17,Female,4,Chatting,True,1,False,False,False,None,N/A,None,None,False,Low,Not Applicable
S0850,Student,9-12,Female,2,Videos,True,4,True,False,False,None,N/A,None,None,True,Medium,Not Applicable
S0851,Student,9-12,Male,2,Gaming,True,1,True,False,False,None,N/A,None,None,True,Medium,Not Applicable
S0852,Student,9-12,Female,2,Videos,True,1,True,False,False,None,N/A,None,None,False,Low,Not Applicable
S0853,Student,13-17,Male,1,Gaming,True,1,True,True,False,None,N/A,None,None,False,Medium,Not Applicable
S0854,Student,13-17,Male,3,Gaming,True,4,True,False,False,None,N/A,None,None,False,Medium,Not Applicable
S0855,Student,13-17,Female,5,Gaming,True,4,False,False,True,Insults; Defamation; Exclusion; Threats,False,None,Insomnia,False,Low,Certain
S0856,Student,9-12,Female,3,Studying,True,4,False,False,False,None,N/A,None,None,False,Low,Not Applicable
S0857,Student,13-17,Female,2,Chatting,True,1,False,False,True,Exclusion,True,Friend,Academic Decline; Depression; Anxiety,False,Medium,Certain
S0858,Student,13-17,Female,5,Studying,True,2,True,False,False,None,N/A,None,None,True,Medium,Not Applicable
S0859,Student,9-12,Female,0,Chatting,True,1,False,False,True,None,False,None,None,False,Low,Unsure
S0860,Student,13-17,Female,4,Studying,True,2,False,False,False,None,N/A,None,None,True,High,Not Applicable
S0861,Student,13-17,Female,4,Gaming,True,3,False,False,True,Insults,False,None,None,False,Low,Certain
S0862,Student,9-12,Female,0,Videos,True,1,True,True,False,None,N/A,None,None,True,Medium,Not Applicable
S0863,Student,13-17,Female,5,Videos,True,2,False,False,True,Defamation,True,Family,None,False,Medium,Unsure
S0864,Student,9-12,Female,3,Social Media,True,1,True,True,False,None,N/A,None,None,False,Medium,Not Applicable
S0865,Student,9-12,Female,1,Gaming,True,3,False,False,False,None,N/A,None,None,False,Low,Not Applicable
S0866,Student,9-12,Female,2,Gaming,True,1,True,True,False,None,N/A,None,None,True,High,Not Applicable
S0867,Student,9-12,Male,1,Chatting,False,1,True,False,True,Insults; Defamation,True,Friend,None,True,High,Unsure
S0868,Student,13-17,Male,6,Social Media,True,1,False,False,False,None,N/A,None,None,False,Low,Not Applicable
S0869,Student,13-17,Male,4,Studying,True,1,False,False,True,Insults,True,Friend,None,False,Low,Certain
S0870,Student,13-17,Male,1,Chatting,True,2,False,False,True,None,False,None,Insomnia,False,Medium,Unsure
S0871,Student,13-17,Female,2,Gaming,True,1,False,False,False,None,N/A,None,None,False,Medium,Not Applicable
S0872,Student,13-17,Female,6,Studying,True,1,True,False,True,Defamation,True,Family,None,True,Medium,Certain
S0873,Student,13-17,Male,6,Chatting,False,1,False,False,True,Insults; Defamation; Exclusion; Threats,False,None,Depression,True,High,Certain
S0874,Student,9-12,Female,1,Social Media,True,1,True,False,True,Threats,True,School Counselor,Insomnia,True,Medium,Unsure
S0875,Student,13-17,Male,4,Chatting,True,1,False,False,True,Insults,False,None,None,False,Low,Certain
S0876,Student,13-17,Female,4,Gaming,False,2,True,True,False,None,N/A,None,None,False,Low,Not Applicable
S0877,Student,13-17,Female,6,Social Media,True,1,False,False,True,Insults; Threats,True,Family,Insomnia,False,Low,Certain
S0878,Student,13-17,Female,6,Social Media,True,4,False,False,True,Insults,True,Friend,Insomnia; Anxiety; Loss of Appetite,False,Low,Unsure
S0879,Student,13-17,Male,3,Videos,True,1,False,False,False,None,N/A,None,None,False,Medium,Not Applicable
S0880,Student,13-17,Male,2,Studying,True,1,False,False,True,Insults; Defamation; Sexual Harassment,False,None,None,True,Medium,Certain
S0881,Student,9-12,Male,2,Videos,False,1,False,False,True,Insults,False,None,Loss of Appetite,False,Low,Unsure
S0882,Student,13-17,Male,1,Videos,False,1,True,False,False,None,N/A,None,None,True,Medium,Not Applicable
S0883,Student,13-17,Male,5,Videos,True,2,True,True,True,Insults; Defamation; Exclusion,True,Friend,Academic Decline,False,Low,Certain
S0884,Student,13-17,Male,8,Chatting,True,2,False,False,True,None,True,Friend,Academic Decline; Depression,False,Low,Unsure
S0885,Student,13-17,Female,6,Videos,True,1,False,False,True,Insults,True,School Counselor,None,True,Medium,Unsure
S0886,Student,13-17,Male,4,Gaming,True,2,False,False,False,None,N/A,None,None,False,Low,Not Applicable
S0887,Student,13-17,Female,8,Studying,True,1,True,True,True,Defamation,False,None,Anxiety,True,High,Unsure
S0888,Student,13-17,Female,5,Videos,True,1,False,False,True,Insults; Defamation,False,None,None,False,Medium,Unsure
S0889,Student,9-12,Female,2,Studying,True,1,False,False,False,None,N/A,None,None,False,Medium,Not Applicable
S0890,Student,13-17,Male,8,Gaming,True,1,False,False,True,Insults; Defamation,False,None,Academic Decline,True,Medium,Unsure
S0891,Student,9-12,Male,3,Studying,True,1,False,False,False,None,N/A,None,None,False,Low,Not Applicable
S0892,Student,13-17,Female,1,Social Media,True,1,False,False,False,None,N/A,None,None,True,Medium,Not Applicable
S0893,Student,13-17,Female,4,Videos,True,1,True,True,False,None,N/A,None,None,False,Medium,Not Applicable
S0894,Student,13-17,Female,3,Studying,True,4,False,False,True,Exclusion,False,None,Insomnia,False,Medium,Certain
S0895,Student,13-17,Female,8,Social Media,True,3,True,False,True,Insults,False,None,None,False,Low,Unsure
S0896,Student,13-17,Male,8,Studying,True,1,True,False,True,Insults; Threats,False,None,Insomnia,True,Medium,Certain
S0897,Student,13-17,Male,7,Gaming,True,1,True,True,False,None,N/A,None,None,True,Medium,Not Applicable
S0898,Student,13-17,Male,7,Videos,True,1,True,False,False,None,N/A,None,None,True,Medium,Not Applicable
S0899,Student,13-17,Male,8,Studying,True,1,False,False,True,Insults; Sexual Harassment,True,School Counselor,None,True,Medium,Certain
S0900,Student,13-17,Female,3,Chatting,True,1,False,False,True,Defamation; Exclusion,False,None,Depression; Anxiety,False,Low,Certain
S0901,Student,9-12,Female,2,Social Media,True,1,True,True,True,Insults; Defamation; Exclusion,True,School Counselor,Insomnia,False,Low,Certain
S0902,Student,9-12,Female,1,Studying,True,1,False,False,False,None,N/A,None,None,False,Medium,Not Applicable
S0903,Student,13-17,Male,4,Videos,True,1,True,False,False,None,N/A,None,None,True,Medium,Not Applicable
S0904,Student,13-17,Male,4,Social Media,True,3,True,True,True,Insults,True,Family,None,True,High,Unsure
S0905,Student,13-17,Male,8,Social Media,True,1,True,True,False,None,N/A,None,None,True,Medium,Not Applicable
S0906,Student,13-17,Male,7,Social Media,True,3,True,False,False,None,N/A,None,None,True,Medium,Not Applicable
S0907,Student,9-12,Female,4,Studying,True,1,True,False,True,Defamation,False,None,Insomnia,False,Low,Unsure
S0908,Student,9-12,Male,2,Social Media,True,2,False,False,False,None,N/A,None,None,False,Low,Not Applicable
S0909,Student,13-17,Male,4,Social Media,True,2,False,False,False,None,N/A,None,None,False,Low,Not Applicable
S0910,Student,13-17,Male,7,Social Media,True,1,False,False,True,Defamation; Exclusion,True,School Counselor,Depression,True,High,Certain
S0911,Student,9-12,Male,1,Studying,True,1,False,False,False,None,N/A,None,None,True,Medium,Not Applicable
S0912,Student,9-12,Female,0,Chatting,True,4,False,False,False,None,N/A,None,None,False,Low,Not Applicable
S0913,Student,13-17,Female,8,Gaming,True,3,False,False,True,Insults; Threats,True,Teacher,Insomnia,False,Medium,Unsure
S0914,Student,9-12,Male,1,Chatting,True,2,True,False,True,Insults; Defamation,True,Family,Depression,False,Low,Unsure
S0915,Student,13-17,Female,6,Gaming,True,1,False,False,False,None,N/A,None,None,True,High,Not Applicable
S0916,Student,13-17,Male,7,Gaming,True,4,True,False,True,Defamation; Threats,True,Family,Insomnia,True,High,Certain
S0917,Student,9-12,Male,3,Studying,True,3,True,True,False,None,N/A,None,None,False,Low,Not Applicable
S0918,Student,9-12,Female,4,Social Media,True,1,True,True,False,None,N/A,None,None,True,Medium,Not Applicable
S0919,Student,13-17,Female,4,Videos,True,4,False,False,True,Insults; Exclusion,True,Family,Insomnia; Loss of Appetite,True,Medium,Unsure
S0920,Student,13-17,Female,8,Videos,True,3,False,False,True,Insults,True,School Counselor,None,True,High,Unsure
S0921,Student,13-17,Male,1,Chatting,True,1,True,True,True,Insults; Defamation,False,None,None,False,Low,Certain
S0922,Student,13-17,Female,6,Videos,True,1,True,True,False,None,N/A,None,None,False,Low,Not Applicable
S0923,Student,13-17,Male,6,Videos,True,2,True,False,False,None,N/A,None,None,True,Medium,Not Applicable
S0924,Student,9-12,Female,1,Gaming,False,3,True,False,False,None,N/A,None,None,False,Low,Not Applicable
S0925,Student,13-17,Male,7,Studying,True,4,True,False,False,None,N/A,None,None,True,High,Not Applicable
S0926,Student,9-12,Male,3,Chatting,True,1,False,False,False,None,N/A,None,None,True,Medium,Not Applicable
S0927,Student,9-12,Male,1,Chatting,False,3,True,False,False,None,N/A,None,None,True,Medium,Not Applicable
S0928,Student,13-17,Female,4,Studying,False,1,False,False,False,None,N/A,None,None,False,Low,Not Applicable
S0929,Student,13-17,Male,3,Videos,True,2,True,True,True,Insults; Defamation,True,Friend,None,False,Low,Unsure
S0930,Student,9-12,Male,3,Studying,True,1,False,False,True,Exclusion,True,Family,None,False,Low,Certain
S0931,Student,13-17,Male,7,Chatting,True,2,True,False,True,Defamation,True,School Counselor,Anxiety,False,Medium,Unsure
S0932,Student,9-12,Male,1,Gaming,True,1,False,False,True,Defamation,True,Family,Insomnia,False,Low,Certain
S0933,Student,9-12,Female,3,Studying,True,4,True,False,True,Insults,True,Friend,None,False,Low,Unsure
S0934,Student,13-17,Female,4,Gaming,True,1,True,True,True,Insults; Sexual Harassment,False,None,None,True,High,Certain
S0935,Student,13-17,Male,1,Social Media,True,1,False,False,False,None,N/A,None,None,True,Medium,Not Applicable
S0936,Student,13-17,Male,5,Chatting,True,1,False,False,True,Defamation,True,School Counselor,Depression; Anxiety,True,High,Unsure
S0937,Student,13-17,Female,5,Gaming,True,1,True,False,True,Insults; Sexual Harassment,False,None,Insomnia,False,Low,Unsure
S0938,Student,13-17,Male,1,Chatting,True,1,False,False,True,Insults,False,None,Insomnia; Academic Decline,False,Low,Certain
S0939,Student,13-17,Male,3,Studying,True,1,False,False,False,None,N/A,None,None,True,Medium,Not Applicable
S0940,Student,9-12,Female,4,Social Media,True,1,True,True,False,None,N/A,None,None,True,Medium,Not Applicable
S0941,Student,13-17,Male,4,Studying,True,1,True,True,False,None,N/A,None,None,True,High,Not Applicable
S0942,Student,13-17,Female,8,Videos,True,1,True,True,False,None,N/A,None,None,False,Low,Not Applicable
S0943,Student,13-17,Female,3,Chatting,True,4,False,False,False,None,N/A,None,None,True,Medium,Not Applicable
S0944,Student,13-17,Female,1,Studying,False,1,False,False,True,Exclusion,False,None,None,True,Medium,Unsure
S0945,Student,13-17,Female,2,Videos,True,1,False,False,True,None,True,Family,Insomnia; Academic Decline,False,Low,Certain
S0946,Student,13-17,Female,2,Chatting,True,4,True,True,True,None,False,None,None,True,High,Certain
S0947,Student,13-17,Male,5,Social Media,True,4,True,True,True,Defamation; Exclusion,False,None,Depression; Anxiety; Loss of Appetite,False,Medium,Certain
S0948,Student,13-17,Male,1,Studying,True,1,False,False,False,None,N/A,None,None,True,High,Not Applicable
S0949,Student,13-17,Female,7,Studying,True,1,True,True,False,None,N/A,None,None,False,Low,Not Applicable
S0950,Student,9-12,Female,1,Gaming,True,1,True,False,True,None,False,None,Insomnia; Academic Decline,True,Medium,Unsure
S0951,Student,9-12,Male,0,Gaming,True,1,False,False,False,None,N/A,None,None,False,Medium,Not Applicable
S0952,Student,13-17,Male,7,Social Media,True,2,False,False,True,Exclusion,False,None,Insomnia,True,High,Unsure
S0953,Student,13-17,Female,3,Chatting,True,1,False,False,True,Defamation,False,None,Insomnia; Anxiety,True,Medium,Unsure
S0954,Student,13-17,Female,3,Videos,True,3,True,False,True,Defamation,True,Teacher,Insomnia; Depression,True,Medium,Unsure
S0955,Student,13-17,Female,5,Videos,True,1,True,True,True,None,False,None,Insomnia; Academic Decline; Depression,True,Medium,Unsure
S0956,Student,13-17,Male,4,Studying,True,3,False,False,True,Threats,True,Family,None,True,Medium,Certain
S0957,Student,9-12,Male,0,Social Media,True,1,True,True,False,None,N/A,None,None,False,Medium,Not Applicable
S0958,Student,13-17,Male,6,Studying,True,2,False,False,False,None,N/A,None,None,False,Medium,Not Applicable
S0959,Student,13-17,Female,4,Chatting,True,1,False,False,True,None,False,None,Insomnia; Academic Decline,True,Medium,Unsure
S0960,Student,9-12,Male,1,Social Media,True,2,True,False,False,None,N/A,None,None,False,Low,Not Applicable
S0961,Student,13-17,Male,8,Videos,True,1,True,False,False,None,N/A,None,None,False,Medium,Not Applicable
S0962,Student,13-17,Female,3,Chatting,False,4,True,True,False,None,N/A,None,None,True,High,Not Applicable
S0963,Student,9-12,Male,4,Chatting,True,3,False,False,False,None,N/A,None,None,True,Medium,Not Applicable
S0964,Student,13-17,Female,5,Social Media,False,3,True,False,False,None,N/A,None,None,False,Low,Not Applicable
S0965,Student,9-12,Female,1,Videos,True,2,False,False,True,Insults,True,Friend,Insomnia; Anxiety,True,Medium,Unsure
S0966,Student,9-12,Female,0,Chatting,True,1,True,True,False,None,N/A,None,None,False,Low,Not Applicable
S0967,Student,9-12,Female,4,Chatting,True,4,True,True,True,Defamation,True,School Counselor,Insomnia; Depression; Anxiety,False,Low,Certain
S0968,Student,13-17,Male,1,Videos,True,3,True,True,False,None,N/A,None,None,False,Low,Not Applicable
S0969,Student,13-17,Female,4,Social Media,True,1,False,False,True,Insults; Defamation,True,Family,None,True,Medium,Unsure
S0970,Student,13-17,Female,1,Videos,True,2,False,False,False,None,N/A,None,None,False,Low,Not Applicable
S0971,Student,13-17,Female,2,Videos,True,1,False,False,True,Threats,False,None,Depression; Anxiety,False,Medium,Unsure
S0972,Student,9-12,Female,1,Gaming,True,1,False,False,True,Insults,False,None,Depression,False,Low,Certain
S0973,Student,9-12,Male,3,Social Media,True,1,True,False,False,None,N/A,None,None,True,Medium,Not Applicable
S0974,Student,9-12,Male,1,Chatting,True,4,True,False,False,None,N/A,None,None,False,Low,Not Applicable
S0975,Student,13-17,Male,3,Videos,True,1,True,True,True,Insults; Defamation; Threats,True,Friend,Insomnia; Loss of Appetite,False,Low,Unsure
S0976,Student,13-17,Male,8,Studying,True,4,True,False,False,None,N/A,None,None,False,Low,Not Applicable
S0977,Student,13-17,Male,2,Gaming,True,1,True,True,True,Insults; Threats,True,Family,Anxiety,True,High,Unsure
S0978,Student,13-17,Female,7,Videos,True,2,False,False,True,Insults,False,None,Loss of Appetite,True,High,Certain
S0979,Student,9-12,Female,3,Videos,True,1,True,True,True,Exclusion,False,None,Insomnia; Academic Decline,True,High,Unsure
S0980,Student,9-12,Female,4,Social Media,True,1,False,False,False,None,N/A,None,None,False,Low,Not Applicable
S0981,Student,13-17,Female,1,Studying,True,1,False,False,False,None,N/A,None,None,False,Medium,Not Applicable
S0982,Student,9-12,Female,2,Social Media,True,1,True,False,False,None,N/A,None,None,False,Low,Not Applicable
S0983,Student,9-12,Male,4,Studying,True,1,True,False,False,None,N/A,None,None,False,Low,Not Applicable
S0984,Student,9-12,Male,0,Videos,True,3,True,False,True,Insults; Defamation,True,School Counselor,None,True,Medium,Unsure
S0985,Student,13-17,Female,4,Gaming,True,4,False,False,True,Defamation; Exclusion,False,None,Depression,True,High,Certain
S0986,Student,13-17,Female,8,Studying,True,1,False,False,True,Insults; Defamation,False,None,None,True,High,Unsure
S0987,Student,13-17,Male,1,Studying,True,1,False,False,False,None,N/A,None,None,False,Low,Not Applicable
S0988,Student,13-17,Male,4,Videos,True,1,False,False,False,None,N/A,None,None,True,Medium,Not Applicable
S0989,Student,9-12,Male,0,Chatting,True,4,False,False,True,Defamation; Exclusion,False,None,Insomnia; Academic Decline,False,Low,Unsure
S0990,Student,13-17,Male,5,Gaming,True,3,False,False,False,None,N/A,None,None,False,Low,Not Applicable
S0991,Student,9-12,Female,2,Videos,False,2,False,False,False,None,N/A,None,None,True,High,Not Applicable
S0992,Student,13-17,Female,8,Gaming,True,1,False,False,True,Insults; Defamation; Exclusion,True,Friend,None,True,Medium,Unsure
S0993,Student,13-17,Female,7,Chatting,True,3,True,False,True,Insults; Defamation,True,Family,Insomnia; Academic Decline,True,High,Unsure
S0994,Student,9-12,Female,1,Gaming,True,1,True,True,True,Defamation,True,Family,Loss of Appetite,True,Medium,Certain
S0995,Student,13-17,Female,4,Chatting,True,1,False,False,False,None,N/A,None,None,False,Low,Not Applicable
S0996,Student,13-17,Male,1,Chatting,True,1,True,False,True,Insults; Defamation,False,None,Insomnia,False,Low,Unsure
S0997,Student,9-12,Female,0,Videos,True,1,True,True,False,None,N/A,None,None,True,High,Not Applicable
S0998,Student,9-12,Male,2,Chatting,True,1,True,False,True,Defamation,True,Family,None,True,Medium,Unsure
S0999,Student,13-17,Female,6,Gaming,True,1,True,False,True,Insults; Defamation,True,Teacher,Insomnia; Academic Decline; Loss of Appetite,True,High,Certain
S1000,Student,9-12,Female,3,Gaming,True,1,True,False,False,None,N/A,None,None,False,Low,Not Applicable
S1001,Student,9-12,Male,4,Studying,True,1,False,False,True,Insults; Defamation; Threats,True,Family,None,False,Medium,Certain
S1002,Student,13-17,Male,5,Chatting,True,4,True,False,False,None,N/A,None,None,True,High,Not Applicable
S1003,Student,9-12,Female,0,Videos,True,1,True,True,True,Insults,True,School Counselor,Anxiety,False,Low,Certain
S1004,Student,13-17,Female,3,Studying,False,1,False,False,True,Insults; Defamation,False,None,Insomnia; Depression,False,Low,Certain
S1005,Student,13-17,Male,4,Videos,True,1,False,False,True,Threats; Sexual Harassment,True,Friend,Academic Decline,True,High,Certain
S1006,Student,13-17,Female,3,Studying,True,2,False,False,False,None,N/A,None,None,True,High,Not Applicable
S1007,Student,13-17,Female,4,Chatting,True,1,True,True,True,Exclusion,False,None,Insomnia,False,Low,Unsure
S1008,Student,13-17,Male,8,Videos,True,4,True,False,False,None,N/A,None,None,False,Medium,Not Applicable
S1009,Student,13-17,Female,6,Gaming,True,1,False,False,True,Insults,False,None,Insomnia,False,Low,Unsure
S1010,Student,13-17,Male,4,Studying,True,1,True,False,False,None,N/A,None,None,True,High,Not Applicable
S1011,Student,13-17,Female,4,Gaming,True,1,False,False,True,Defamation; Threats,False,None,Academic Decline,False,Low,Unsure
S1012,Student,13-17,Male,2,Gaming,True,2,False,False,False,None,N/A,None,None,True,High,Not Applicable
S1013,Student,13-17,Male,1,Chatting,True,1,True,False,False,None,N/A,None,None,True,Medium,Not Applicable
S1014,Student,13-17,Male,8,Studying,True,1,True,False,False,None,N/A,None,None,False,Medium,Not Applicable
S1015,Student,13-17,Male,4,Gaming,True,1,False,False,True,Insults,False,None,Academic Decline,False,Medium,Certain
S1016,Student,9-12,Male,2,Gaming,True,1,False,False,False,None,N/A,None,None,True,Medium,Not Applicable
S1017,Student,9-12,Female,0,Gaming,True,4,True,True,False,None,N/A,None,None,True,Medium,Not Applicable
S1018,Student,13-17,Male,4,Videos,True,3,True,True,True,Insults,False,None,None,True,High,Certain
S1019,Student,13-17,Male,4,Chatting,True,1,True,False,True,Insults,True,School Counselor,Insomnia; Academic Decline; Loss of Appetite,False,Low,Certain
S1020,Student,9-12,Male,0,Studying,True,2,True,True,True,Defamation,False,None,Insomnia,False,Medium,Certain
S1021,Student,13-17,Female,8,Studying,True,1,True,False,True,Insults; Defamation,False,None,Depression,False,Low,Certain
S1022,Student,13-17,Female,5,Studying,False,1,False,False,False,None,N/A,None,None,False,Low,Not Applicable
S1023,Student,13-17,Male,3,Videos,True,4,True,True,False,None,N/A,None,None,False,Low,Not Applicable
S1024,Student,9-12,Male,4,Social Media,True,1,True,True,False,None,N/A,None,None,True,High,Not Applicable
S1025,Student,13-17,Female,3,Studying,True,1,False,False,True,Exclusion,True,Family,Insomnia; Academic Decline; Depression,False,Low,Certain
S1026,Student,9-12,Female,1,Chatting,True,1,False,False,True,Insults; Exclusion,False,None,Depression,False,Low,Certain
S1027,Student,13-17,Male,4,Social Media,True,4,True,True,False,None,N/A,None,None,False,Low,Not Applicable
S1028,Student,9-12,Male,3,Gaming,True,1,True,True,True,None,True,Teacher,Academic Decline; Loss of Appetite,True,Medium,Certain
S1029,Student,13-17,Female,6,Studying,True,1,True,True,False,None,N/A,None,None,False,Low,Not Applicable
S1030,Student,9-12,Male,1,Chatting,False,1,False,False,False,None,N/A,None,None,True,Medium,Not Applicable
S1031,Student,13-17,Male,4,Videos,True,3,True,False,False,None,N/A,None,None,False,Medium,Not Applicable
S1032,Student,13-17,Male,7,Gaming,True,3,True,True,False,None,N/A,None,None,False,Low,Not Applicable
S1033,Student,13-17,Female,4,Gaming,True,3,True,True,False,None,N/A,None,None,True,Medium,Not Applicable
S1034,Student,13-17,Female,8,Chatting,True,1,True,True,False,None,N/A,None,None,True,Medium,Not Applicable
S1035,Student,9-12,Male,3,Chatting,False,1,False,False,False,None,N/A,None,None,False,Low,Not Applicable
S1036,Student,9-12,Male,1,Social Media,True,1,False,False,False,None,N/A,None,None,False,Medium,Not Applicable
S1037,Student,13-17,Male,1,Social Media,True,1,False,False,True,None,False,None,Insomnia; Depression,True,Medium,Certain
S1038,Student,13-17,Female,5,Studying,True,1,True,False,False,None,N/A,None,None,True,Medium,Not Applicable
S1039,Student,9-12,Female,3,Videos,True,1,True,False,False,None,N/A,None,None,True,High,Not Applicable
S1040,Student,13-17,Male,4,Chatting,True,1,False,False,True,Insults; Defamation,True,School Counselor,None,True,Medium,Certain
S1041,Student,9-12,Female,0,Videos,True,1,False,False,True,Insults,False,None,None,True,High,Certain
S1042,Student,13-17,Female,2,Gaming,True,1,True,False,True,Defamation; Exclusion,True,Friend,Insomnia; Academic Decline; Depression,True,High,Unsure
S1043,Student,9-12,Female,2,Videos,True,1,True,True,False,None,N/A,None,None,False,Low,Not Applicable
S1044,Student,13-17,Male,3,Chatting,True,4,True,True,False,None,N/A,None,None,True,High,Not Applicable
S1045,Student,13-17,Female,3,Studying,True,1,True,False,False,None,N/A,None,None,False,Low,Not Applicable
S1046,Student,13-17,Male,1,Gaming,True,3,True,False,False,None,N/A,None,None,True,High,Not Applicable
S1047,Student,9-12,Female,3,Studying,True,1,True,False,True,Insults; Defamation,False,None,Insomnia; Academic Decline,False,Low,Certain
S1048,Student,13-17,Male,3,Chatting,True,1,True,False,False,None,N/A,None,None,False,Low,Not Applicable
S1049,Student,9-12,Female,3,Videos,True,1,True,True,True,Insults,True,School Counselor,None,False,Low,Certain
S1050,Student,13-17,Male,2,Videos,True,3,True,True,False,None,N/A,None,None,True,Medium,Not Applicable
S1051,Student,9-12,Male,4,Social Media,True,1,False,False,False,None,N/A,None,None,False,Low,Not Applicable
S1052,Student,13-17,Female,6,Videos,True,1,False,False,False,None,N/A,None,None,True,Medium,Not Applicable
S1053,Student,13-17,Female,8,Social Media,True,1,True,True,True,None,False,None,None,True,Medium,Certain
S1054,Student,9-12,Female,2,Videos,True,1,False,False,False,None,N/A,None,None,True,Medium,Not Applicable
S1055,Student,9-12,Female,1,Studying,True,2,True,True,True,Insults,True,School Counselor,Insomnia; Depression; Loss of Appetite,False,Medium,Certain
S1056,Student,9-12,Male,1,Gaming,True,1,True,True,True,Insults; Defamation; Threats,True,School Counselor,Depression,False,Medium,Unsure
S1057,Student,9-12,Female,1,Gaming,True,2,True,True,False,None,N/A,None,None,False,Low,Not Applicable
S1058,Student,13-17,Female,7,Gaming,True,3,True,True,False,None,N/A,None,None,True,High,Not Applicable
S1059,Student,13-17,Female,3,Gaming,True,1,False,False,False,None,N/A,None,None,False,Low,Not Applicable
S1060,Student,13-17,Male,5,Social Media,True,1,True,True,False,None,N/A,None,None,True,Medium,Not Applicable
S1061,Student,9-12,Female,0,Videos,True,1,True,True,True,Insults,True,Friend,None,True,Medium,Unsure
S1062,Student,9-12,Male,2,Gaming,True,1,True,False,True,Insults,False,None,Insomnia; Depression,False,Low,Unsure
S1063,Student,13-17,Female,5,Chatting,True,1,True,False,True,Defamation; Threats,False,None,None,False,Low,Unsure
S1064,Student,13-17,Female,1,Gaming,False,1,True,False,True,Insults,False,None,None,False,Low,Certain
S1065,Student,13-17,Female,1,Videos,True,3,True,False,True,Defamation,False,None,None,True,High,Certain
S1066,Student,13-17,Male,1,Chatting,True,1,False,False,True,Insults; Defamation,True,Family,None,False,Low,Unsure
S1067,Student,13-17,Female,1,Social Media,True,1,False,False,False,None,N/A,None,None,False,Medium,Not Applicable
S1068,Student,13-17,Female,1,Social Media,True,1,False,False,False,None,N/A,None,None,False,Low,Not Applicable
S1069,Student,13-17,Female,6,Videos,True,1,False,False,True,Insults,True,School Counselor,None,False,Low,Certain
S1070,Student,9-12,Female,2,Social Media,True,2,True,True,True,Exclusion,True,Teacher,Academic Decline; Anxiety,False,Low,Unsure
S1071,Student,13-17,Female,6,Chatting,False,1,True,False,False,None,N/A,None,None,False,Low,Not Applicable
S1072,Student,9-12,Male,0,Social Media,True,1,True,True,False,None,N/A,None,None,False,Medium,Not Applicable
S1073,Student,13-17,Male,4,Social Media,True,1,False,False,True,Insults; Threats,True,Teacher,Depression,False,Low,Unsure
S1074,Student,13-17,Male,5,Chatting,True,1,True,True,False,None,N/A,None,None,False,Medium,Not Applicable
S1075,Student,9-12,Female,0,Videos,True,1,True,True,False,None,N/A,None,None,False,Low,Not Applicable
S1076,Student,13-17,Female,8,Social Media,True,1,True,True,True,Insults; Sexual Harassment,False,None,Insomnia; Academic Decline,False,Low,Unsure
S1077,Student,13-17,Male,1,Gaming,True,1,False,False,True,Insults; Defamation; Threats,True,Teacher,Insomnia; Academic Decline,False,Low,Unsure
S1078,Student,13-17,Female,6,Chatting,True,1,True,False,False,None,N/A,None,None,False,Medium,Not Applicable
S1079,Student,9-12,Female,0,Social Media,True,1,True,True,False,None,N/A,None,None,True,Medium,Not Applicable
S1080,Student,13-17,Female,3,Studying,False,1,True,False,True,Insults; Exclusion; Threats,False,None,Insomnia,False,Medium,Certain
S1081,Student,13-17,Female,2,Social Media,True,1,False,False,True,Insults; Defamation,True,Friend,Insomnia; Academic Decline,False,Low,Unsure
S1082,Student,9-12,Male,1,Chatting,True,1,False,False,False,None,N/A,None,None,True,Medium,Not Applicable
S1083,Student,13-17,Male,7,Studying,False,4,False,False,True,None,False,None,Depression; Anxiety; Loss of Appetite,True,Medium,Unsure
S1084,Student,13-17,Female,3,Chatting,True,3,False,False,False,None,N/A,None,None,True,High,Not Applicable
S1085,Student,13-17,Male,3,Studying,True,1,True,False,False,None,N/A,None,None,True,Medium,Not Applicable
S1086,Student,13-17,Male,2,Studying,True,1,False,False,False,None,N/A,None,None,True,High,Not Applicable
S1087,Student,9-12,Female,3,Videos,True,2,True,True,False,None,N/A,None,None,True,High,Not Applicable
S1088,Student,13-17,Male,3,Chatting,True,4,True,False,True,Defamation; Threats,False,None,Anxiety,True,High,Certain
S1089,Student,13-17,Female,4,Videos,True,2,True,True,True,None,False,None,Insomnia; Academic Decline,False,Low,Unsure
S1090,Student,13-17,Female,6,Chatting,True,1,True,False,True,Insults; Threats,True,Teacher,Insomnia; Academic Decline; Depression; Loss of Appetite,False,Low,Certain
S1091,Student,13-17,Male,1,Videos,True,1,False,False,True,Insults,False,None,Academic Decline,False,Medium,Certain
S1092,Student,13-17,Male,7,Chatting,True,4,True,False,False,None,N/A,None,None,False,Low,Not Applicable
S1093,Student,13-17,Male,4,Social Media,True,1,True,True,True,None,True,Teacher,Insomnia,True,Medium,Certain
S1094,Student,13-17,Female,7,Videos,True,1,True,True,True,None,True,School Counselor,None,False,Low,Unsure
S1095,Student,9-12,Male,0,Chatting,True,1,False,False,False,None,N/A,None,None,False,Low,Not Applicable
S1096,Student,13-17,Female,8,Videos,True,2,False,False,False,None,N/A,None,None,True,High,Not Applicable
S1097,Student,13-17,Female,6,Gaming,True,1,False,False,False,None,N/A,None,None,True,Medium,Not Applicable
S1098,Student,9-12,Female,1,Gaming,True,3,True,True,False,None,N/A,None,None,False,Low,Not Applicable
S1099,Student,13-17,Male,1,Social Media,True,1,True,False,False,None,N/A,None,None,False,Low,Not Applicable
S1100,Student,13-17,Female,4,Videos,True,3,False,False,True,Insults; Threats,False,None,None,True,Medium,Unsure
S1101,Student,13-17,Female,6,Studying,True,1,False,False,False,None,N/A,None,None,True,Medium,Not Applicable
S1102,Student,13-17,Female,4,Videos,True,2,False,False,True,Insults,False,None,Depression; Anxiety,True,High,Unsure
S1103,Student,13-17,Female,7,Studying,True,4,True,False,False,None,N/A,None,None,False,Low,Not Applicable
S1104,Student,13-17,Male,1,Gaming,True,2,True,True,True,Insults,True,Teacher,Academic Decline; Depression,False,Low,Unsure
S1105,Student,13-17,Male,3,Social Media,True,3,False,False,True,Defamation; Exclusion; Threats,True,Teacher,Depression; Anxiety,True,High,Unsure
S1106,Student,9-12,Female,1,Gaming,True,1,True,True,True,Defamation,True,Family,Academic Decline; Anxiety,False,Medium,Unsure
S1107,Student,13-17,Male,6,Gaming,True,1,True,False,False,None,N/A,None,None,True,High,Not Applicable
S1108,Student,9-12,Female,4,Videos,True,1,True,True,False,None,N/A,None,None,True,Medium,Not Applicable
S1109,Student,13-17,Male,3,Chatting,False,4,True,False,False,None,N/A,None,None,True,Medium,Not Applicable
S1110,Student,13-17,Male,5,Videos,True,4,True,True,True,Insults,True,Family,Insomnia,True,Medium,Unsure
S1111,Student,9-12,Female,4,Social Media,True,1,True,False,True,Defamation; Exclusion,False,None,Anxiety; Loss of Appetite,True,High,Certain
S1112,Student,9-12,Female,1,Videos,True,1,False,False,False,None,N/A,None,None,True,High,Not Applicable
S1113,Student,9-12,Female,4,Chatting,True,2,True,False,False,None,N/A,None,None,True,High,Not Applicable
S1114,Student,13-17,Male,4,Social Media,True,1,False,False,False,None,N/A,None,None,False,Low,Not Applicable
S1115,Student,9-12,Female,1,Videos,True,2,True,True,True,Threats,True,School Counselor,Anxiety,False,Low,Certain
S1116,Student,9-12,Female,2,Social Media,True,1,False,False,True,Defamation; Threats,True,School Counselor,Anxiety,False,Medium,Unsure
S1117,Student,13-17,Female,4,Videos,False,1,True,False,False,None,N/A,None,None,True,High,Not Applicable
S1118,Student,9-12,Female,0,Chatting,False,2,True,False,False,None,N/A,None,None,True,Medium,Not Applicable
S1119,Student,13-17,Female,1,Videos,True,4,False,False,True,None,True,Family,Academic Decline,False,Low,Unsure
S1120,Student,13-17,Male,4,Gaming,True,1,True,False,False,None,N/A,None,None,False,Low,Not Applicable
S1121,Student,13-17,Female,7,Videos,False,1,True,True,False,None,N/A,None,None,True,Medium,Not Applicable
S1122,Student,9-12,Female,3,Gaming,True,1,False,False,True,Insults; Exclusion,True,Family,None,False,Low,Unsure
S1123,Student,13-17,Female,7,Gaming,False,4,False,False,False,None,N/A,None,None,False,Medium,Not Applicable
S1124,Student,9-12,Male,3,Gaming,False,3,True,False,True,None,False,None,None,True,High,Unsure
S1125,Student,13-17,Female,4,Chatting,True,2,False,False,False,None,N/A,None,None,False,Low,Not Applicable
S1126,Student,9-12,Female,3,Videos,True,1,False,False,False,None,N/A,None,None,False,Low,Not Applicable
S1127,Student,13-17,Female,4,Chatting,True,1,False,False,False,None,N/A,None,None,False,Medium,Not Applicable
S1128,Student,13-17,Female,7,Gaming,True,2,True,True,True,Threats; Sexual Harassment,False,None,Insomnia; Anxiety,True,High,Unsure
S1129,Student,9-12,Female,3,Gaming,True,1,True,True,False,None,N/A,None,None,False,Medium,Not Applicable
S1130,Student,13-17,Male,7,Videos,True,1,True,True,False,None,N/A,None,None,False,Medium,Not Applicable
S1131,Student,13-17,Female,2,Studying,True,1,False,False,False,None,N/A,None,None,False,Low,Not Applicable
S1132,Student,9-12,Female,2,Social Media,False,4,True,False,False,None,N/A,None,None,True,High,Not Applicable
S1133,Student,13-17,Male,2,Gaming,True,1,True,False,True,Defamation; Threats,False,None,None,True,High,Unsure
S1134,Student,13-17,Female,3,Videos,True,1,False,False,True,Threats,False,None,Academic Decline; Depression,True,Medium,Unsure
S1135,Student,9-12,Male,2,Social Media,True,4,False,False,True,Defamation; Threats,True,Family,Academic Decline; Loss of Appetite,True,High,Certain
S1136,Student,13-17,Male,3,Gaming,True,2,True,True,True,None,False,None,Academic Decline,True,Medium,Certain
S1137,Student,9-12,Male,0,Studying,True,1,True,False,True,Insults; Exclusion,True,Teacher,Anxiety,True,Medium,Certain
S1138,Student,13-17,Female,3,Chatting,True,1,False,False,False,None,N/A,None,None,True,High,Not Applicable
S1139,Student,13-17,Female,4,Studying,True,2,True,True,True,Exclusion,False,None,Insomnia; Depression,True,Medium,Certain
S1140,Student,13-17,Male,5,Social Media,False,3,True,True,True,Insults,True,Family,Insomnia; Academic Decline,False,Low,Certain
S1141,Student,13-17,Male,1,Chatting,True,1,True,False,False,None,N/A,None,None,False,Medium,Not Applicable
S1142,Student,13-17,Male,6,Videos,True,1,True,False,False,None,N/A,None,None,False,Medium,Not Applicable
S1143,Student,9-12,Male,0,Social Media,True,1,True,False,True,Insults; Defamation; Threats,True,School Counselor,Insomnia; Anxiety,False,Low,Unsure
S1144,Student,13-17,Female,4,Gaming,True,1,False,False,True,Insults,True,Family,Depression,False,Low,Certain
S1145,Student,13-17,Male,7,Gaming,True,1,True,True,True,None,False,None,None,False,Low,Certain
S1146,Student,13-17,Female,2,Videos,True,1,True,True,False,None,N/A,None,None,True,Medium,Not Applicable
S1147,Student,13-17,Female,4,Studying,True,1,False,False,True,Insults; Defamation,False,None,Academic Decline,False,Low,Certain
S1148,Student,9-12,Female,2,Videos,True,4,False,False,True,Insults; Defamation; Exclusion,True,Family,Academic Decline,False,Low,Certain
S1149,Student,9-12,Female,2,Studying,True,1,False,False,False,None,N/A,None,None,True,High,Not Applicable
S1150,Student,9-12,Female,3,Videos,True,1,True,True,True,Insults,True,Family,Academic Decline,True,High,Certain
S1151,Student,13-17,Female,8,Studying,True,2,True,True,True,None,True,School Counselor,Academic Decline,False,Low,Unsure
S1152,Student,9-12,Male,1,Videos,False,1,False,False,True,None,False,None,Academic Decline,False,Medium,Certain
S1153,Student,13-17,Female,7,Social Media,True,1,True,True,False,None,N/A,None,None,False,Low,Not Applicable
S1154,Student,9-12,Male,4,Studying,True,2,True,True,False,None,N/A,None,None,True,Medium,Not Applicable
S1155,Student,13-17,Female,2,Studying,True,1,True,False,False,None,N/A,None,None,True,High,Not Applicable
S1156,Student,9-12,Male,2,Videos,True,4,True,False,False,None,N/A,None,None,True,Medium,Not Applicable
S1157,Student,13-17,Female,5,Videos,True,1,False,False,True,Insults,True,Teacher,Academic Decline; Depression,False,Low,Certain
S1158,Student,9-12,Female,3,Gaming,True,1,False,False,True,Defamation; Exclusion,False,None,None,True,Medium,Certain
S1159,Student,13-17,Male,4,Studying,True,4,False,False,True,Defamation; Exclusion,False,None,Insomnia; Depression,False,Medium,Certain
S1160,Student,13-17,Female,3,Videos,True,3,True,False,True,None,False,None,Insomnia,True,Medium,Certain
S1161,Student,13-17,Female,2,Social Media,True,1,True,False,False,None,N/A,None,None,False,Medium,Not Applicable
S1162,Student,13-17,Female,3,Videos,True,1,True,True,True,Threats,False,None,Academic Decline,False,Low,Certain
S1163,Student,13-17,Male,7,Social Media,True,1,False,False,True,Defamation,False,None,None,True,High,Unsure
S1164,Student,13-17,Male,4,Gaming,True,1,False,False,True,Insults; Threats,False,None,Anxiety,True,Medium,Unsure
S1165,Student,13-17,Female,7,Gaming,True,2,False,False,False,None,N/A,None,None,False,Low,Not Applicable
S1166,Student,9-12,Male,1,Studying,True,1,False,False,True,None,True,Family,Academic Decline,True,High,Unsure
S1167,Student,9-12,Female,2,Studying,True,3,False,False,False,None,N/A,None,None,False,Low,Not Applicable
S1168,Student,13-17,Female,5,Chatting,True,1,True,False,True,Insults,False,None,Academic Decline; Loss of Appetite,True,Medium,Certain
S1169,Student,9-12,Male,4,Gaming,True,1,True,True,True,Insults,False,None,Academic Decline; Depression,False,Low,Unsure
S1170,Student,13-17,Female,1,Gaming,True,1,True,False,False,None,N/A,None,None,False,Low,Not Applicable
S1171,Student,13-17,Female,4,Social Media,True,3,True,False,True,Insults; Threats,False,None,None,False,Low,Certain
S1172,Student,13-17,Male,4,Gaming,True,1,True,True,True,Insults; Defamation; Exclusion,False,None,Anxiety,False,Low,Certain
S1173,Student,13-17,Female,6,Chatting,True,4,True,True,True,Defamation; Exclusion,False,None,Depression,False,Low,Certain
S1174,Student,13-17,Female,7,Chatting,False,1,True,False,True,None,False,None,Insomnia,True,High,Unsure
S1175,Student,9-12,Female,4,Studying,True,1,True,False,False,None,N/A,None,None,True,Medium,Not Applicable
S1176,Student,9-12,Male,4,Gaming,True,1,False,False,False,None,N/A,None,None,False,Medium,Not Applicable
S1177,Student,13-17,Female,6,Social Media,True,1,True,False,False,None,N/A,None,None,False,Low,Not Applicable
S1178,Student,13-17,Female,4,Social Media,True,2,False,False,False,None,N/A,None,None,True,High,Not Applicable
S1179,Student,13-17,Female,7,Gaming,True,1,False,False,False,None,N/A,None,None,True,High,Not Applicable
S1180,Student,13-17,Male,7,Studying,True,4,True,True,True,Insults; Defamation; Sexual Harassment,True,Friend,Insomnia,False,Medium,Certain
S1181,Student,13-17,Male,6,Gaming,True,1,True,True,True,Insults; Defamation,True,School Counselor,Academic Decline,False,Medium,Unsure
S1182,Student,9-12,Female,0,Gaming,True,1,True,False,False,None,N/A,None,None,False,Low,Not Applicable
S1183,Student,13-17,Male,8,Gaming,True,1,False,False,True,Exclusion; Threats,False,None,None,False,Medium,Unsure
S1184,Student,9-12,Female,0,Studying,False,1,True,True,False,None,N/A,None,None,False,Medium,Not Applicable
S1185,Student,13-17,Male,8,Social Media,False,1,False,False,False,None,N/A,None,None,False,Low,Not Applicable
S1186,Student,13-17,Female,5,Studying,True,3,True,True,False,None,N/A,None,None,True,Medium,Not Applicable
S1187,Student,13-17,Female,4,Studying,True,4,True,False,False,None,N/A,None,None,True,High,Not Applicable
S1188,Student,13-17,Male,4,Social Media,True,1,False,False,True,Exclusion; Sexual Harassment,True,Friend,None,False,Low,Unsure
S1189,Student,13-17,Male,4,Studying,True,1,False,False,False,None,N/A,None,None,False,Low,Not Applicable
S1190,Student,9-12,Male,0,Chatting,True,1,True,False,False,None,N/A,None,None,False,Low,Not Applicable
S1191,Student,13-17,Male,7,Videos,True,3,True,False,False,None,N/A,None,None,True,High,Not Applicable
S1192,Student,13-17,Male,5,Videos,True,1,False,False,True,Defamation; Exclusion,False,None,Insomnia; Academic Decline,False,Low,Unsure
S1193,Student,9-12,Female,4,Videos,True,3,False,False,False,None,N/A,None,None,False,Low,Not Applicable
S1194,Student,13-17,Female,8,Chatting,True,3,False,False,True,None,True,Friend,Academic Decline; Depression,False,Medium,Certain
S1195,Student,9-12,Male,2,Gaming,True,1,True,True,False,None,N/A,None,None,False,Low,Not Applicable
S1196,Student,9-12,Male,4,Chatting,True,1,True,False,False,None,N/A,None,None,False,Medium,Not Applicable
S1197,Student,13-17,Female,1,Chatting,True,1,True,False,False,None,N/A,None,None,True,High,Not Applicable
S1198,Student,9-12,Male,1,Studying,True,4,True,False,True,Insults; Exclusion,False,None,None,False,Medium,Certain
S1199,Student,13-17,Male,2,Gaming,True,4,True,False,False,None,N/A,None,None,False,Low,Not Applicable
S1200,Student,13-17,Male,5,Chatting,True,3,False,False,False,None,N/A,None,None,True,High,Not Applicable
S1201,Student,13-17,Female,3,Videos,True,1,False,False,False,None,N/A,None,None,False,Medium,Not Applicable
S1202,Student,13-17,Male,2,Chatting,True,1,False,False,False,None,N/A,None,None,True,High,Not Applicable
S1203,Student,13-17,Female,5,Social Media,True,1,True,False,False,None,N/A,None,None,False,Medium,Not Applicable
S1204,Student,13-17,Female,3,Studying,True,1,True,True,False,None,N/A,None,None,True,High,Not Applicable
S1205,Student,13-17,Female,8,Videos,True,4,True,False,False,None,N/A,None,None,False,Low,Not Applicable
S1206,Student,13-17,Female,6,Gaming,True,4,True,False,True,Insults,False,None,Academic Decline,False,Low,Unsure
S1207,Student,13-17,Female,2,Gaming,False,1,True,False,False,None,N/A,None,None,True,Medium,Not Applicable
S1208,Student,13-17,Male,7,Chatting,True,4,False,False,True,Insults; Exclusion,False,None,None,True,Medium,Certain
S1209,Student,9-12,Female,0,Videos,False,1,True,False,False,None,N/A,None,None,True,High,Not Applicable
S1210,Student,13-17,Female,7,Social Media,True,1,True,False,True,Insults,False,None,Depression,True,High,Certain
S1211,Student,9-12,Male,2,Gaming,True,1,False,False,True,Defamation; Threats,True,Teacher,Insomnia,True,High,Unsure
S1212,Student,9-12,Female,1,Social Media,True,4,True,False,True,Defamation; Exclusion,False,None,Insomnia; Depression,False,Medium,Unsure
S1213,Student,13-17,Female,4,Gaming,False,3,False,False,False,None,N/A,None,None,False,Low,Not Applicable
S1214,Student,13-17,Male,3,Videos,True,4,False,False,False,None,N/A,None,None,True,High,Not Applicable
S1215,Student,13-17,Male,6,Gaming,True,1,False,False,False,None,N/A,None,None,False,Medium,Not Applicable
S1216,Student,13-17,Male,4,Videos,True,1,True,False,True,Insults,False,None,None,False,Medium,Certain
S1217,Student,9-12,Female,2,Social Media,True,1,False,False,False,None,N/A,None,None,True,High,Not Applicable
S1218,Student,9-12,Female,2,Social Media,True,1,True,True,False,None,N/A,None,None,False,Low,Not Applicable
S1219,Student,13-17,Male,1,Videos,True,1,False,False,False,None,N/A,None,None,False,Medium,Not Applicable
S1220,Student,13-17,Female,2,Social Media,True,1,True,False,True,Insults,True,Family,None,False,Medium,Certain
S1221,Student,13-17,Male,4,Gaming,True,1,True,False,True,Insults; Defamation,False,None,Insomnia; Anxiety,False,Low,Unsure
S1222,Student,13-17,Male,5,Gaming,True,2,False,False,False,None,N/A,None,None,False,Medium,Not Applicable
S1223,Student,13-17,Female,5,Studying,True,1,False,False,False,None,N/A,None,None,False,Low,Not Applicable
S1224,Student,13-17,Female,3,Gaming,True,1,False,False,True,Insults; Defamation,True,Friend,None,False,Low,Unsure
S1225,Student,9-12,Female,4,Social Media,True,4,False,False,False,None,N/A,None,None,True,Medium,Not Applicable
S1226,Student,9-12,Male,0,Chatting,True,4,False,False,False,None,N/A,None,None,True,Medium,Not Applicable
S1227,Student,13-17,Female,4,Chatting,True,2,True,False,True,None,False,None,Academic Decline; Depression,True,Medium,Certain
S1228,Student,13-17,Female,7,Videos,True,1,False,False,True,Insults; Defamation,False,None,Insomnia; Academic Decline,False,Low,Unsure
S1229,Student,13-17,Male,7,Gaming,True,2,False,False,False,None,N/A,None,None,False,Low,Not Applicable
S1230,Student,13-17,Female,4,Studying,True,1,True,True,True,None,True,School Counselor,None,False,Low,Certain
S1231,Student,9-12,Male,0,Gaming,True,1,False,False,False,None,N/A,None,None,False,Medium,Not Applicable
S1232,Student,13-17,Male,5,Chatting,True,4,True,True,True,Insults,False,None,Academic Decline,False,Medium,Certain
S1233,Student,13-17,Female,6,Gaming,True,1,True,True,False,None,N/A,None,None,False,Low,Not Applicable
S1234,Student,9-12,Male,4,Gaming,True,1,False,False,True,Threats,True,Friend,Academic Decline,True,Medium,Certain
S1235,Student,13-17,Male,4,Studying,True,2,False,False,True,Insults,True,Friend,None,False,Medium,Certain
S1236,Student,13-17,Female,2,Studying,True,1,True,False,False,None,N/A,None,None,False,Low,Not Applicable
S1237,Student,9-12,Male,4,Videos,True,3,False,False,True,Defamation; Exclusion,False,None,None,False,Medium,Certain
S1238,Student,13-17,Female,5,Studying,True,4,True,False,True,Insults; Defamation; Exclusion,True,Friend,None,False,Low,Unsure
S1239,Student,13-17,Female,7,Social Media,True,1,False,False,False,None,N/A,None,None,False,Medium,Not Applicable
S1240,Student,13-17,Male,7,Videos,True,1,False,False,False,None,N/A,None,None,True,Medium,Not Applicable
S1241,Student,13-17,Female,2,Studying,True,3,True,False,False,None,N/A,None,None,False,Low,Not Applicable
S1242,Student,13-17,Female,1,Gaming,True,4,False,False,False,None,N/A,None,None,False,Medium,Not Applicable
S1243,Student,13-17,Male,7,Studying,True,3,False,False,True,Insults; Defamation,False,None,Insomnia; Anxiety,False,Medium,Unsure
S1244,Student,13-17,Male,5,Social Media,True,1,False,False,True,Defamation; Exclusion; Threats; Sexual Harassment,False,None,None,True,Medium,Certain
S1245,Student,9-12,Male,1,Videos,True,1,False,False,False,None,N/A,None,None,False,Low,Not Applicable
S1246,Student,9-12,Female,4,Gaming,True,1,True,False,False,None,N/A,None,None,False,Low,Not Applicable
S1247,Student,13-17,Male,8,Gaming,False,1,True,False,True,None,True,Friend,None,False,Low,Unsure
S1248,Student,9-12,Male,3,Studying,True,3,True,True,False,None,N/A,None,None,False,Low,Not Applicable
S1249,Student,13-17,Male,3,Chatting,True,2,True,True,False,None,N/A,None,None,False,Low,Not Applicable
S1250,Student,9-12,Male,4,Studying,True,4,True,True,False,None,N/A,None,None,False,Low,Not Applicable
S1251,Student,13-17,Female,2,Videos,True,1,True,True,False,None,N/A,None,None,False,Medium,Not Applicable
S1252,Student,9-12,Male,2,Chatting,True,1,True,False,False,None,N/A,None,None,True,High,Not Applicable
S1253,Student,13-17,Female,4,Gaming,True,2,True,False,False,None,N/A,None,None,False,Low,Not Applicable
S1254,Student,13-17,Male,2,Social Media,True,1,False,False,False,None,N/A,None,None,False,Low,Not Applicable
S1255,Student,9-12,Male,0,Chatting,True,3,False,False,False,None,N/A,None,None,False,Low,Not Applicable
S1256,Student,13-17,Male,1,Videos,True,1,True,False,True,Insults,False,None,Insomnia; Academic Decline,False,Low,Certain
S1257,Student,13-17,Female,7,Social Media,True,1,True,True,True,None,False,None,Academic Decline; Loss of Appetite,False,Low,Unsure
S1258,Student,13-17,Female,7,Social Media,True,1,True,False,False,None,N/A,None,None,True,Medium,Not Applicable
S1259,Student,13-17,Male,4,Studying,True,3,False,False,True,None,False,None,Academic Decline; Depression,False,Low,Unsure
S1260,Student,13-17,Female,1,Gaming,True,1,False,False,True,Sexual Harassment,True,Family,Insomnia,True,High,Certain
S1261,Student,9-12,Female,1,Social Media,True,2,False,False,True,Insults; Defamation; Exclusion,True,Friend,Academic Decline,False,Low,Certain
S1262,Student,9-12,Female,1,Videos,True,1,True,False,True,None,True,School Counselor,None,True,Medium,Unsure
S1263,Student,13-17,Female,2,Social Media,True,1,True,False,True,Insults,False,None,Academic Decline; Anxiety,False,Low,Certain
S1264,Student,9-12,Female,2,Chatting,True,2,True,False,False,None,N/A,None,None,True,Medium,Not Applicable
S1265,Student,13-17,Female,1,Chatting,True,1,True,True,True,Defamation,False,None,Anxiety,False,Low,Unsure
S1266,Student,13-17,Male,1,Gaming,False,1,True,False,False,None,N/A,None,None,True,Medium,Not Applicable
S1267,Student,13-17,Female,8,Chatting,True,1,False,False,True,Insults; Defamation; Exclusion; Threats,False,None,None,False,Medium,Unsure
S1268,Student,9-12,Male,1,Chatting,True,3,False,False,False,None,N/A,None,None,True,Medium,Not Applicable
S1269,Student,9-12,Female,0,Chatting,False,1,False,False,False,None,N/A,None,None,False,Low,Not Applicable
S1270,Student,13-17,Male,5,Social Media,True,1,True,False,True,Insults; Defamation; Threats; Sexual Harassment,True,School Counselor,Loss of Appetite,False,Medium,Unsure
S1271,Student,9-12,Male,1,Social Media,True,1,False,False,True,Defamation,True,Family,Insomnia; Loss of Appetite,True,Medium,Unsure
S1272,Student,9-12,Male,1,Social Media,True,1,True,False,False,None,N/A,None,None,True,High,Not Applicable
S1273,Student,13-17,Female,8,Studying,False,1,False,False,True,Defamation,False,None,Insomnia,False,Low,Unsure
S1274,Student,9-12,Male,3,Studying,True,1,True,False,True,Insults; Defamation,True,Family,None,True,Medium,Certain
S1275,Student,9-12,Male,1,Chatting,True,2,False,False,False,None,N/A,None,None,False,Low,Not Applicable
S1276,Student,9-12,Male,1,Social Media,True,1,False,False,True,Insults; Threats,False,None,Insomnia; Loss of Appetite,True,Medium,Certain
S1277,Student,13-17,Female,1,Studying,True,1,True,False,True,Insults; Defamation,False,None,Academic Decline,False,Low,Certain
S1278,Student,9-12,Male,0,Chatting,True,4,True,False,False,None,N/A,None,None,True,Medium,Not Applicable
S1279,Student,13-17,Female,6,Chatting,True,1,True,False,True,Insults; Defamation; Threats; Sexual Harassment,True,Teacher,Loss of Appetite,True,High,Unsure
S1280,Student,13-17,Male,5,Social Media,True,1,True,False,False,None,N/A,None,None,True,Medium,Not Applicable
S1281,Student,13-17,Male,5,Videos,True,1,False,False,False,None,N/A,None,None,False,Medium,Not Applicable
S1282,Student,13-17,Male,8,Studying,True,1,True,False,False,None,N/A,None,None,False,Low,Not Applicable
S1283,Student,9-12,Female,4,Gaming,True,2,False,False,False,None,N/A,None,None,True,High,Not Applicable
S1284,Student,9-12,Female,2,Studying,True,1,False,False,False,None,N/A,None,None,True,High,Not Applicable
S1285,Student,9-12,Male,2,Social Media,True,1,True,False,False,None,N/A,None,None,True,High,Not Applicable
S1286,Student,13-17,Female,7,Studying,True,1,True,True,True,None,False,None,Academic Decline,True,High,Unsure
S1287,Student,13-17,Female,6,Chatting,True,1,False,False,True,Insults,True,Teacher,Academic Decline,True,High,Certain
S1288,Student,9-12,Male,3,Gaming,True,3,False,False,False,None,N/A,None,None,True,Medium,Not Applicable
S1289,Student,13-17,Female,3,Chatting,True,1,True,True,False,None,N/A,None,None,False,Low,Not Applicable
S1290,Student,13-17,Male,8,Studying,True,2,False,False,True,Defamation; Exclusion,False,None,None,True,Medium,Unsure
S1291,Student,13-17,Male,8,Videos,True,1,False,False,True,Insults,True,Family,Anxiety; Loss of Appetite,False,Medium,Certain
S1292,Student,13-17,Male,7,Social Media,True,1,True,True,False,None,N/A,None,None,False,Low,Not Applicable
S1293,Student,9-12,Female,3,Studying,True,1,True,True,False,None,N/A,None,None,True,Medium,Not Applicable
S1294,Student,13-17,Female,4,Chatting,True,1,False,False,True,None,False,None,Insomnia,True,High,Unsure
S1295,Student,13-17,Female,2,Videos,False,1,False,False,True,Defamation,True,Teacher,Academic Decline,False,Low,Certain
S1296,Student,13-17,Male,4,Chatting,True,2,True,False,False,None,N/A,None,None,True,High,Not Applicable
S1297,Student,9-12,Female,4,Videos,True,1,True,False,False,None,N/A,None,None,False,Low,Not Applicable
S1298,Student,13-17,Female,4,Social Media,True,4,True,False,False,None,N/A,None,None,False,Low,Not Applicable
S1299,Student,13-17,Female,1,Videos,True,3,False,False,False,None,N/A,None,None,True,High,Not Applicable
S1300,Student,9-12,Female,1,Videos,True,1,False,False,True,Defamation,True,Family,None,False,Low,Unsure
S1301,Student,13-17,Female,4,Videos,True,1,False,False,False,None,N/A,None,None,True,Medium,Not Applicable
S1302,Student,13-17,Female,2,Gaming,True,1,False,False,False,None,N/A,None,None,True,Medium,Not Applicable
S1303,Student,9-12,Female,4,Videos,True,3,True,True,True,Defamation,True,Teacher,None,True,High,Unsure
S1304,Student,13-17,Female,2,Gaming,True,1,True,False,False,None,N/A,None,None,False,Low,Not Applicable
S1305,Student,13-17,Female,1,Videos,True,1,True,False,False,None,N/A,None,None,True,Medium,Not Applicable
S1306,Student,13-17,Female,1,Chatting,True,1,True,False,False,None,N/A,None,None,True,High,Not Applicable
S1307,Student,13-17,Male,4,Social Media,False,4,True,True,False,None,N/A,None,None,True,Medium,Not Applicable
S1308,Student,9-12,Male,3,Chatting,True,1,True,True,False,None,N/A,None,None,True,High,Not Applicable
S1309,Student,13-17,Female,1,Social Media,True,1,True,False,False,None,N/A,None,None,False,Low,Not Applicable
S1310,Student,13-17,Female,2,Social Media,True,1,True,False,False,None,N/A,None,None,False,Medium,Not Applicable
S1311,Student,13-17,Male,6,Studying,True,1,True,True,False,None,N/A,None,None,False,Low,Not Applicable
S1312,Student,13-17,Female,8,Chatting,True,1,False,False,True,Insults; Defamation; Exclusion,True,Friend,Depression,False,Low,Certain
S1313,Student,13-17,Male,1,Social Media,False,3,False,False,True,Exclusion,False,None,Academic Decline; Loss of Appetite,False,Low,Unsure
S1314,Student,13-17,Female,5,Gaming,False,1,True,True,True,Defamation,True,Family,None,True,High,Unsure
S1315,Student,13-17,Male,7,Chatting,True,1,True,False,True,Defamation,True,Teacher,None,True,High,Unsure
S1316,Student,13-17,Female,4,Videos,True,1,True,False,True,Insults; Defamation,True,Family,None,False,Low,Certain
S1317,Student,13-17,Male,2,Gaming,False,1,False,False,False,None,N/A,None,None,True,High,Not Applicable
S1318,Student,13-17,Female,2,Videos,True,1,True,False,True,Insults; Defamation; Threats,False,None,Insomnia; Depression,True,High,Certain
S1319,Student,13-17,Female,4,Studying,False,1,True,False,True,Threats,False,None,Academic Decline; Depression,False,Low,Certain
S1320,Student,13-17,Male,2,Chatting,True,2,True,True,True,None,False,None,None,True,High,Unsure
S1321,Student,9-12,Female,1,Videos,True,1,True,False,False,None,N/A,None,None,False,Medium,Not Applicable
S1322,Student,13-17,Female,6,Chatting,True,1,False,False,False,None,N/A,None,None,True,Medium,Not Applicable
S1323,Student,13-17,Male,4,Studying,True,1,True,True,False,None,N/A,None,None,True,High,Not Applicable
S1324,Student,13-17,Male,7,Social Media,True,1,True,True,False,None,N/A,None,None,True,High,Not Applicable
S1325,Student,13-17,Female,4,Studying,True,3,True,False,False,None,N/A,None,None,False,Low,Not Applicable
S1326,Student,9-12,Female,2,Videos,True,1,True,False,False,None,N/A,None,None,False,Low,Not Applicable
S1327,Student,13-17,Male,3,Gaming,True,2,False,False,True,Insults; Exclusion,True,Teacher,Academic Decline; Depression; Anxiety; Loss of Appetite,True,Medium,Unsure
S1328,Student,13-17,Male,7,Chatting,True,1,False,False,False,None,N/A,None,None,True,High,Not Applicable
S1329,Student,9-12,Male,4,Studying,False,1,True,True,False,None,N/A,None,None,True,High,Not Applicable
S1330,Student,13-17,Male,2,Gaming,False,2,False,False,True,Exclusion,False,None,Academic Decline,False,Medium,Certain
S1331,Student,13-17,Male,4,Chatting,True,1,False,False,False,None,N/A,None,None,True,Medium,Not Applicable
S1332,Student,13-17,Female,5,Studying,True,4,False,False,True,Threats; Sexual Harassment,False,None,Insomnia; Academic Decline; Depression; Anxiety,True,Medium,Unsure
S1333,Student,9-12,Female,4,Chatting,True,1,False,False,False,None,N/A,None,None,True,High,Not Applicable
S1334,Student,13-17,Male,3,Social Media,True,1,True,False,True,Insults; Threats,False,None,None,False,Low,Unsure
S1335,Student,13-17,Male,2,Studying,True,1,False,False,True,None,False,None,Academic Decline,False,Low,Certain
S1336,Student,13-17,Female,1,Studying,True,1,False,False,True,None,True,School Counselor,Insomnia,True,Medium,Certain
S1337,Student,9-12,Male,3,Social Media,True,1,True,False,True,None,False,None,Academic Decline; Anxiety,False,Low,Unsure
S1338,Student,13-17,Female,8,Gaming,True,1,True,False,False,None,N/A,None,None,False,Medium,Not Applicable
S1339,Student,13-17,Female,5,Chatting,True,1,False,False,True,Insults; Defamation,False,None,None,False,Medium,Unsure
S1340,Student,13-17,Male,7,Chatting,True,1,True,False,False,None,N/A,None,None,False,Medium,Not Applicable
S1341,Student,9-12,Male,4,Videos,True,2,True,True,True,Defamation; Exclusion; Threats,False,None,Depression,False,Medium,Certain
S1342,Student,9-12,Male,1,Videos,True,1,True,True,True,Insults; Defamation,True,Family,Academic Decline,True,High,Certain
S1343,Student,13-17,Female,8,Gaming,True,1,True,False,True,None,False,None,Insomnia; Depression,True,High,Unsure
S1344,Student,9-12,Male,4,Social Media,True,2,False,False,True,Insults; Exclusion,True,Family,None,False,Low,Certain
S1345,Student,9-12,Male,2,Videos,True,2,True,False,True,Defamation; Exclusion,False,None,Insomnia,True,High,Certain
S1346,Student,9-12,Male,1,Studying,True,1,True,False,False,None,N/A,None,None,False,Medium,Not Applicable
S1347,Student,13-17,Female,1,Videos,True,3,True,True,False,None,N/A,None,None,False,Low,Not Applicable
S1348,Student,9-12,Female,1,Chatting,True,1,False,False,True,None,False,None,Insomnia; Academic Decline,False,Low,Unsure
S1349,Student,13-17,Male,4,Studying,True,1,True,True,True,None,False,None,Insomnia,True,Medium,Unsure
S1350,Student,13-17,Female,1,Videos,True,2,True,False,True,Defamation,False,None,Insomnia,False,Medium,Certain
S1351,Student,13-17,Female,4,Videos,False,1,False,False,True,None,False,None,Insomnia; Academic Decline; Depression,True,High,Unsure
S1352,Student,13-17,Female,3,Studying,True,1,True,False,False,None,N/A,None,None,True,High,Not Applicable
S1353,Student,13-17,Female,3,Chatting,True,1,True,False,True,Threats,False,None,None,True,Medium,Unsure
S1354,Student,9-12,Male,0,Chatting,True,1,True,True,False,None,N/A,None,None,False,Medium,Not Applicable
S1355,Student,13-17,Male,4,Gaming,True,3,True,False,False,None,N/A,None,None,False,Medium,Not Applicable
S1356,Student,13-17,Female,4,Studying,True,1,False,False,True,Insults; Defamation; Exclusion,False,None,None,False,Low,Unsure
S1357,Student,13-17,Female,4,Chatting,True,1,True,False,False,None,N/A,None,None,False,Low,Not Applicable
S1358,Student,13-17,Female,1,Videos,True,4,True,True,True,None,False,None,None,False,Medium,Certain
S1359,Student,13-17,Female,1,Videos,True,1,False,False,False,None,N/A,None,None,True,Medium,Not Applicable
S1360,Student,13-17,Male,1,Videos,True,4,False,False,False,None,N/A,None,None,False,Low,Not Applicable
S1361,Student,9-12,Female,1,Videos,True,1,True,False,False,None,N/A,None,None,False,Low,Not Applicable
S1362,Student,13-17,Female,6,Videos,True,2,False,False,False,None,N/A,None,None,True,High,Not Applicable
S1363,Student,13-17,Female,4,Gaming,True,1,True,False,True,Insults; Defamation,True,Family,Insomnia,True,Medium,Unsure
S1364,Student,13-17,Male,7,Chatting,False,1,False,False,True,None,True,School Counselor,None,False,Low,Certain
S1365,Student,9-12,Male,2,Videos,False,1,True,True,False,None,N/A,None,None,False,Low,Not Applicable
S1366,Student,13-17,Female,3,Social Media,True,1,True,True,True,None,True,Family,Academic Decline,True,High,Unsure
S1367,Student,13-17,Female,4,Studying,True,1,True,True,True,Insults; Exclusion,True,Friend,Academic Decline,True,High,Unsure
S1368,Student,13-17,Female,7,Social Media,True,1,True,True,True,Insults,False,None,None,False,Medium,Unsure
S1369,Student,9-12,Female,1,Videos,True,1,True,False,True,Defamation; Exclusion,False,None,Depression,True,High,Unsure
S1370,Student,9-12,Male,1,Social Media,True,1,True,False,False,None,N/A,None,None,True,Medium,Not Applicable
S1371,Student,13-17,Female,2,Gaming,True,3,False,False,False,None,N/A,None,None,False,Medium,Not Applicable
S1372,Student,13-17,Female,5,Gaming,True,1,True,False,False,None,N/A,None,None,True,High,Not Applicable
S1373,Student,13-17,Male,6,Chatting,True,1,False,False,True,Insults,True,School Counselor,Insomnia; Loss of Appetite,True,High,Certain
S1374,Student,9-12,Female,1,Gaming,True,1,False,False,False,None,N/A,None,None,True,Medium,Not Applicable
S1375,Student,13-17,Female,3,Gaming,True,2,True,False,False,None,N/A,None,None,True,High,Not Applicable
S1376,Student,13-17,Male,5,Chatting,True,1,True,False,True,Insults; Defamation,False,None,Loss of Appetite,False,Low,Certain
S1377,Student,13-17,Male,2,Gaming,True,4,True,False,True,Defamation,True,School Counselor,Academic Decline,True,Medium,Unsure
S1378,Student,13-17,Male,1,Gaming,True,1,False,False,True,Insults,True,School Counselor,None,False,Medium,Unsure
S1379,Student,13-17,Female,6,Videos,True,1,True,True,True,Defamation,True,Family,Academic Decline; Loss of Appetite,False,Medium,Unsure
S1380,Student,9-12,Male,1,Videos,True,2,False,False,False,None,N/A,None,None,False,Low,Not Applicable
S1381,Student,13-17,Female,4,Studying,True,1,False,False,True,Insults,True,School Counselor,Insomnia; Academic Decline,True,High,Certain
S1382,Student,13-17,Male,3,Videos,True,1,False,False,False,None,N/A,None,None,False,Low,Not Applicable
S1383,Student,9-12,Male,2,Chatting,False,4,False,False,False,None,N/A,None,None,False,Medium,Not Applicable
S1384,Student,13-17,Female,2,Studying,True,1,False,False,False,None,N/A,None,None,False,Medium,Not Applicable
S1385,Student,9-12,Male,2,Studying,False,1,True,False,False,None,N/A,None,None,False,Low,Not Applicable
S1386,Student,9-12,Female,4,Studying,True,1,False,False,False,None,N/A,None,None,False,Low,Not Applicable
S1387,Student,13-17,Male,2,Studying,True,4,True,False,True,Insults,False,None,Insomnia,False,Low,Certain
S1388,Student,13-17,Female,5,Chatting,True,1,True,False,True,Insults,True,Teacher,Insomnia,True,Medium,Certain
S1389,Student,9-12,Male,1,Social Media,True,1,True,False,True,Insults,False,None,Depression,True,High,Unsure
S1390,Student,13-17,Male,8,Gaming,True,2,True,False,False,None,N/A,None,None,True,Medium,Not Applicable
S1391,Student,13-17,Female,6,Social Media,True,1,False,False,True,Exclusion,False,None,Loss of Appetite,True,High,Unsure
S1392,Student,9-12,Female,4,Chatting,True,1,True,True,True,Insults; Defamation; Threats,False,None,Depression,True,High,Certain
S1393,Student,9-12,Female,0,Gaming,True,1,True,True,True,Insults,False,None,None,True,High,Unsure
S1394,Student,13-17,Female,3,Gaming,True,1,True,False,True,None,False,None,Loss of Appetite,True,Medium,Certain
S1395,Student,9-12,Male,4,Chatting,False,4,True,False,False,None,N/A,None,None,True,High,Not Applicable
S1396,Student,13-17,Male,3,Social Media,True,1,True,True,True,Exclusion,False,None,Insomnia,True,Medium,Unsure
S1397,Student,9-12,Female,4,Social Media,True,1,False,False,False,None,N/A,None,None,True,Medium,Not Applicable
S1398,Student,13-17,Male,7,Social Media,True,1,False,False,True,Insults,True,Teacher,Anxiety,False,Low,Unsure
S1399,Student,13-17,Female,4,Chatting,False,1,False,False,True,Defamation; Threats,False,None,Insomnia; Academic Decline,False,Low,Certain
S1400,Student,13-17,Male,7,Social Media,True,1,False,False,True,None,True,Teacher,Insomnia; Academic Decline,False,Low,Unsure
S1401,Student,13-17,Female,2,Gaming,True,2,False,False,True,Defamation,True,Friend,Insomnia; Academic Decline; Anxiety,True,Medium,Unsure
S1402,Student,9-12,Female,0,Studying,True,3,False,False,False,None,N/A,None,None,False,Medium,Not Applicable
S1403,Student,13-17,Male,3,Chatting,True,1,True,False,False,None,N/A,None,None,False,Low,Not Applicable
S1404,Student,9-12,Female,0,Studying,True,4,True,False,True,Insults; Defamation,True,School Counselor,None,False,Low,Certain
S1405,Student,13-17,Male,7,Chatting,True,1,True,True,False,None,N/A,None,None,True,Medium,Not Applicable
S1406,Student,13-17,Male,6,Gaming,True,3,False,False,False,None,N/A,None,None,False,Medium,Not Applicable
S1407,Student,13-17,Female,7,Gaming,True,3,True,False,True,None,False,None,None,False,Low,Unsure
S1408,Student,13-17,Female,4,Social Media,True,1,True,False,True,Threats,False,None,Insomnia; Academic Decline,True,High,Certain
S1409,Student,13-17,Female,3,Social Media,True,1,True,True,True,Insults,True,Friend,Insomnia,False,Low,Certain
S1410,Student,9-12,Male,1,Chatting,True,1,True,True,False,None,N/A,None,None,True,Medium,Not Applicable
S1411,Student,13-17,Female,1,Studying,True,1,True,False,False,None,N/A,None,None,False,Low,Not Applicable
S1412,Student,13-17,Female,8,Chatting,True,1,True,False,False,None,N/A,None,None,False,Medium,Not Applicable
S1413,Student,13-17,Female,5,Studying,True,1,True,False,True,None,False,None,Academic Decline; Depression,False,Low,Unsure
S1414,Student,13-17,Female,5,Gaming,True,3,True,True,False,None,N/A,None,None,False,Low,Not Applicable
S1415,Student,9-12,Female,0,Chatting,True,1,True,False,False,None,N/A,None,None,True,High,Not Applicable
S1416,Student,13-17,Male,4,Studying,True,3,True,True,True,Insults; Defamation,False,None,Insomnia; Anxiety,True,High,Certain
S1417,Student,13-17,Male,6,Studying,True,1,True,True,False,None,N/A,None,None,True,Medium,Not Applicable
S1418,Student,13-17,Female,2,Social Media,True,1,False,False,False,None,N/A,None,None,False,Low,Not Applicable
S1419,Student,9-12,Male,0,Chatting,True,1,True,False,False,None,N/A,None,None,False,Low,Not Applicable
S1420,Student,13-17,Male,4,Social Media,True,1,True,False,True,Insults,False,None,None,False,Low,Certain
S1421,Student,13-17,Male,4,Social Media,False,1,False,False,False,None,N/A,None,None,True,Medium,Not Applicable
S1422,Student,13-17,Female,7,Chatting,True,4,False,False,True,None,False,None,None,True,Medium,Unsure
S1423,Student,9-12,Female,2,Social Media,True,1,False,False,False,None,N/A,None,None,False,Low,Not Applicable
S1424,Student,13-17,Male,8,Gaming,False,1,False,False,False,None,N/A,None,None,True,Medium,Not Applicable
S1425,Student,13-17,Female,3,Studying,False,3,True,False,False,None,N/A,None,None,False,Low,Not Applicable
S1426,Student,13-17,Male,7,Social Media,True,2,True,True,True,Exclusion,True,Family,Anxiety,False,Medium,Unsure
S1427,Student,13-17,Female,4,Chatting,True,1,False,False,True,Insults,True,Family,Insomnia,False,Low,Unsure
S1428,Student,9-12,Female,3,Chatting,True,1,False,False,False,None,N/A,None,None,True,Medium,Not Applicable
S1429,Student,13-17,Female,3,Gaming,True,1,False,False,True,Insults; Sexual Harassment,False,None,None,True,High,Certain
S1430,Student,9-12,Female,0,Social Media,True,3,True,False,False,None,N/A,None,None,False,Low,Not Applicable
S1431,Student,9-12,Male,1,Videos,True,3,False,False,False,None,N/A,None,None,True,Medium,Not Applicable
S1432,Student,13-17,Male,5,Chatting,True,3,True,False,True,Exclusion,True,Teacher,None,True,Medium,Unsure
S1433,Student,9-12,Female,4,Gaming,True,1,True,False,False,None,N/A,None,None,True,High,Not Applicable
S1434,Student,13-17,Female,4,Social Media,True,1,True,True,False,None,N/A,None,None,False,Low,Not Applicable
S1435,Student,13-17,Female,6,Gaming,False,3,False,False,False,None,N/A,None,None,False,Medium,Not Applicable
S1436,Student,13-17,Female,8,Videos,True,4,True,True,True,Defamation; Exclusion,True,Family,Insomnia; Academic Decline; Anxiety; Loss of Appetite,False,Low,Unsure
S1437,Student,13-17,Male,6,Videos,True,1,False,False,True,None,True,Teacher,Insomnia; Academic Decline,False,Low,Certain
S1438,Student,13-17,Male,7,Studying,True,3,True,True,True,Insults; Defamation,True,Teacher,Depression; Anxiety,True,High,Certain
S1439,Student,9-12,Male,1,Social Media,True,1,True,False,False,None,N/A,None,None,False,Medium,Not Applicable
S1440,Student,9-12,Female,0,Gaming,False,4,True,True,True,Defamation,True,Friend,Insomnia,False,Low,Unsure
S1441,Student,9-12,Female,1,Gaming,True,1,True,False,False,None,N/A,None,None,True,Medium,Not Applicable
S1442,Student,13-17,Male,3,Social Media,True,1,True,False,False,None,N/A,None,None,False,Low,Not Applicable
S1443,Student,13-17,Female,4,Videos,True,1,True,False,True,Defamation,True,School Counselor,None,True,Medium,Unsure
S1444,Student,9-12,Female,2,Gaming,True,4,False,False,True,Insults; Defamation; Exclusion,False,None,Insomnia; Anxiety,False,Low,Unsure
S1445,Student,9-12,Female,3,Studying,True,1,False,False,True,Insults,True,School Counselor,Anxiety; Loss of Appetite,False,Low,Certain
S1446,Student,13-17,Male,2,Gaming,True,1,True,True,False,None,N/A,None,None,False,Low,Not Applicable
S1447,Student,13-17,Female,3,Chatting,True,1,True,True,False,None,N/A,None,None,False,Low,Not Applicable
S1448,Student,13-17,Male,4,Social Media,False,1,False,False,True,Insults,True,Family,Depression,True,High,Certain
S1449,Student,13-17,Female,5,Studying,True,2,True,False,False,None,N/A,None,None,True,High,Not Applicable
S1450,Student,9-12,Female,4,Social Media,True,1,True,True,False,None,N/A,None,None,True,High,Not Applicable
S1451,Student,9-12,Female,2,Videos,True,2,True,False,False,None,N/A,None,None,True,High,Not Applicable
S1452,Student,9-12,Female,2,Gaming,True,1,False,False,True,Insults; Exclusion,True,Friend,Academic Decline,True,High,Certain
S1453,Student,13-17,Female,4,Videos,True,1,True,False,True,Insults,False,None,Academic Decline; Depression,False,Low,Certain
S1454,Student,9-12,Female,2,Videos,True,1,False,False,False,None,N/A,None,None,False,Medium,Not Applicable
S1455,Student,13-17,Female,8,Gaming,True,1,False,False,True,Insults,False,None,None,False,Medium,Unsure
S1456,Student,13-17,Female,3,Videos,False,2,True,False,True,Defamation; Exclusion,False,None,Insomnia; Academic Decline,False,Medium,Certain
S1457,Student,9-12,Female,3,Studying,False,1,False,False,True,Threats,True,Family,Academic Decline; Depression; Anxiety,True,Medium,Certain
S1458,Student,9-12,Female,2,Studying,True,1,False,False,False,None,N/A,None,None,True,Medium,Not Applicable
S1459,Student,9-12,Male,3,Chatting,True,1,False,False,False,None,N/A,None,None,False,Low,Not Applicable
S1460,Student,13-17,Male,4,Gaming,True,1,True,True,False,None,N/A,None,None,True,High,Not Applicable
S1461,Student,9-12,Female,2,Social Media,True,1,False,False,False,None,N/A,None,None,True,High,Not Applicable
S1462,Student,13-17,Female,5,Gaming,True,1,True,False,False,None,N/A,None,None,False,Low,Not Applicable
S1463,Student,13-17,Male,3,Gaming,True,2,True,False,False,None,N/A,None,None,False,Medium,Not Applicable
S1464,Student,13-17,Male,1,Gaming,True,4,True,False,True,Insults; Exclusion,False,None,Academic Decline; Loss of Appetite,False,Low,Certain
S1465,Student,9-12,Male,2,Social Media,True,1,True,False,True,Defamation,False,None,Loss of Appetite,False,Low,Unsure
S1466,Student,9-12,Male,1,Videos,True,1,True,True,True,Insults,True,School Counselor,Academic Decline; Anxiety,False,Medium,Unsure
S1467,Student,13-17,Female,5,Studying,True,1,True,False,False,None,N/A,None,None,False,Low,Not Applicable
S1468,Student,13-17,Male,1,Videos,True,1,True,True,False,None,N/A,None,None,False,Low,Not Applicable
S1469,Student,13-17,Female,5,Social Media,True,1,False,False,False,None,N/A,None,None,False,Low,Not Applicable
S1470,Student,13-17,Male,1,Studying,True,3,True,False,True,Insults; Defamation,False,None,Insomnia,True,Medium,Unsure
S1471,Student,13-17,Female,3,Videos,True,1,False,False,False,None,N/A,None,None,True,High,Not Applicable
S1472,Student,9-12,Female,1,Gaming,True,1,True,True,False,None,N/A,None,None,False,Low,Not Applicable
S1473,Student,9-12,Male,2,Videos,True,3,True,True,False,None,N/A,None,None,False,Low,Not Applicable
S1474,Student,13-17,Female,6,Studying,True,1,True,False,False,None,N/A,None,None,False,Low,Not Applicable
S1475,Student,13-17,Male,3,Chatting,True,1,True,True,True,Insults; Defamation; Exclusion,True,Teacher,None,False,Low,Certain
S1476,Student,13-17,Male,6,Studying,True,1,False,False,True,None,True,Teacher,Insomnia; Academic Decline; Depression; Loss of Appetite,True,Medium,Unsure
S1477,Student,9-12,Female,4,Chatting,True,4,False,False,False,None,N/A,None,None,False,Medium,Not Applicable
S1478,Student,13-17,Male,4,Studying,True,1,False,False,True,None,False,None,Insomnia,False,Low,Certain
S1479,Student,9-12,Female,1,Social Media,True,1,False,False,False,None,N/A,None,None,True,High,Not Applicable
S1480,Student,13-17,Female,5,Studying,True,3,False,False,False,None,N/A,None,None,True,Medium,Not Applicable
S1481,Student,13-17,Male,3,Videos,True,2,True,False,False,None,N/A,None,None,True,Medium,Not Applicable
S1482,Student,13-17,Female,3,Studying,False,1,True,False,True,None,False,None,None,False,Medium,Certain
S1483,Student,13-17,Female,1,Chatting,True,1,True,False,False,None,N/A,None,None,True,Medium,Not Applicable
S1484,Student,13-17,Female,7,Chatting,True,1,True,False,True,Defamation,False,None,Insomnia; Academic Decline,False,Medium,Unsure
S1485,Student,13-17,Male,5,Studying,True,3,False,False,False,None,N/A,None,None,True,High,Not Applicable
S1486,Student,13-17,Male,8,Gaming,True,1,True,False,False,None,N/A,None,None,True,Medium,Not Applicable
S1487,Student,9-12,Female,0,Social Media,True,4,False,False,False,None,N/A,None,None,False,Medium,Not Applicable
S1488,Student,13-17,Male,1,Social Media,True,1,False,False,True,Insults,False,None,None,False,Medium,Certain
S1489,Student,13-17,Male,2,Videos,True,1,True,True,False,None,N/A,None,None,True,Medium,Not Applicable
S1490,Student,13-17,Male,4,Gaming,True,1,False,False,True,Insults; Defamation; Exclusion; Threats,False,None,Insomnia,False,Low,Unsure
S1491,Student,13-17,Male,4,Studying,True,3,False,False,False,None,N/A,None,None,True,High,Not Applicable
S1492,Student,9-12,Male,1,Social Media,True,1,False,False,True,None,False,None,Academic Decline; Depression,False,Low,Certain
S1493,Student,13-17,Female,6,Chatting,True,1,False,False,True,Insults; Threats,False,None,None,True,Medium,Certain
S1494,Student,13-17,Male,1,Social Media,True,1,False,False,False,None,N/A,None,None,False,Low,Not Applicable
S1495,Student,9-12,Male,1,Chatting,True,3,False,False,True,Insults; Defamation,False,None,Insomnia,False,Medium,Unsure
S1496,Student,9-12,Male,2,Social Media,True,1,False,False,True,Insults; Defamation,False,None,Insomnia,True,High,Certain
S1497,Student,13-17,Female,6,Gaming,True,2,True,True,True,Insults,True,Teacher,None,False,Low,Unsure
S1498,Student,13-17,Female,2,Chatting,True,1,True,True,True,Exclusion,False,None,Loss of Appetite,True,Medium,Certain
S1499,Student,13-17,Male,2,Videos,True,1,True,True,False,None,N/A,None,None,True,Medium,Not Applicable
S1500,Student,13-17,Male,1,Chatting,True,3,True,False,True,Exclusion; Sexual Harassment,True,Family,Depression,False,Medium,Certain
S1501,Student,13-17,Male,3,Chatting,True,1,False,False,True,Insults; Exclusion; Threats,False,None,None,False,Medium,Unsure
S1502,Student,13-17,Female,4,Gaming,True,1,True,True,True,None,True,Friend,Depression; Loss of Appetite,True,High,Unsure
S1503,Student,9-12,Male,1,Social Media,False,1,False,False,False,None,N/A,None,None,True,Medium,Not Applicable
S1504,Student,13-17,Male,5,Chatting,True,3,True,True,True,Insults,False,None,Insomnia,True,Medium,Certain
S1505,Student,13-17,Male,7,Studying,True,1,False,False,False,None,N/A,None,None,True,Medium,Not Applicable
S1506,Student,13-17,Male,5,Videos,True,1,True,False,False,None,N/A,None,None,False,Low,Not Applicable
S1507,Student,9-12,Male,1,Studying,True,4,False,False,True,Defamation; Threats,False,None,Insomnia,False,Low,Certain
S1508,Student,9-12,Male,3,Chatting,True,1,True,True,False,None,N/A,None,None,True,Medium,Not Applicable
S1509,Student,9-12,Male,2,Social Media,True,1,True,True,False,None,N/A,None,None,True,Medium,Not Applicable
S1510,Student,9-12,Female,1,Videos,True,1,True,True,False,None,N/A,None,None,False,Low,Not Applicable
S1511,Student,9-12,Female,3,Videos,True,1,True,True,False,None,N/A,None,None,False,Low,Not Applicable
S1512,Student,13-17,Male,4,Studying,True,3,True,False,True,Insults,False,None,Insomnia; Academic Decline,True,High,Unsure
S1513,Student,13-17,Male,6,Gaming,True,1,False,False,False,None,N/A,None,None,True,High,Not Applicable
S1514,Student,13-17,Female,4,Social Media,True,1,True,True,False,None,N/A,None,None,True,Medium,Not Applicable
S1515,Student,13-17,Female,3,Videos,True,1,True,False,True,Insults; Defamation; Exclusion,True,Friend,Depression; Loss of Appetite,True,Medium,Certain
S1516,Student,9-12,Male,1,Videos,True,1,False,False,False,None,N/A,None,None,False,Low,Not Applicable
S1517,Student,13-17,Male,1,Gaming,True,1,True,False,False,None,N/A,None,None,True,High,Not Applicable
S1518,Student,13-17,Male,4,Chatting,True,4,False,False,False,None,N/A,None,None,True,High,Not Applicable
S1519,Student,13-17,Male,3,Videos,True,1,True,False,False,None,N/A,None,None,False,Low,Not Applicable
S1520,Student,9-12,Female,3,Studying,True,1,True,True,False,None,N/A,None,None,False,Medium,Not Applicable
S1521,Student,13-17,Female,3,Social Media,True,1,False,False,True,Defamation,False,None,Insomnia,True,Medium,Unsure
S1522,Student,13-17,Female,3,Social Media,True,1,False,False,True,None,True,School Counselor,Depression; Loss of Appetite,False,Low,Certain
S1523,Student,13-17,Female,6,Gaming,True,1,True,False,True,None,False,None,Insomnia,True,Medium,Unsure
S1524,Student,13-17,Male,1,Videos,True,1,True,False,True,Insults; Defamation,True,School Counselor,None,True,Medium,Unsure
S1525,Student,13-17,Male,7,Studying,False,1,False,False,False,None,N/A,None,None,False,Low,Not Applicable
S1526,Student,9-12,Female,1,Social Media,True,1,False,False,True,Insults,True,Friend,Depression; Loss of Appetite,True,Medium,Certain
S1527,Student,9-12,Male,3,Social Media,True,1,True,False,False,None,N/A,None,None,True,High,Not Applicable
S1528,Student,13-17,Female,1,Chatting,True,1,False,False,False,None,N/A,None,None,False,Medium,Not Applicable
S1529,Student,9-12,Male,1,Social Media,True,1,True,False,False,None,N/A,None,None,False,Medium,Not Applicable
S1530,Student,9-12,Female,1,Studying,True,2,False,False,False,None,N/A,None,None,False,Low,Not Applicable
S1531,Student,13-17,Male,4,Social Media,True,1,True,True,True,Insults; Defamation,False,None,Academic Decline,True,High,Unsure
S1532,Student,13-17,Female,4,Studying,True,1,False,False,True,Insults; Defamation; Threats,True,Family,None,False,Medium,Certain
S1533,Student,13-17,Male,1,Gaming,True,4,True,False,False,None,N/A,None,None,True,Medium,Not Applicable
S1534,Student,13-17,Male,6,Videos,True,2,False,False,True,None,False,None,None,True,Medium,Unsure
S1535,Student,13-17,Male,2,Videos,True,1,True,True,True,Insults,False,None,Academic Decline,False,Low,Certain
S1536,Student,13-17,Male,5,Social Media,True,3,True,True,True,Insults; Defamation,False,None,Insomnia,False,Medium,Certain
S1537,Student,13-17,Male,1,Gaming,False,1,False,False,True,Insults,True,School Counselor,None,False,Medium,Certain
S1538,Student,13-17,Female,4,Social Media,True,1,True,True,True,Exclusion,True,School Counselor,Depression,False,Low,Certain
S1539,Student,13-17,Female,2,Social Media,True,1,True,True,True,Insults; Defamation,False,None,None,False,Low,Unsure
S1540,Student,13-17,Male,6,Social Media,True,1,True,False,True,Insults; Defamation; Threats; Sexual Harassment,False,None,None,True,High,Unsure
S1541,Student,13-17,Female,8,Chatting,True,3,True,True,False,None,N/A,None,None,True,High,Not Applicable
S1542,Student,13-17,Male,1,Social Media,True,1,False,False,False,None,N/A,None,None,False,Low,Not Applicable
S1543,Student,13-17,Male,4,Gaming,True,2,False,False,True,Defamation,False,None,None,True,Medium,Unsure
S1544,Student,9-12,Female,3,Chatting,True,1,False,False,False,None,N/A,None,None,False,Low,Not Applicable
S1545,Student,13-17,Female,7,Studying,True,1,False,False,True,Defamation,True,Teacher,Academic Decline,True,High,Certain
S1546,Student,13-17,Female,4,Videos,True,3,False,False,True,None,False,None,Insomnia; Anxiety,False,Medium,Unsure
S1547,Student,13-17,Male,2,Social Media,True,4,True,False,False,None,N/A,None,None,True,Medium,Not Applicable
S1548,Student,13-17,Female,6,Social Media,True,2,True,True,False,None,N/A,None,None,True,Medium,Not Applicable
S1549,Student,13-17,Female,4,Videos,True,1,True,False,False,None,N/A,None,None,True,High,Not Applicable
S1550,Student,13-17,Female,4,Social Media,True,1,True,False,True,Insults,True,Friend,Academic Decline,False,Medium,Unsure
S1551,Student,13-17,Male,8,Studying,True,4,False,False,True,Insults; Defamation,False,None,Insomnia; Academic Decline,False,Low,Unsure
S1552,Student,13-17,Female,5,Gaming,False,4,True,True,True,Insults; Defamation,True,Friend,Academic Decline; Anxiety,True,Medium,Unsure
S1553,Student,9-12,Female,1,Studying,True,1,False,False,False,None,N/A,None,None,True,Medium,Not Applicable
S1554,Student,13-17,Female,2,Social Media,True,1,True,True,False,None,N/A,None,None,False,Medium,Not Applicable
S1555,Student,13-17,Male,5,Studying,True,1,True,False,False,None,N/A,None,None,True,High,Not Applicable
S1556,Student,9-12,Female,4,Videos,True,1,True,False,False,None,N/A,None,None,True,Medium,Not Applicable
S1557,Student,13-17,Female,3,Chatting,True,1,True,False,True,None,True,Teacher,None,True,Medium,Unsure
S1558,Student,13-17,Female,3,Videos,True,2,True,False,False,None,N/A,None,None,False,Low,Not Applicable
S1559,Student,13-17,Female,4,Social Media,True,1,True,True,False,None,N/A,None,None,True,High,Not Applicable
S1560,Student,9-12,Female,2,Social Media,True,1,True,False,False,None,N/A,None,None,True,Medium,Not Applicable
S1561,Student,13-17,Male,6,Social Media,True,1,True,True,False,None,N/A,None,None,False,Medium,Not Applicable
S1562,Student,13-17,Male,1,Social Media,False,1,False,False,False,None,N/A,None,None,False,Low,Not Applicable
S1563,Student,9-12,Female,0,Studying,True,1,True,True,False,None,N/A,None,None,True,High,Not Applicable
S1564,Student,13-17,Female,3,Studying,True,4,True,False,False,None,N/A,None,None,False,Low,Not Applicable
S1565,Student,9-12,Male,0,Studying,True,1,True,False,False,None,N/A,None,None,False,Low,Not Applicable
S1566,Student,9-12,Female,3,Chatting,True,1,False,False,True,Insults; Exclusion,True,Friend,Insomnia; Academic Decline,True,High,Certain
S1567,Student,9-12,Male,0,Gaming,True,1,False,False,False,None,N/A,None,None,False,Medium,Not Applicable
S1568,Student,9-12,Male,2,Gaming,False,3,False,False,True,Defamation,False,None,Academic Decline,True,High,Certain
S1569,Student,9-12,Female,4,Gaming,True,1,False,False,False,None,N/A,None,None,False,Medium,Not Applicable
S1570,Student,13-17,Male,3,Studying,True,4,False,False,True,Defamation; Exclusion; Sexual Harassment,False,None,Loss of Appetite,False,Low,Certain
S1571,Student,13-17,Female,8,Chatting,True,2,False,False,False,None,N/A,None,None,True,Medium,Not Applicable
S1572,Student,13-17,Female,4,Videos,False,1,False,False,False,None,N/A,None,None,True,High,Not Applicable
S1573,Student,13-17,Female,3,Social Media,True,1,True,False,True,Exclusion,False,None,Depression; Anxiety,True,High,Certain
S1574,Student,9-12,Female,1,Videos,False,1,False,False,False,None,N/A,None,None,True,Medium,Not Applicable
S1575,Student,9-12,Female,3,Studying,True,1,False,False,False,None,N/A,None,None,True,High,Not Applicable
S1576,Student,13-17,Male,2,Gaming,True,1,False,False,True,Insults,False,None,Depression,False,Low,Unsure
S1577,Student,13-17,Female,5,Gaming,True,1,False,False,True,None,True,Family,None,False,Medium,Certain
S1578,Student,13-17,Female,7,Chatting,True,1,True,True,True,Defamation; Threats,False,None,Insomnia,False,Low,Certain
S1579,Student,13-17,Female,1,Gaming,True,1,True,False,False,None,N/A,None,None,True,High,Not Applicable
S1580,Student,9-12,Male,3,Videos,True,1,False,False,False,None,N/A,None,None,False,Low,Not Applicable
S1581,Student,13-17,Female,4,Social Media,True,4,False,False,False,None,N/A,None,None,False,Medium,Not Applicable
S1582,Student,13-17,Female,2,Gaming,True,3,True,True,False,None,N/A,None,None,True,Medium,Not Applicable
S1583,Student,13-17,Female,7,Chatting,True,1,True,False,True,Insults; Defamation; Threats,False,None,Depression,False,Low,Certain
S1584,Student,13-17,Female,6,Social Media,True,1,True,False,True,Insults; Defamation,False,None,Depression,False,Medium,Unsure
S1585,Student,13-17,Male,7,Studying,True,1,True,True,False,None,N/A,None,None,False,Medium,Not Applicable
S1586,Student,13-17,Female,5,Gaming,True,1,False,False,False,None,N/A,None,None,False,Medium,Not Applicable
S1587,Student,13-17,Male,3,Chatting,True,1,True,False,False,None,N/A,None,None,False,Low,Not Applicable
S1588,Student,13-17,Male,6,Studying,True,1,False,False,True,Insults; Defamation,True,Teacher,Academic Decline,True,Medium,Unsure
S1589,Student,13-17,Male,7,Gaming,True,1,True,False,False,None,N/A,None,None,False,Low,Not Applicable
S1590,Student,13-17,Male,6,Social Media,True,2,True,False,False,None,N/A,None,None,False,Medium,Not Applicable
S1591,Student,13-17,Female,5,Studying,True,1,True,False,True,None,False,None,Depression,False,Medium,Unsure
S1592,Student,9-12,Female,1,Social Media,True,1,True,False,False,None,N/A,None,None,True,Medium,Not Applicable
S1593,Student,13-17,Female,4,Social Media,True,3,True,True,False,None,N/A,None,None,True,High,Not Applicable
S1594,Student,9-12,Male,1,Videos,True,1,True,True,True,Insults; Defamation; Exclusion; Threats,False,None,None,True,High,Certain
S1595,Student,13-17,Female,3,Social Media,True,1,False,False,True,Insults; Defamation,False,None,None,True,High,Unsure
S1596,Student,13-17,Female,4,Gaming,True,1,False,False,False,None,N/A,None,None,False,Medium,Not Applicable
S1597,Student,9-12,Male,3,Chatting,True,4,False,False,True,Insults; Exclusion; Threats,False,None,None,False,Low,Unsure
S1598,Student,9-12,Female,3,Chatting,True,1,True,False,False,None,N/A,None,None,False,Low,Not Applicable
S1599,Student,13-17,Male,3,Studying,True,1,True,True,True,Insults; Defamation; Exclusion,True,School Counselor,Insomnia; Anxiety,True,Medium,Unsure
S1600,Student,13-17,Female,4,Chatting,False,4,True,True,False,None,N/A,None,None,True,High,Not Applicable
S1601,Student,9-12,Male,2,Gaming,True,2,True,True,True,Exclusion,True,School Counselor,Academic Decline,True,High,Certain
S1602,Student,13-17,Male,1,Social Media,True,3,True,True,True,Insults; Sexual Harassment,True,Friend,Depression,True,Medium,Unsure
S1603,Student,13-17,Female,4,Social Media,True,1,True,False,False,None,N/A,None,None,False,Low,Not Applicable
S1604,Student,13-17,Male,4,Studying,True,1,False,False,True,Insults; Defamation,False,None,Insomnia; Academic Decline,False,Low,Unsure
S1605,Student,9-12,Male,3,Chatting,True,1,True,True,False,None,N/A,None,None,False,Low,Not Applicable
S1606,Student,13-17,Female,8,Chatting,True,1,True,False,True,Insults; Defamation,False,None,Insomnia; Depression,True,Medium,Certain
S1607,Student,13-17,Female,7,Gaming,True,1,True,False,True,None,True,Teacher,None,True,High,Unsure
S1608,Student,13-17,Male,7,Studying,True,1,True,False,True,Threats,True,School Counselor,Academic Decline; Depression,False,Low,Certain
S1609,Student,9-12,Male,2,Social Media,True,3,True,True,False,None,N/A,None,None,True,Medium,Not Applicable
S1610,Student,9-12,Female,2,Gaming,True,1,False,False,False,None,N/A,None,None,True,High,Not Applicable
S1611,Student,13-17,Female,4,Chatting,True,1,False,False,False,None,N/A,None,None,True,High,Not Applicable
S1612,Student,9-12,Male,0,Studying,True,1,False,False,False,None,N/A,None,None,True,Medium,Not Applicable
S1613,Student,13-17,Female,3,Social Media,True,1,True,False,False,None,N/A,None,None,False,Medium,Not Applicable
S1614,Student,9-12,Female,1,Videos,True,1,True,True,False,None,N/A,None,None,False,Medium,Not Applicable
S1615,Student,13-17,Female,3,Studying,True,1,True,False,True,Insults; Defamation; Threats,True,Teacher,Insomnia; Academic Decline,False,Medium,Unsure
S1616,Student,13-17,Female,8,Gaming,True,1,False,False,False,None,N/A,None,None,False,Low,Not Applicable
S1617,Student,13-17,Male,1,Gaming,True,1,True,True,False,None,N/A,None,None,True,High,Not Applicable
S1618,Student,13-17,Male,2,Videos,True,4,False,False,False,None,N/A,None,None,False,Low,Not Applicable
S1619,Student,13-17,Male,6,Studying,True,1,False,False,True,Defamation; Exclusion,True,School Counselor,Depression,False,Medium,Unsure
S1620,Student,13-17,Male,8,Studying,True,3,False,False,True,None,False,None,None,False,Medium,Certain
S1621,Student,9-12,Female,1,Social Media,True,1,False,False,True,Insults; Defamation,True,Family,None,True,High,Certain
S1622,Student,9-12,Female,2,Studying,True,3,True,True,False,None,N/A,None,None,True,Medium,Not Applicable
S1623,Student,9-12,Female,0,Chatting,True,2,False,False,True,Insults; Defamation,False,None,None,True,High,Certain
S1624,Student,13-17,Female,3,Gaming,True,1,True,False,False,None,N/A,None,None,True,High,Not Applicable
S1625,Student,9-12,Female,0,Social Media,True,1,False,False,True,None,True,Friend,Insomnia,True,High,Unsure
S1626,Student,13-17,Male,4,Studying,True,1,False,False,False,None,N/A,None,None,True,High,Not Applicable
S1627,Student,13-17,Female,2,Social Media,True,1,True,True,True,Defamation; Threats,True,Family,Insomnia,False,Medium,Certain
S1628,Student,13-17,Female,3,Social Media,True,1,False,False,False,None,N/A,None,None,False,Low,Not Applicable
S1629,Student,13-17,Female,1,Studying,True,2,False,False,False,None,N/A,None,None,True,High,Not Applicable
S1630,Student,13-17,Female,4,Gaming,True,1,True,False,True,Exclusion,False,None,Academic Decline,True,Medium,Unsure
S1631,Student,9-12,Male,4,Social Media,True,1,False,False,True,Insults; Defamation; Exclusion,False,None,Academic Decline,False,Low,Certain
S1632,Student,9-12,Male,1,Videos,True,1,True,False,True,Insults; Defamation; Threats,False,None,Academic Decline,True,High,Certain
S1633,Student,9-12,Female,1,Chatting,False,1,True,True,False,None,N/A,None,None,False,Low,Not Applicable
S1634,Student,13-17,Male,5,Videos,True,3,False,False,False,None,N/A,None,None,False,Low,Not Applicable
S1635,Student,13-17,Female,3,Videos,False,1,False,False,False,None,N/A,None,None,False,Low,Not Applicable
S1636,Student,13-17,Male,3,Social Media,True,4,False,False,True,Insults; Defamation; Exclusion,True,Family,None,True,High,Certain
S1637,Student,13-17,Male,8,Social Media,True,2,False,False,True,Defamation; Exclusion,True,Teacher,None,False,Low,Unsure
S1638,Student,13-17,Female,5,Gaming,True,1,True,False,False,None,N/A,None,None,True,High,Not Applicable
S1639,Student,13-17,Male,4,Videos,True,1,False,False,False,None,N/A,None,None,True,High,Not Applicable
S1640,Student,13-17,Female,5,Social Media,True,1,True,True,True,None,False,None,None,False,Low,Certain
S1641,Student,13-17,Male,1,Gaming,True,1,True,True,False,None,N/A,None,None,False,Medium,Not Applicable
S1642,Student,9-12,Female,4,Chatting,True,3,True,False,True,Insults; Defamation,False,None,Depression; Anxiety,True,Medium,Certain
S1643,Student,9-12,Female,2,Chatting,True,1,False,False,False,None,N/A,None,None,True,Medium,Not Applicable
S1644,Student,13-17,Female,2,Gaming,True,1,True,False,True,Defamation,False,None,Depression; Loss of Appetite,False,Low,Unsure
S1645,Student,13-17,Female,6,Chatting,True,4,True,False,True,Insults; Defamation; Threats,False,None,Academic Decline; Loss of Appetite,False,Low,Unsure
S1646,Student,13-17,Male,8,Videos,True,1,True,False,False,None,N/A,None,None,True,High,Not Applicable
S1647,Student,13-17,Male,7,Studying,True,1,False,False,True,Insults; Threats,False,None,Insomnia,True,Medium,Unsure
S1648,Student,9-12,Male,3,Gaming,True,1,True,False,False,None,N/A,None,None,False,Low,Not Applicable
S1649,Student,13-17,Female,3,Chatting,True,1,True,True,True,Insults; Exclusion,True,Family,Insomnia; Academic Decline,True,High,Certain
S1650,Student,9-12,Male,1,Gaming,True,1,True,True,False,None,N/A,None,None,True,Medium,Not Applicable
S1651,Student,13-17,Female,6,Gaming,False,1,True,False,False,None,N/A,None,None,False,Low,Not Applicable
S1652,Student,9-12,Female,3,Studying,True,1,False,False,False,None,N/A,None,None,False,Low,Not Applicable
S1653,Student,13-17,Male,7,Gaming,True,1,True,False,True,Insults; Defamation,False,None,Insomnia; Depression,False,Low,Certain
S1654,Student,13-17,Male,8,Chatting,True,1,True,True,True,None,True,Teacher,Insomnia,True,Medium,Certain
S1655,Student,9-12,Female,1,Social Media,True,3,True,False,False,None,N/A,None,None,False,Low,Not Applicable
S1656,Student,13-17,Female,4,Social Media,True,1,False,False,False,None,N/A,None,None,True,High,Not Applicable
S1657,Student,13-17,Female,2,Chatting,True,1,False,False,True,Insults; Exclusion,True,Teacher,Anxiety,True,Medium,Certain
S1658,Student,13-17,Male,2,Gaming,False,1,True,True,True,Insults; Defamation,True,School Counselor,None,False,Medium,Unsure
S1659,Student,13-17,Male,8,Videos,True,4,False,False,True,Defamation,False,None,None,False,Low,Certain
S1660,Student,9-12,Female,1,Videos,True,3,True,False,False,None,N/A,None,None,True,High,Not Applicable
S1661,Student,9-12,Female,2,Social Media,True,2,False,False,False,None,N/A,None,None,True,High,Not Applicable
S1662,Student,13-17,Male,5,Videos,True,3,True,False,True,Insults; Defamation; Exclusion,True,Teacher,None,True,High,Certain
S1663,Student,13-17,Female,5,Social Media,True,4,True,True,True,Insults; Defamation,True,Teacher,Academic Decline,True,High,Unsure
S1664,Student,13-17,Male,4,Videos,True,1,True,True,True,None,False,None,None,False,Low,Unsure
S1665,Student,9-12,Female,2,Videos,False,1,True,False,False,None,N/A,None,None,True,Medium,Not Applicable
S1666,Student,13-17,Female,4,Social Media,True,1,True,False,False,None,N/A,None,None,True,Medium,Not Applicable
S1667,Student,13-17,Female,8,Social Media,True,1,False,False,False,None,N/A,None,None,True,Medium,Not Applicable
S1668,Student,13-17,Female,1,Social Media,True,1,False,False,False,None,N/A,None,None,False,Low,Not Applicable
S1669,Student,9-12,Female,2,Social Media,True,4,True,False,False,None,N/A,None,None,False,Low,Not Applicable
S1670,Student,13-17,Male,6,Social Media,True,4,False,False,False,None,N/A,None,None,False,Low,Not Applicable
S1671,Student,13-17,Female,8,Studying,True,1,True,False,True,Defamation,False,None,Insomnia,True,Medium,Unsure
S1672,Student,13-17,Male,7,Chatting,True,2,True,False,True,Insults; Defamation; Exclusion,False,None,None,False,Low,Unsure
S1673,Student,13-17,Male,2,Videos,True,1,True,False,False,None,N/A,None,None,True,Medium,Not Applicable
S1674,Student,13-17,Male,6,Studying,True,1,True,True,True,Insults; Threats,True,Teacher,Insomnia; Academic Decline; Depression,True,High,Certain
S1675,Student,13-17,Female,3,Studying,False,1,True,False,True,Insults; Threats,False,None,Insomnia; Anxiety,True,High,Unsure
S1676,Student,13-17,Male,4,Videos,True,1,True,False,True,Insults,True,Friend,None,False,Low,Certain
S1677,Student,13-17,Female,8,Studying,True,1,True,True,True,Insults; Defamation; Exclusion; Sexual Harassment,False,None,Insomnia,False,Low,Unsure
S1678,Student,13-17,Male,8,Chatting,True,1,True,True,True,Exclusion,False,None,Anxiety,False,Low,Certain
S1679,Student,13-17,Female,7,Gaming,True,1,True,False,False,None,N/A,None,None,True,High,Not Applicable
S1680,Student,9-12,Female,4,Studying,True,2,True,True,False,None,N/A,None,None,False,Low,Not Applicable
S1681,Student,13-17,Male,8,Studying,True,1,False,False,False,None,N/A,None,None,True,High,Not Applicable
S1682,Student,13-17,Female,2,Chatting,True,4,True,False,False,None,N/A,None,None,True,High,Not Applicable
S1683,Student,13-17,Female,4,Studying,True,1,True,True,False,None,N/A,None,None,True,Medium,Not Applicable
S1684,Student,9-12,Male,1,Videos,True,2,False,False,False,None,N/A,None,None,False,Low,Not Applicable
S1685,Student,9-12,Female,2,Videos,False,1,True,False,True,Insults; Defamation; Threats,False,None,Insomnia; Academic Decline,False,Medium,Certain
S1686,Student,13-17,Female,4,Studying,True,2,True,False,False,None,N/A,None,None,False,Medium,Not Applicable
S1687,Student,13-17,Female,5,Social Media,False,1,True,True,False,None,N/A,None,None,False,Medium,Not Applicable
S1688,Student,9-12,Male,4,Videos,False,3,False,False,False,None,N/A,None,None,True,Medium,Not Applicable
S1689,Student,13-17,Male,2,Social Media,True,1,False,False,True,Defamation,True,School Counselor,None,False,Medium,Unsure
S1690,Student,13-17,Male,7,Studying,True,4,False,False,False,None,N/A,None,None,False,Low,Not Applicable
S1691,Student,9-12,Female,4,Chatting,True,4,False,False,False,None,N/A,None,None,True,Medium,Not Applicable
S1692,Student,13-17,Male,1,Social Media,True,1,False,False,True,None,False,None,None,True,High,Certain
S1693,Student,13-17,Male,7,Social Media,True,1,True,True,False,None,N/A,None,None,True,High,Not Applicable
S1694,Student,13-17,Female,3,Gaming,True,1,False,False,True,Insults; Defamation,True,Family,Insomnia,True,High,Certain
S1695,Student,13-17,Female,3,Chatting,True,1,True,False,False,None,N/A,None,None,False,Medium,Not Applicable
S1696,Student,13-17,Male,2,Gaming,True,1,False,False,True,Insults; Threats,False,None,None,True,Medium,Unsure
S1697,Student,9-12,Male,0,Social Media,True,3,True,True,False,None,N/A,None,None,True,High,Not Applicable
S1698,Student,13-17,Female,1,Gaming,True,1,False,False,True,Insults,True,Friend,Academic Decline,True,Medium,Unsure
S1699,Student,13-17,Male,5,Studying,True,1,True,False,True,Insults; Threats,True,Teacher,Academic Decline,True,Medium,Unsure
S1700,Student,13-17,Female,4,Chatting,True,1,True,False,False,None,N/A,None,None,True,Medium,Not Applicable
S1701,Student,13-17,Male,4,Videos,True,1,True,True,True,Defamation; Exclusion,True,Family,Loss of Appetite,True,High,Certain
S1702,Student,13-17,Female,1,Studying,True,4,True,True,True,Defamation; Exclusion,True,Friend,Academic Decline; Depression,True,Medium,Unsure
S1703,Student,13-17,Male,5,Chatting,True,4,True,False,False,None,N/A,None,None,False,Low,Not Applicable
S1704,Student,13-17,Male,2,Gaming,True,1,True,False,False,None,N/A,None,None,False,Low,Not Applicable
S1705,Student,9-12,Female,4,Social Media,False,1,False,False,False,None,N/A,None,None,False,Low,Not Applicable
S1706,Student,9-12,Female,4,Chatting,True,1,False,False,False,None,N/A,None,None,False,Low,Not Applicable
S1707,Student,9-12,Female,3,Social Media,True,3,True,True,True,None,True,School Counselor,Insomnia; Anxiety,False,Low,Unsure
S1708,Student,9-12,Female,4,Chatting,True,1,False,False,True,Exclusion,False,None,Academic Decline,True,High,Unsure
S1709,Student,13-17,Female,5,Videos,True,1,True,True,False,None,N/A,None,None,False,Medium,Not Applicable
S1710,Student,9-12,Male,2,Videos,True,1,True,True,False,None,N/A,None,None,True,High,Not Applicable
S1711,Student,13-17,Female,1,Studying,True,4,True,False,True,None,True,Family,None,False,Medium,Certain
S1712,Student,9-12,Female,1,Videos,True,1,True,False,False,None,N/A,None,None,False,Low,Not Applicable
S1713,Student,9-12,Male,2,Social Media,True,1,False,False,False,None,N/A,None,None,True,Medium,Not Applicable
S1714,Student,13-17,Female,1,Studying,True,3,True,False,True,Insults; Defamation,False,None,Academic Decline; Anxiety,False,Low,Certain
S1715,Student,9-12,Male,4,Gaming,True,4,True,True,False,None,N/A,None,None,False,Medium,Not Applicable
S1716,Student,13-17,Male,5,Videos,True,4,True,True,True,Insults; Defamation,False,None,None,True,Medium,Unsure
S1717,Student,9-12,Female,4,Studying,True,1,False,False,False,None,N/A,None,None,False,Low,Not Applicable
S1718,Student,9-12,Female,4,Videos,False,1,False,False,False,None,N/A,None,None,False,Medium,Not Applicable
S1719,Student,13-17,Female,2,Studying,True,1,True,True,False,None,N/A,None,None,True,Medium,Not Applicable
S1720,Student,13-17,Female,8,Videos,True,2,True,False,True,None,False,None,Insomnia; Depression,False,Medium,Certain
S1721,Student,9-12,Female,2,Chatting,True,3,True,True,False,None,N/A,None,None,True,High,Not Applicable
S1722,Student,13-17,Male,5,Videos,True,4,True,True,True,Insults; Defamation; Exclusion,True,Friend,Anxiety; Loss of Appetite,False,Medium,Unsure
S1723,Student,13-17,Female,4,Gaming,True,1,False,False,True,Defamation,False,None,Insomnia; Academic Decline,False,Medium,Unsure
S1724,Student,9-12,Female,2,Gaming,True,1,True,True,True,Insults,False,None,Anxiety,True,Medium,Unsure
S1725,Student,9-12,Female,2,Videos,True,1,True,True,False,None,N/A,None,None,True,Medium,Not Applicable
S1726,Student,13-17,Female,7,Studying,True,1,True,True,False,None,N/A,None,None,False,Low,Not Applicable
S1727,Student,13-17,Male,5,Videos,True,2,False,False,True,Insults; Exclusion,False,None,Anxiety,False,Low,Unsure
S1728,Student,9-12,Male,4,Social Media,True,1,True,True,False,None,N/A,None,None,False,Low,Not Applicable
S1729,Student,13-17,Male,5,Chatting,True,1,True,False,True,Defamation,False,None,Academic Decline; Depression,True,High,Unsure
S1730,Student,13-17,Male,7,Gaming,True,1,True,False,True,Exclusion,False,None,None,False,Low,Certain
S1731,Student,13-17,Female,4,Videos,True,2,True,False,True,Threats,False,None,None,False,Medium,Certain
S1732,Student,13-17,Female,4,Chatting,True,1,False,False,True,Exclusion; Threats,False,None,Loss of Appetite,False,Medium,Unsure
S1733,Student,13-17,Male,1,Social Media,True,1,True,True,True,Insults; Defamation; Threats,False,None,Anxiety,True,Medium,Certain
S1734,Student,13-17,Female,6,Social Media,True,2,False,False,True,Insults; Defamation,False,None,Insomnia; Academic Decline,True,High,Unsure
S1735,Student,13-17,Male,3,Gaming,False,1,True,False,True,Insults; Defamation,True,Teacher,Insomnia; Academic Decline,True,Medium,Certain
S1736,Student,13-17,Female,3,Gaming,True,1,True,False,False,None,N/A,None,None,True,High,Not Applicable
S1737,Student,13-17,Male,6,Gaming,True,4,True,True,True,Insults,False,None,None,True,High,Unsure
S1738,Student,13-17,Female,1,Videos,True,1,True,True,False,None,N/A,None,None,True,High,Not Applicable
S1739,Student,9-12,Female,1,Videos,True,1,False,False,False,None,N/A,None,None,False,Low,Not Applicable
S1740,Student,13-17,Male,3,Social Media,True,1,False,False,False,None,N/A,None,None,True,Medium,Not Applicable
S1741,Student,13-17,Female,3,Studying,True,1,True,False,True,Insults; Defamation; Exclusion,False,None,Insomnia,True,Medium,Unsure
S1742,Student,9-12,Male,4,Chatting,True,1,False,False,False,None,N/A,None,None,True,Medium,Not Applicable
S1743,Student,13-17,Female,1,Videos,True,1,True,True,False,None,N/A,None,None,False,Medium,Not Applicable
S1744,Student,13-17,Female,4,Chatting,True,1,True,True,False,None,N/A,None,None,True,High,Not Applicable
S1745,Student,13-17,Female,3,Social Media,True,1,True,False,False,None,N/A,None,None,False,Low,Not Applicable
S1746,Student,9-12,Male,3,Social Media,True,1,False,False,False,None,N/A,None,None,True,Medium,Not Applicable
S1747,Student,9-12,Female,3,Social Media,True,1,False,False,False,None,N/A,None,None,False,Low,Not Applicable
S1748,Student,13-17,Female,6,Chatting,True,1,True,True,False,None,N/A,None,None,True,High,Not Applicable
S1749,Student,13-17,Male,5,Chatting,True,4,True,False,False,None,N/A,None,None,False,Low,Not Applicable
S1750,Student,13-17,Male,4,Gaming,True,3,True,True,True,Defamation,True,Teacher,Loss of Appetite,False,Low,Certain
S1751,Student,13-17,Male,1,Chatting,True,2,False,False,True,Insults,False,None,None,False,Low,Unsure
S1752,Student,13-17,Female,8,Social Media,False,1,True,True,True,Sexual Harassment,True,Friend,Insomnia,True,Medium,Certain
S1753,Student,9-12,Male,2,Social Media,True,3,True,False,False,None,N/A,None,None,True,Medium,Not Applicable
S1754,Student,9-12,Male,0,Gaming,True,1,True,True,True,Defamation; Exclusion,False,None,Insomnia,False,Medium,Unsure
S1755,Student,13-17,Male,3,Chatting,True,1,True,False,False,None,N/A,None,None,True,Medium,Not Applicable
S1756,Student,13-17,Female,3,Videos,True,3,True,False,True,Insults; Defamation; Exclusion,True,School Counselor,Academic Decline,False,Low,Certain
S1757,Student,13-17,Male,3,Studying,True,2,True,False,True,None,True,Family,Insomnia; Academic Decline,True,High,Unsure
S1758,Student,13-17,Female,1,Gaming,True,4,True,False,False,None,N/A,None,None,False,Low,Not Applicable
S1759,Student,13-17,Female,2,Social Media,True,4,False,False,True,Defamation,True,Teacher,Depression,False,Medium,Unsure
S1760,Student,9-12,Female,2,Gaming,True,3,False,False,False,None,N/A,None,None,True,Medium,Not Applicable
S1761,Student,13-17,Female,4,Social Media,False,4,False,False,True,None,True,Friend,Insomnia; Loss of Appetite,True,High,Certain
S1762,Student,13-17,Male,1,Gaming,True,3,False,False,True,Insults,True,Teacher,Insomnia; Academic Decline; Loss of Appetite,False,Low,Unsure
S1763,Student,9-12,Female,2,Videos,True,1,True,False,True,Insults; Defamation; Exclusion,True,School Counselor,Depression,False,Medium,Certain
S1764,Student,9-12,Female,2,Social Media,True,1,True,True,True,Defamation; Threats,True,Friend,None,False,Medium,Unsure
S1765,Student,13-17,Male,5,Videos,True,3,True,True,True,Defamation,False,None,Insomnia; Depression,True,High,Certain
S1766,Student,13-17,Female,1,Videos,True,1,True,True,True,Insults; Defamation,False,None,Depression,True,High,Certain
S1767,Student,13-17,Female,4,Chatting,True,4,False,False,False,None,N/A,None,None,True,Medium,Not Applicable
S1768,Student,13-17,Male,7,Gaming,True,3,True,True,False,None,N/A,None,None,True,Medium,Not Applicable
S1769,Student,13-17,Female,6,Gaming,True,4,False,False,False,None,N/A,None,None,False,Medium,Not Applicable
S1770,Student,9-12,Female,1,Social Media,True,1,True,True,False,None,N/A,None,None,False,Medium,Not Applicable
S1771,Student,13-17,Male,4,Chatting,True,1,True,False,True,Insults; Defamation,True,Family,None,False,Low,Certain
S1772,Student,9-12,Male,2,Social Media,True,1,False,False,False,None,N/A,None,None,True,High,Not Applicable
S1773,Student,13-17,Female,4,Gaming,True,1,True,True,False,None,N/A,None,None,True,High,Not Applicable
S1774,Student,9-12,Male,0,Chatting,True,4,True,False,True,None,False,None,None,False,Medium,Unsure
S1775,Student,9-12,Male,4,Chatting,True,1,False,False,False,None,N/A,None,None,False,Low,Not Applicable
S1776,Student,9-12,Female,2,Chatting,False,3,False,False,False,None,N/A,None,None,False,Low,Not Applicable
S1777,Student,13-17,Female,7,Gaming,True,1,False,False,False,None,N/A,None,None,True,High,Not Applicable
S1778,Student,13-17,Female,4,Studying,True,2,False,False,True,Defamation,False,None,None,False,Low,Certain
S1779,Student,13-17,Female,5,Social Media,True,1,True,True,True,Exclusion,True,Friend,Insomnia; Academic Decline,False,Medium,Unsure
S1780,Student,13-17,Female,6,Social Media,True,1,False,False,True,Defamation; Exclusion,True,Family,Insomnia,True,High,Certain
S1781,Student,9-12,Female,3,Gaming,True,3,True,False,False,None,N/A,None,None,True,Medium,Not Applicable
S1782,Student,13-17,Female,1,Social Media,True,1,True,False,False,None,N/A,None,None,False,Low,Not Applicable
S1783,Student,13-17,Female,3,Videos,True,1,False,False,False,None,N/A,None,None,True,Medium,Not Applicable
S1784,Student,13-17,Male,8,Videos,True,4,True,False,False,None,N/A,None,None,False,Low,Not Applicable
S1785,Student,13-17,Male,1,Chatting,True,1,True,False,False,None,N/A,None,None,False,Low,Not Applicable
S1786,Student,13-17,Female,7,Videos,True,4,False,False,False,None,N/A,None,None,False,Medium,Not Applicable
S1787,Student,13-17,Female,2,Gaming,False,2,True,False,True,Defamation,False,None,None,True,Medium,Certain
S1788,Student,9-12,Female,0,Social Media,False,1,False,False,False,None,N/A,None,None,False,Medium,Not Applicable
S1789,Student,13-17,Female,3,Chatting,True,1,True,True,True,None,False,None,None,True,High,Unsure
S1790,Student,9-12,Male,1,Videos,True,1,False,False,False,None,N/A,None,None,False,Low,Not Applicable
S1791,Student,13-17,Female,3,Studying,True,1,True,False,False,None,N/A,None,None,False,Medium,Not Applicable
S1792,Student,13-17,Female,4,Studying,True,1,True,True,True,Insults,True,Friend,Academic Decline; Anxiety,True,High,Unsure
S1793,Student,13-17,Male,1,Chatting,True,3,False,False,True,None,True,Teacher,None,False,Medium,Unsure
S1794,Student,13-17,Male,7,Chatting,True,1,False,False,False,None,N/A,None,None,False,Medium,Not Applicable
S1795,Student,13-17,Male,4,Social Media,True,1,False,False,True,None,False,None,Insomnia; Depression,False,Medium,Unsure
S1796,Student,13-17,Female,6,Chatting,True,3,True,False,True,Defamation,True,School Counselor,Depression,False,Low,Certain
S1797,Student,13-17,Male,2,Studying,True,1,True,False,True,None,False,None,Academic Decline; Depression,True,High,Certain
S1798,Student,13-17,Female,5,Studying,True,1,False,False,True,Exclusion,True,Family,Academic Decline; Loss of Appetite,True,High,Certain
S1799,Student,9-12,Male,3,Gaming,True,1,True,False,False,None,N/A,None,None,False,Low,Not Applicable
S1800,Student,9-12,Female,3,Gaming,True,2,True,True,True,Insults; Defamation; Exclusion,False,None,Insomnia; Academic Decline,True,Medium,Unsure
S1801,Student,9-12,Female,2,Videos,True,1,True,False,False,None,N/A,None,None,True,High,Not Applicable
S1802,Student,9-12,Female,1,Social Media,True,4,True,True,False,None,N/A,None,None,False,Low,Not Applicable
S1803,Student,9-12,Male,2,Studying,True,3,False,False,False,None,N/A,None,None,True,High,Not Applicable
S1804,Student,13-17,Female,8,Videos,False,1,True,False,True,Insults; Exclusion,False,None,Loss of Appetite,False,Low,Unsure
S1805,Student,13-17,Female,5,Chatting,True,1,True,False,True,Insults,True,Friend,None,False,Low,Unsure
S1806,Student,13-17,Female,7,Chatting,True,1,True,False,True,Insults; Defamation,False,None,Academic Decline,False,Low,Certain
S1807,Student,13-17,Male,6,Videos,True,3,True,False,False,None,N/A,None,None,False,Low,Not Applicable
S1808,Student,13-17,Female,5,Videos,False,1,True,True,True,Threats,True,Family,None,True,High,Unsure
S1809,Student,13-17,Female,7,Social Media,True,2,False,False,True,Defamation,True,Family,Depression,True,Medium,Certain
S1810,Student,13-17,Male,1,Social Media,False,1,True,True,True,None,False,None,None,False,Low,Certain
S1811,Student,13-17,Male,5,Chatting,True,1,False,False,False,None,N/A,None,None,True,Medium,Not Applicable
S1812,Student,13-17,Female,1,Gaming,True,1,True,False,False,None,N/A,None,None,False,Low,Not Applicable
S1813,Student,13-17,Female,5,Studying,True,3,False,False,True,Defamation,True,Family,Anxiety,False,Medium,Certain
S1814,Student,13-17,Male,8,Gaming,True,4,True,False,False,None,N/A,None,None,True,High,Not Applicable
S1815,Student,9-12,Male,2,Studying,True,4,True,True,True,None,True,Family,None,True,High,Certain
S1816,Student,13-17,Male,4,Social Media,True,3,True,True,False,None,N/A,None,None,True,Medium,Not Applicable
S1817,Student,13-17,Female,2,Gaming,True,1,False,False,True,Insults; Defamation,False,None,Anxiety,False,Low,Certain
S1818,Student,13-17,Male,4,Videos,True,1,True,False,True,Defamation,True,Family,Anxiety,True,Medium,Certain
S1819,Student,13-17,Male,5,Chatting,True,2,True,False,False,None,N/A,None,None,True,Medium,Not Applicable
S1820,Student,13-17,Female,6,Videos,True,4,False,False,True,Insults; Defamation,False,None,Academic Decline,False,Low,Unsure
S1821,Student,13-17,Male,2,Videos,True,1,False,False,False,None,N/A,None,None,False,Low,Not Applicable
S1822,Student,13-17,Male,2,Studying,True,4,True,False,False,None,N/A,None,None,True,High,Not Applicable
S1823,Student,13-17,Female,4,Chatting,True,3,True,False,False,None,N/A,None,None,False,Medium,Not Applicable
S1824,Student,13-17,Female,1,Studying,True,2,True,True,True,Insults; Defamation; Threats,True,School Counselor,None,False,Low,Unsure
S1825,Student,9-12,Male,1,Videos,True,1,False,False,False,None,N/A,None,None,False,Low,Not Applicable
S1826,Student,13-17,Male,7,Studying,True,1,True,True,True,Insults,True,Teacher,Insomnia; Depression,True,Medium,Certain
S1827,Student,9-12,Female,0,Videos,True,1,False,False,False,None,N/A,None,None,True,Medium,Not Applicable
S1828,Student,9-12,Female,1,Gaming,True,3,True,True,True,Defamation,True,School Counselor,None,False,Low,Certain
S1829,Student,13-17,Female,2,Videos,True,2,False,False,True,None,True,Family,Anxiety,True,High,Certain
S1830,Student,13-17,Female,6,Studying,True,1,True,False,False,None,N/A,None,None,True,Medium,Not Applicable
S1831,Student,9-12,Female,2,Studying,True,3,True,True,True,Insults; Defamation,False,None,None,False,Low,Unsure
S1832,Student,13-17,Male,4,Studying,True,3,False,False,False,None,N/A,None,None,True,Medium,Not Applicable
S1833,Student,9-12,Male,2,Studying,True,1,False,False,False,None,N/A,None,None,False,Low,Not Applicable
S1834,Student,13-17,Male,2,Chatting,True,1,True,True,True,Insults; Exclusion; Threats,False,None,Insomnia; Anxiety,False,Low,Certain
S1835,Student,13-17,Male,6,Gaming,True,1,False,False,False,None,N/A,None,None,True,High,Not Applicable
S1836,Student,13-17,Male,3,Chatting,False,1,False,False,True,Insults,False,None,Insomnia,False,Low,Certain
S1837,Student,13-17,Female,4,Studying,True,1,False,False,False,None,N/A,None,None,True,Medium,Not Applicable
S1838,Student,9-12,Male,1,Chatting,True,1,False,False,False,None,N/A,None,None,True,High,Not Applicable
S1839,Student,13-17,Female,2,Chatting,True,1,False,False,True,None,False,None,Insomnia; Academic Decline; Depression,False,Low,Certain
S1840,Student,13-17,Female,8,Videos,True,4,False,False,True,Insults; Defamation,True,School Counselor,Insomnia; Academic Decline,True,Medium,Unsure
S1841,Student,9-12,Female,1,Videos,True,3,True,False,True,None,False,None,Insomnia; Academic Decline,False,Low,Certain
S1842,Student,13-17,Male,7,Videos,True,3,False,False,False,None,N/A,None,None,False,Medium,Not Applicable
S1843,Student,13-17,Male,3,Chatting,True,1,True,True,False,None,N/A,None,None,True,Medium,Not Applicable
S1844,Student,13-17,Female,4,Social Media,True,1,False,False,True,Insults; Exclusion; Threats,False,None,None,False,Low,Certain
S1845,Student,13-17,Male,7,Chatting,True,1,False,False,True,Insults; Threats,False,None,Depression,True,Medium,Certain
S1846,Student,13-17,Female,6,Gaming,True,2,True,True,True,Insults; Defamation,False,None,None,False,Medium,Certain
S1847,Student,13-17,Male,2,Chatting,True,1,True,True,False,None,N/A,None,None,False,Low,Not Applicable
S1848,Student,9-12,Female,0,Chatting,True,1,True,True,False,None,N/A,None,None,True,Medium,Not Applicable
S1849,Student,9-12,Male,3,Chatting,True,1,False,False,False,None,N/A,None,None,False,Medium,Not Applicable
S1850,Student,9-12,Female,4,Chatting,True,4,False,False,False,None,N/A,None,None,False,Low,Not Applicable
S1851,Student,13-17,Male,8,Chatting,True,1,True,False,False,None,N/A,None,None,False,Low,Not Applicable
S1852,Student,13-17,Female,1,Social Media,True,1,True,True,False,None,N/A,None,None,True,High,Not Applicable
S1853,Student,13-17,Male,5,Chatting,True,1,True,False,True,Defamation,False,None,None,True,High,Certain
S1854,Student,13-17,Female,2,Social Media,True,1,True,True,False,None,N/A,None,None,False,Low,Not Applicable
S1855,Student,13-17,Male,8,Studying,True,4,True,True,False,None,N/A,None,None,False,Medium,Not Applicable
S1856,Student,13-17,Female,8,Chatting,True,1,True,False,True,Insults; Defamation,True,Family,Insomnia,True,High,Unsure
S1857,Student,13-17,Male,6,Videos,True,1,False,False,True,Insults; Exclusion; Threats,True,Family,None,False,Low,Unsure
S1858,Student,13-17,Female,5,Gaming,False,1,True,False,True,Insults; Exclusion,False,None,Insomnia; Depression,False,Low,Unsure
S1859,Student,13-17,Female,5,Gaming,True,4,True,True,False,None,N/A,None,None,False,Low,Not Applicable
S1860,Student,13-17,Male,4,Gaming,True,1,False,False,False,None,N/A,None,None,True,Medium,Not Applicable
S1861,Student,13-17,Female,4,Studying,True,1,True,False,False,None,N/A,None,None,False,Medium,Not Applicable
S1862,Student,13-17,Female,5,Studying,True,4,True,True,True,Insults; Defamation; Sexual Harassment,False,None,Academic Decline; Depression,True,Medium,Unsure
S1863,Student,13-17,Female,3,Chatting,True,1,True,True,True,Exclusion,False,None,Anxiety,False,Low,Certain
S1864,Student,13-17,Female,4,Studying,True,3,False,False,True,None,False,None,None,False,Low,Certain
S1865,Student,13-17,Male,7,Studying,True,1,True,False,True,Insults; Exclusion,True,School Counselor,Insomnia,True,Medium,Unsure
S1866,Student,9-12,Female,4,Social Media,True,2,False,False,False,None,N/A,None,None,False,Low,Not Applicable
S1867,Student,13-17,Male,1,Chatting,True,4,False,False,True,Insults,False,None,Insomnia; Depression; Anxiety,True,Medium,Certain
S1868,Student,9-12,Female,4,Chatting,True,1,True,False,True,None,False,None,None,True,Medium,Certain
S1869,Student,9-12,Female,3,Videos,False,2,True,True,True,None,True,School Counselor,Academic Decline,False,Low,Unsure
S1870,Student,13-17,Male,3,Chatting,False,1,False,False,True,Insults,False,None,Insomnia,True,High,Certain
S1871,Student,9-12,Female,1,Studying,True,4,True,False,True,Insults; Defamation,False,None,Depression,False,Low,Unsure
S1872,Student,9-12,Male,2,Social Media,True,1,False,False,False,None,N/A,None,None,True,High,Not Applicable
S1873,Student,9-12,Male,3,Gaming,True,1,False,False,True,Insults,False,None,Academic Decline; Anxiety,False,Medium,Certain
S1874,Student,9-12,Male,2,Studying,True,1,True,False,False,None,N/A,None,None,False,Medium,Not Applicable
S1875,Student,13-17,Female,3,Studying,True,1,False,False,False,None,N/A,None,None,True,High,Not Applicable
S1876,Student,9-12,Male,3,Social Media,True,2,True,False,False,None,N/A,None,None,False,Low,Not Applicable
S1877,Student,13-17,Female,6,Studying,True,1,True,False,False,None,N/A,None,None,True,Medium,Not Applicable
S1878,Student,13-17,Female,5,Social Media,True,1,True,False,True,Insults; Defamation,False,None,Academic Decline; Loss of Appetite,True,Medium,Certain
S1879,Student,13-17,Female,2,Videos,True,4,False,False,False,None,N/A,None,None,True,High,Not Applicable
S1880,Student,9-12,Male,1,Chatting,True,1,False,False,False,None,N/A,None,None,False,Medium,Not Applicable
S1881,Student,13-17,Female,4,Social Media,True,1,False,False,False,None,N/A,None,None,True,High,Not Applicable
S1882,Student,13-17,Female,1,Gaming,True,1,False,False,True,Insults; Exclusion; Threats,False,None,None,False,Low,Unsure
S1883,Student,13-17,Female,4,Videos,True,1,True,True,True,Insults; Defamation,False,None,Academic Decline; Depression,True,High,Unsure
S1884,Student,13-17,Male,7,Gaming,True,3,False,False,True,Insults; Defamation,True,Friend,Academic Decline,False,Medium,Certain
S1885,Student,13-17,Female,4,Social Media,True,1,False,False,True,None,True,Family,Academic Decline,False,Medium,Unsure
S1886,Student,13-17,Female,2,Gaming,True,2,True,False,False,None,N/A,None,None,True,High,Not Applicable
S1887,Student,13-17,Female,7,Chatting,True,1,True,False,True,Defamation; Exclusion,False,None,Insomnia; Academic Decline; Depression,False,Low,Unsure
S1888,Student,13-17,Male,5,Chatting,True,1,False,False,True,Insults,False,None,Insomnia,False,Low,Unsure
S1889,Student,13-17,Female,4,Studying,True,1,True,True,True,Exclusion,True,School Counselor,Depression,True,High,Unsure
S1890,Student,13-17,Female,7,Chatting,True,1,False,False,True,Defamation,False,None,None,True,High,Certain
S1891,Student,13-17,Female,4,Social Media,True,1,False,False,True,Defamation,False,None,Loss of Appetite,False,Low,Unsure
S1892,Student,9-12,Female,2,Gaming,True,1,True,True,True,Defamation,True,Teacher,Academic Decline; Depression,True,Medium,Certain
S1893,Student,13-17,Female,6,Gaming,True,1,True,True,True,None,True,Friend,None,True,High,Certain
S1894,Student,13-17,Male,2,Gaming,True,1,False,False,True,Defamation,True,School Counselor,Insomnia; Academic Decline,True,High,Certain
S1895,Student,9-12,Male,4,Videos,True,1,True,True,False,None,N/A,None,None,False,Medium,Not Applicable
S1896,Student,13-17,Female,5,Studying,True,1,False,False,True,Insults,True,Teacher,Insomnia; Loss of Appetite,True,Medium,Certain
S1897,Student,13-17,Male,5,Social Media,True,2,True,True,True,Insults; Defamation; Sexual Harassment,False,None,Academic Decline,False,Low,Unsure
S1898,Student,13-17,Female,4,Videos,True,1,True,True,False,None,N/A,None,None,True,High,Not Applicable
S1899,Student,13-17,Male,6,Social Media,False,1,False,False,False,None,N/A,None,None,True,Medium,Not Applicable
S1900,Student,9-12,Female,4,Gaming,True,1,True,False,True,Defamation,False,None,None,False,Medium,Certain
S1901,Student,13-17,Male,2,Videos,True,1,False,False,False,None,N/A,None,None,False,Medium,Not Applicable
S1902,Student,9-12,Male,0,Gaming,True,1,False,False,False,None,N/A,None,None,True,High,Not Applicable
S1903,Student,13-17,Female,7,Chatting,True,3,True,True,False,None,N/A,None,None,True,High,Not Applicable
S1904,Student,13-17,Male,3,Chatting,True,2,True,False,True,Defamation,False,None,Insomnia,True,High,Unsure
S1905,Student,9-12,Female,2,Videos,True,1,True,True,False,None,N/A,None,None,False,Low,Not Applicable
S1906,Student,9-12,Female,2,Videos,True,4,False,False,False,None,N/A,None,None,True,Medium,Not Applicable
S1907,Student,13-17,Female,6,Studying,True,1,True,False,False,None,N/A,None,None,True,High,Not Applicable
S1908,Student,13-17,Male,4,Social Media,True,2,True,True,True,Insults; Defamation,True,School Counselor,Insomnia; Loss of Appetite,False,Medium,Unsure
S1909,Student,9-12,Female,1,Videos,True,1,True,True,True,Defamation,True,Friend,None,False,Low,Unsure
S1910,Student,13-17,Female,3,Videos,True,1,False,False,False,None,N/A,None,None,True,Medium,Not Applicable
S1911,Student,13-17,Male,4,Videos,True,1,True,True,True,Defamation,False,None,Academic Decline,True,High,Certain
S1912,Student,13-17,Female,7,Studying,False,2,False,False,True,Defamation,True,Friend,None,False,Low,Certain
S1913,Student,13-17,Male,6,Gaming,True,1,False,False,False,None,N/A,None,None,True,Medium,Not Applicable
S1914,Student,13-17,Female,8,Videos,True,1,True,True,False,None,N/A,None,None,False,Low,Not Applicable
S1915,Student,13-17,Female,6,Videos,True,1,True,False,True,Defamation; Exclusion,False,None,Depression,False,Low,Certain
S1916,Student,13-17,Female,8,Chatting,False,1,True,True,True,Insults; Exclusion,True,Teacher,Academic Decline; Anxiety,False,Medium,Certain
S1917,Student,13-17,Male,4,Videos,True,1,False,False,True,Exclusion,True,Family,Academic Decline; Depression,True,High,Unsure
S1918,Student,9-12,Male,0,Chatting,True,1,True,False,False,None,N/A,None,None,True,Medium,Not Applicable
S1919,Student,13-17,Female,7,Gaming,True,1,True,False,False,None,N/A,None,None,False,Low,Not Applicable
S1920,Student,9-12,Female,1,Social Media,True,1,True,True,False,None,N/A,None,None,True,Medium,Not Applicable
S1921,Student,9-12,Male,3,Social Media,True,3,True,True,True,Defamation,False,None,Insomnia,True,Medium,Unsure
S1922,Student,13-17,Female,2,Studying,True,1,True,False,True,Insults; Defamation; Exclusion,False,None,Depression,True,Medium,Unsure
S1923,Student,13-17,Female,3,Videos,True,3,False,False,True,None,True,School Counselor,Anxiety,False,Low,Certain
S1924,Student,13-17,Male,8,Gaming,True,1,False,False,False,None,N/A,None,None,True,High,Not Applicable
S1925,Student,9-12,Female,4,Gaming,True,1,False,False,False,None,N/A,None,None,False,Medium,Not Applicable
S1926,Student,13-17,Male,4,Social Media,False,4,False,False,False,None,N/A,None,None,True,Medium,Not Applicable
S1927,Student,13-17,Female,2,Social Media,True,1,False,False,False,None,N/A,None,None,False,Low,Not Applicable
S1928,Student,13-17,Male,8,Videos,True,1,False,False,True,Insults; Defamation,False,None,None,True,Medium,Unsure
S1929,Student,13-17,Male,4,Studying,True,1,False,False,True,Insults; Defamation; Exclusion,True,Teacher,Academic Decline,False,Low,Unsure
S1930,Student,13-17,Female,4,Chatting,True,1,True,False,True,Insults,True,Teacher,None,False,Low,Certain
S1931,Student,9-12,Female,2,Chatting,True,1,True,True,False,None,N/A,None,None,True,High,Not Applicable
S1932,Student,9-12,Female,4,Chatting,True,2,False,False,False,None,N/A,None,None,True,High,Not Applicable
S1933,Student,9-12,Female,2,Chatting,True,4,False,False,False,None,N/A,None,None,False,Low,Not Applicable
S1934,Student,13-17,Female,8,Videos,True,4,False,False,True,Insults,False,None,None,False,Medium,Unsure
S1935,Student,13-17,Female,4,Videos,True,1,True,True,False,None,N/A,None,None,False,Low,Not Applicable
S1936,Student,13-17,Female,5,Studying,True,2,True,False,True,Insults; Defamation; Exclusion,False,None,None,False,Medium,Certain
S1937,Student,13-17,Female,4,Videos,True,1,True,False,False,None,N/A,None,None,True,Medium,Not Applicable
S1938,Student,13-17,Female,5,Social Media,False,1,False,False,True,Insults,True,Teacher,Academic Decline,False,Medium,Certain
S1939,Student,13-17,Male,2,Social Media,True,1,True,True,True,Defamation,False,None,None,False,Low,Unsure
S1940,Student,9-12,Female,1,Social Media,True,2,True,True,True,Threats,False,None,Academic Decline,True,High,Certain
S1941,Student,13-17,Female,1,Videos,True,1,True,False,False,None,N/A,None,None,True,High,Not Applicable
S1942,Student,13-17,Female,5,Gaming,True,1,True,True,False,None,N/A,None,None,True,Medium,Not Applicable
S1943,Student,9-12,Female,0,Studying,True,1,False,False,False,None,N/A,None,None,True,Medium,Not Applicable
S1944,Student,13-17,Male,5,Videos,True,4,False,False,True,Insults,True,Friend,Anxiety,True,Medium,Unsure
S1945,Student,13-17,Female,7,Gaming,True,1,False,False,False,None,N/A,None,None,True,High,Not Applicable
S1946,Student,9-12,Male,1,Gaming,False,1,False,False,False,None,N/A,None,None,False,Low,Not Applicable
S1947,Student,9-12,Male,0,Studying,True,3,True,False,True,Exclusion,True,Friend,Depression,False,Low,Unsure
S1948,Student,9-12,Female,2,Chatting,True,2,False,False,False,None,N/A,None,None,True,Medium,Not Applicable
S1949,Student,13-17,Male,6,Chatting,True,4,True,False,True,None,True,Family,None,False,Low,Certain
S1950,Student,13-17,Female,2,Videos,True,1,False,False,False,None,N/A,None,None,False,Low,Not Applicable
S1951,Student,13-17,Male,3,Videos,False,2,True,False,False,None,N/A,None,None,True,Medium,Not Applicable
S1952,Student,13-17,Female,3,Videos,True,1,True,True,False,None,N/A,None,None,True,Medium,Not Applicable
S1953,Student,13-17,Female,8,Social Media,True,1,True,False,False,None,N/A,None,None,True,High,Not Applicable
S1954,Student,13-17,Male,7,Gaming,True,1,False,False,False,None,N/A,None,None,False,Low,Not Applicable
S1955,Student,9-12,Female,3,Gaming,False,2,True,True,False,None,N/A,None,None,False,Low,Not Applicable
S1956,Student,13-17,Female,7,Social Media,True,3,True,False,False,None,N/A,None,None,True,High,Not Applicable
S1957,Student,13-17,Male,4,Videos,False,4,True,False,True,Insults,True,School Counselor,None,False,Low,Unsure
S1958,Student,13-17,Female,2,Videos,True,1,True,False,True,Insults; Threats,True,Teacher,Depression,False,Low,Unsure
S1959,Student,9-12,Female,4,Gaming,True,1,False,False,False,None,N/A,None,None,False,Medium,Not Applicable
S1960,Student,13-17,Male,3,Chatting,True,4,False,False,False,None,N/A,None,None,False,Low,Not Applicable
S1961,Student,13-17,Male,5,Chatting,False,4,False,False,False,None,N/A,None,None,True,High,Not Applicable
S1962,Student,13-17,Male,7,Social Media,False,1,True,True,False,None,N/A,None,None,False,Low,Not Applicable
S1963,Student,9-12,Male,3,Studying,True,3,True,False,False,None,N/A,None,None,False,Medium,Not Applicable
S1964,Student,13-17,Male,5,Gaming,True,2,True,False,True,Defamation; Exclusion,False,None,Insomnia,True,High,Unsure
S1965,Student,13-17,Female,4,Gaming,True,1,True,False,False,None,N/A,None,None,True,Medium,Not Applicable
S1966,Student,13-17,Female,4,Gaming,True,2,False,False,False,None,N/A,None,None,True,Medium,Not Applicable
S1967,Student,13-17,Female,4,Videos,True,3,True,True,False,None,N/A,None,None,False,Low,Not Applicable
S1968,Student,13-17,Male,4,Gaming,True,1,True,False,True,Insults; Exclusion,True,School Counselor,None,False,Medium,Unsure
S1969,Student,13-17,Female,1,Videos,True,1,True,False,True,Insults; Exclusion,True,Friend,None,False,Low,Certain
S1970,Student,13-17,Male,6,Studying,True,1,False,False,False,None,N/A,None,None,True,High,Not Applicable
S1971,Student,13-17,Female,1,Social Media,True,1,False,False,True,Insults,True,Teacher,Insomnia,False,Low,Unsure
S1972,Student,13-17,Female,1,Gaming,True,2,True,False,False,None,N/A,None,None,True,High,Not Applicable
S1973,Student,13-17,Female,8,Studying,True,1,True,False,True,Insults; Defamation; Exclusion,False,None,Academic Decline,True,Medium,Certain
S1974,Student,13-17,Male,1,Social Media,False,1,False,False,False,None,N/A,None,None,True,Medium,Not Applicable
S1975,Student,13-17,Male,6,Chatting,False,1,False,False,False,None,N/A,None,None,False,Low,Not Applicable
S1976,Student,9-12,Male,1,Studying,False,3,False,False,False,None,N/A,None,None,False,Low,Not Applicable
S1977,Student,13-17,Male,4,Studying,True,1,False,False,True,Insults; Defamation,False,None,Depression,True,Medium,Certain
S1978,Student,13-17,Male,2,Videos,True,1,True,True,True,Insults; Exclusion; Threats,True,Teacher,Insomnia,False,Low,Unsure
S1979,Student,13-17,Male,8,Social Media,True,3,True,False,True,Defamation; Exclusion,False,None,Loss of Appetite,True,High,Unsure
S1980,Student,9-12,Female,1,Videos,True,3,True,True,True,Insults; Defamation; Threats,False,None,Depression,False,Low,Certain
S1981,Student,13-17,Female,8,Social Media,True,1,True,False,True,Insults; Exclusion,False,None,Academic Decline,True,Medium,Certain
S1982,Student,13-17,Female,6,Social Media,True,4,True,True,True,Insults; Defamation; Threats,False,None,Anxiety,False,Low,Unsure
S1983,Student,13-17,Male,5,Studying,True,1,True,True,True,None,False,None,None,True,High,Certain
S1984,Student,13-17,Male,2,Videos,True,1,False,False,True,Insults; Sexual Harassment,False,None,None,False,Low,Certain
S1985,Student,13-17,Male,2,Studying,True,1,True,False,False,None,N/A,None,None,False,Low,Not Applicable
S1986,Student,9-12,Male,1,Chatting,True,1,True,True,True,Exclusion,False,None,Academic Decline,False,Low,Certain
S1987,Student,13-17,Male,1,Gaming,True,3,False,False,False,None,N/A,None,None,True,Medium,Not Applicable
S1988,Student,13-17,Male,4,Studying,True,1,False,False,True,Exclusion,True,Friend,Depression,False,Low,Unsure
S1989,Student,13-17,Female,6,Studying,True,1,True,True,False,None,N/A,None,None,True,High,Not Applicable
S1990,Student,13-17,Female,4,Studying,True,1,True,False,True,Insults; Exclusion,False,None,None,True,High,Unsure
S1991,Student,9-12,Female,1,Studying,True,1,True,True,False,None,N/A,None,None,False,Low,Not Applicable
S1992,Student,9-12,Female,1,Videos,True,1,True,True,False,None,N/A,None,None,True,Medium,Not Applicable
S1993,Student,9-12,Female,0,Studying,True,3,True,False,False,None,N/A,None,None,False,Low,Not Applicable
S1994,Student,13-17,Female,7,Social Media,True,3,False,False,True,Insults; Exclusion,False,None,Loss of Appetite,False,Low,Certain
S1995,Student,9-12,Female,1,Chatting,True,3,False,False,True,Insults; Exclusion,False,None,Anxiety,True,Medium,Unsure
S1996,Student,9-12,Female,4,Gaming,False,3,False,False,False,None,N/A,None,None,True,High,Not Applicable
S1997,Student,13-17,Female,5,Chatting,True,2,True,False,True,Defamation,True,Friend,Insomnia; Depression,False,Medium,Certain
S1998,Student,13-17,Male,7,Studying,True,1,False,False,False,None,N/A,None,None,False,Low,Not Applicable
S1999,Student,13-17,Male,3,Studying,True,1,False,False,True,None,True,School Counselor,None,True,High,Certain
S2000,Student,9-12,Male,3,Gaming,True,1,False,False,False,None,N/A,None,None,False,Low,Not Applicable
S2001,Student,9-12,Female,0,Videos,True,1,True,True,False,None,N/A,None,None,True,Medium,Not Applicable
S2002,Student,13-17,Female,5,Chatting,True,1,False,False,False,None,N/A,None,None,False,Low,Not Applicable
S2003,Student,9-12,Female,2,Gaming,True,1,False,False,False,None,N/A,None,None,False,Low,Not Applicable
S2004,Student,9-12,Male,4,Chatting,True,1,True,False,True,Insults; Defamation; Exclusion,False,None,None,True,Medium,Unsure
S2005,Student,13-17,Female,4,Social Media,True,4,True,True,False,None,N/A,None,None,False,Low,Not Applicable
S2006,Student,13-17,Male,4,Studying,False,1,True,True,True,None,False,None,Depression,True,Medium,Unsure
S2007,Student,9-12,Male,2,Videos,True,3,True,False,False,None,N/A,None,None,True,Medium,Not Applicable
S2008,Student,9-12,Female,3,Gaming,True,1,True,True,False,None,N/A,None,None,False,Medium,Not Applicable
S2009,Student,9-12,Male,2,Gaming,True,1,True,False,False,None,N/A,None,None,False,Medium,Not Applicable
S2010,Student,13-17,Male,6,Studying,False,4,True,False,False,None,N/A,None,None,False,Low,Not Applicable
S2011,Student,9-12,Female,1,Videos,True,1,False,False,True,Insults,False,None,Insomnia; Academic Decline; Depression; Anxiety,False,Medium,Certain
S2012,Student,13-17,Female,2,Studying,True,4,True,True,False,None,N/A,None,None,True,High,Not Applicable
S2013,Student,13-17,Female,4,Studying,True,1,True,True,False,None,N/A,None,None,False,Low,Not Applicable
S2014,Student,13-17,Male,4,Chatting,True,2,False,False,False,None,N/A,None,None,True,Medium,Not Applicable
S2015,Student,13-17,Female,3,Gaming,True,1,False,False,True,Insults; Exclusion,False,None,None,True,Medium,Unsure
S2016,Student,13-17,Female,5,Studying,True,1,True,True,False,None,N/A,None,None,True,High,Not Applicable
S2017,Student,9-12,Male,3,Studying,True,1,True,True,True,Insults,True,Teacher,Depression; Loss of Appetite,False,Medium,Unsure
S2018,Student,9-12,Female,3,Gaming,True,1,True,True,False,None,N/A,None,None,False,Medium,Not Applicable
S2019,Student,9-12,Female,0,Chatting,True,1,True,True,True,Insults; Exclusion,True,Family,Academic Decline; Loss of Appetite,False,Low,Certain
S2020,Student,13-17,Female,1,Social Media,True,4,False,False,False,None,N/A,None,None,True,High,Not Applicable
S2021,Student,13-17,Male,4,Social Media,True,1,False,False,False,None,N/A,None,None,False,Low,Not Applicable
S2022,Student,13-17,Male,5,Gaming,True,1,True,True,True,Insults; Exclusion; Threats,False,None,None,True,Medium,Unsure
S2023,Student,13-17,Female,7,Social Media,True,1,True,False,True,Insults; Exclusion; Threats,False,None,Insomnia; Academic Decline; Anxiety,False,Low,Unsure
S2024,Student,9-12,Male,1,Gaming,True,4,True,True,False,None,N/A,None,None,True,High,Not Applicable
S2025,Student,9-12,Female,1,Chatting,True,1,False,False,True,Insults,True,Family,None,False,Low,Unsure
S2026,Student,13-17,Male,6,Gaming,True,1,True,False,True,Insults; Defamation; Exclusion; Sexual Harassment,False,None,Depression; Anxiety,True,High,Unsure
S2027,Student,13-17,Female,2,Gaming,False,2,True,False,True,None,False,None,None,False,Low,Unsure
S2028,Student,9-12,Female,2,Social Media,True,1,False,False,False,None,N/A,None,None,True,Medium,Not Applicable
S2029,Student,13-17,Male,5,Social Media,True,1,True,False,False,None,N/A,None,None,False,Low,Not Applicable
S2030,Student,9-12,Female,4,Chatting,True,1,False,False,False,None,N/A,None,None,True,High,Not Applicable
S2031,Student,13-17,Male,7,Social Media,True,4,True,False,False,None,N/A,None,None,True,High,Not Applicable
S2032,Student,13-17,Female,2,Social Media,True,1,True,False,False,None,N/A,None,None,False,Low,Not Applicable
S2033,Student,13-17,Male,2,Social Media,True,1,True,True,False,None,N/A,None,None,True,Medium,Not Applicable
S2034,Student,9-12,Male,2,Gaming,True,1,True,True,False,None,N/A,None,None,True,High,Not Applicable
S2035,Student,13-17,Female,8,Social Media,True,1,True,False,True,Insults,True,Friend,None,True,High,Unsure
S2036,Student,9-12,Male,4,Social Media,True,1,True,True,False,None,N/A,None,None,False,Low,Not Applicable
S2037,Student,13-17,Male,4,Social Media,True,1,True,True,True,Insults,False,None,Depression,True,High,Unsure
S2038,Student,13-17,Female,6,Chatting,True,1,True,True,False,None,N/A,None,None,False,Low,Not Applicable
S2039,Student,13-17,Female,5,Videos,True,1,False,False,False,None,N/A,None,None,True,High,Not Applicable
S2040,Student,13-17,Male,2,Social Media,True,1,True,True,False,None,N/A,None,None,True,Medium,Not Applicable
S2041,Student,9-12,Female,2,Chatting,True,4,True,False,False,None,N/A,None,None,True,High,Not Applicable
S2042,Student,13-17,Female,8,Chatting,True,1,False,False,True,Insults; Threats,True,Family,None,True,High,Unsure
S2043,Student,9-12,Male,3,Studying,True,1,True,False,True,Insults; Defamation,True,Friend,Insomnia; Academic Decline,False,Low,Certain
S2044,Student,13-17,Male,4,Videos,False,1,True,True,True,Defamation; Threats,False,None,Insomnia,False,Medium,Certain
S2045,Student,13-17,Male,4,Gaming,True,4,False,False,False,None,N/A,None,None,False,Low,Not Applicable
S2046,Student,9-12,Male,2,Gaming,True,2,False,False,True,Insults,True,Teacher,None,True,High,Certain
S2047,Student,9-12,Male,1,Videos,True,1,True,False,False,None,N/A,None,None,True,Medium,Not Applicable
S2048,Student,9-12,Female,0,Gaming,True,1,True,False,False,None,N/A,None,None,True,High,Not Applicable
S2049,Student,9-12,Female,3,Videos,True,1,True,True,True,Insults; Defamation; Exclusion,True,Friend,Academic Decline; Depression; Anxiety,False,Medium,Unsure
S2050,Student,9-12,Male,0,Videos,True,1,False,False,False,None,N/A,None,None,False,Medium,Not Applicable
S2051,Student,13-17,Female,7,Social Media,True,1,False,False,True,None,False,None,None,True,High,Certain
S2052,Student,13-17,Male,1,Chatting,True,1,False,False,False,None,N/A,None,None,False,Medium,Not Applicable
S2053,Student,9-12,Female,0,Studying,True,1,False,False,True,Insults; Defamation; Exclusion,True,Friend,Insomnia; Depression,True,High,Unsure
S2054,Student,13-17,Male,3,Videos,True,1,False,False,False,None,N/A,None,None,False,Low,Not Applicable
S2055,Student,13-17,Female,6,Videos,True,3,False,False,False,None,N/A,None,None,True,High,Not Applicable
S2056,Student,13-17,Female,4,Studying,True,1,True,True,False,None,N/A,None,None,False,Medium,Not Applicable
S2057,Student,13-17,Female,7,Studying,False,1,True,False,True,None,True,School Counselor,Insomnia; Loss of Appetite,False,Medium,Certain
S2058,Student,9-12,Male,2,Studying,True,3,False,False,True,None,True,School Counselor,Academic Decline,False,Low,Certain
S2059,Student,13-17,Female,7,Chatting,True,1,True,False,True,Insults,True,Family,None,True,Medium,Unsure
S2060,Student,13-17,Male,2,Gaming,True,4,True,True,True,Insults; Exclusion,False,None,Depression,False,Low,Unsure
S2061,Student,13-17,Female,1,Social Media,True,1,True,True,False,None,N/A,None,None,True,High,Not Applicable
S2062,Student,13-17,Male,8,Studying,True,1,False,False,False,None,N/A,None,None,False,Low,Not Applicable
S2063,Student,9-12,Male,4,Gaming,True,1,True,True,True,Insults,True,Teacher,None,True,High,Certain
S2064,Student,13-17,Male,7,Chatting,True,1,False,False,False,None,N/A,None,None,True,High,Not Applicable
S2065,Student,13-17,Male,7,Chatting,True,3,False,False,False,None,N/A,None,None,True,High,Not Applicable
S2066,Student,13-17,Male,3,Gaming,True,3,True,True,True,Insults; Exclusion,False,None,None,True,High,Certain
S2067,Student,13-17,Male,8,Chatting,True,3,True,False,True,Exclusion,True,Family,Depression,False,Medium,Unsure
S2068,Student,13-17,Male,1,Studying,True,3,False,False,False,None,N/A,None,None,True,High,Not Applicable
S2069,Student,13-17,Female,2,Studying,True,1,False,False,False,None,N/A,None,None,False,Medium,Not Applicable
S2070,Student,9-12,Male,2,Studying,True,1,False,False,False,None,N/A,None,None,False,Medium,Not Applicable
S2071,Student,13-17,Female,6,Social Media,True,2,True,True,True,Defamation,True,School Counselor,Depression,False,Medium,Certain
S2072,Student,13-17,Male,5,Studying,True,1,False,False,True,Insults,True,Friend,Insomnia; Academic Decline,False,Low,Unsure
S2073,Student,13-17,Male,4,Gaming,True,1,True,True,True,Insults; Defamation; Exclusion,True,School Counselor,Insomnia; Academic Decline; Depression,False,Medium,Unsure
S2074,Student,9-12,Female,3,Gaming,True,1,False,False,True,Insults; Defamation,False,None,Insomnia; Depression; Anxiety; Loss of Appetite,True,High,Unsure
S2075,Student,13-17,Female,3,Social Media,True,1,True,False,True,Insults; Defamation,True,School Counselor,None,False,Medium,Unsure
S2076,Student,13-17,Female,7,Gaming,True,2,True,False,True,Defamation,False,None,Anxiety,False,Medium,Certain
S2077,Student,9-12,Female,1,Studying,True,1,False,False,True,Insults,False,None,Insomnia,False,Low,Certain
S2078,Student,9-12,Female,2,Social Media,True,3,True,False,False,None,N/A,None,None,False,Medium,Not Applicable
S2079,Student,13-17,Male,5,Social Media,False,1,True,True,False,None,N/A,None,None,True,High,Not Applicable
S2080,Student,13-17,Male,5,Chatting,True,4,False,False,True,None,True,Teacher,None,False,Medium,Unsure
S2081,Student,13-17,Male,5,Videos,True,1,True,False,False,None,N/A,None,None,False,Low,Not Applicable
S2082,Student,13-17,Female,7,Chatting,True,1,False,False,True,Insults; Defamation,True,School Counselor,Academic Decline; Depression; Anxiety,True,Medium,Unsure
S2083,Student,9-12,Female,1,Chatting,True,1,False,False,False,None,N/A,None,None,False,Low,Not Applicable
S2084,Student,9-12,Male,1,Social Media,False,1,True,True,True,Insults,False,None,Academic Decline,False,Low,Certain
S2085,Student,13-17,Male,3,Gaming,True,2,False,False,False,None,N/A,None,None,False,Low,Not Applicable
S2086,Student,13-17,Male,8,Gaming,True,1,True,False,True,None,True,Teacher,None,True,Medium,Certain
S2087,Student,13-17,Female,2,Videos,True,1,False,False,False,None,N/A,None,None,True,Medium,Not Applicable
S2088,Student,13-17,Male,3,Gaming,True,1,False,False,False,None,N/A,None,None,False,Low,Not Applicable
S2089,Student,13-17,Female,2,Videos,True,2,True,False,True,Insults; Defamation,True,Family,Academic Decline,True,High,Certain
S2090,Student,13-17,Male,3,Social Media,True,1,True,False,False,None,N/A,None,None,False,Low,Not Applicable
S2091,Student,13-17,Male,2,Videos,True,1,True,True,True,Insults; Defamation; Exclusion,False,None,Academic Decline; Depression,True,High,Certain
S2092,Student,13-17,Male,8,Videos,True,1,True,True,False,None,N/A,None,None,False,Medium,Not Applicable
S2093,Student,9-12,Male,1,Social Media,True,1,False,False,False,None,N/A,None,None,True,High,Not Applicable
S2094,Student,13-17,Male,4,Videos,True,1,True,False,True,Insults; Sexual Harassment,True,Friend,None,True,Medium,Certain
S2095,Student,13-17,Female,1,Studying,True,1,True,False,True,None,True,Friend,None,True,Medium,Unsure
S2096,Student,13-17,Female,6,Videos,True,3,True,True,True,Insults; Defamation,True,Family,Academic Decline; Loss of Appetite,False,Low,Certain
S2097,Student,9-12,Male,1,Videos,False,4,True,False,True,Insults; Defamation; Exclusion; Threats,False,None,Insomnia,False,Medium,Certain
S2098,Student,13-17,Male,4,Studying,True,3,False,False,True,Insults,True,School Counselor,Academic Decline,False,Low,Certain
S2099,Student,9-12,Male,3,Studying,True,1,True,True,False,None,N/A,None,None,True,Medium,Not Applicable
S2100,Student,13-17,Male,6,Chatting,True,1,True,False,False,None,N/A,None,None,False,Low,Not Applicable
S2101,Student,13-17,Male,4,Gaming,True,3,True,False,True,Insults; Exclusion,True,School Counselor,Insomnia,False,Low,Certain
S2102,Student,13-17,Female,8,Social Media,True,1,False,False,False,None,N/A,None,None,True,High,Not Applicable
S2103,Student,9-12,Female,1,Chatting,True,1,False,False,False,None,N/A,None,None,True,Medium,Not Applicable
S2104,Student,9-12,Female,2,Studying,True,1,False,False,True,None,True,Teacher,Loss of Appetite,True,High,Certain
S2105,Student,13-17,Male,4,Chatting,True,1,True,True,False,None,N/A,None,None,False,Medium,Not Applicable
S2106,Student,9-12,Female,1,Gaming,True,2,True,False,False,None,N/A,None,None,True,Medium,Not Applicable
S2107,Student,9-12,Female,2,Studying,True,3,False,False,True,Insults; Defamation,True,School Counselor,None,True,Medium,Certain
S2108,Student,13-17,Male,5,Gaming,False,4,False,False,False,None,N/A,None,None,True,High,Not Applicable
S2109,Student,13-17,Female,4,Studying,True,1,True,False,True,Insults; Defamation,False,None,Depression; Loss of Appetite,True,Medium,Certain
S2110,Student,13-17,Female,6,Gaming,False,1,True,False,True,Insults,True,School Counselor,Academic Decline; Depression,True,High,Unsure
S2111,Student,13-17,Female,4,Chatting,True,1,True,False,False,None,N/A,None,None,True,High,Not Applicable
S2112,Student,13-17,Female,6,Studying,True,1,False,False,False,None,N/A,None,None,True,High,Not Applicable
S2113,Student,13-17,Male,1,Studying,True,2,True,False,False,None,N/A,None,None,False,Medium,Not Applicable
S2114,Student,13-17,Male,5,Gaming,False,4,True,False,False,None,N/A,None,None,True,Medium,Not Applicable
S2115,Student,9-12,Male,2,Social Media,True,4,False,False,True,Exclusion,False,None,Academic Decline,False,Low,Unsure
S2116,Student,9-12,Female,0,Gaming,True,1,True,True,True,Insults,False,None,Depression,False,Medium,Unsure
S2117,Student,9-12,Male,1,Studying,True,1,False,False,False,None,N/A,None,None,True,High,Not Applicable
S2118,Student,9-12,Male,3,Social Media,True,2,True,True,False,None,N/A,None,None,True,Medium,Not Applicable
S2119,Student,13-17,Female,2,Gaming,True,1,False,False,True,Insults; Exclusion,False,None,Insomnia; Academic Decline; Anxiety,False,Medium,Certain
S2120,Student,9-12,Female,3,Gaming,True,1,True,True,False,None,N/A,None,None,False,Low,Not Applicable
S2121,Student,9-12,Male,2,Gaming,True,1,False,False,False,None,N/A,None,None,False,Low,Not Applicable
S2122,Student,13-17,Female,4,Gaming,True,4,True,False,False,None,N/A,None,None,False,Medium,Not Applicable
S2123,Student,13-17,Male,6,Chatting,True,2,True,False,True,Insults; Exclusion,False,None,None,False,Low,Certain
S2124,Student,13-17,Female,2,Gaming,True,1,True,True,True,Insults; Defamation,True,Family,Academic Decline,True,High,Unsure
S2125,Student,13-17,Female,4,Chatting,True,3,False,False,True,Insults; Defamation,False,None,Insomnia; Academic Decline; Anxiety,False,Low,Certain
S2126,Student,13-17,Female,7,Videos,True,1,False,False,True,None,False,None,Insomnia,True,High,Certain
S2127,Student,13-17,Female,4,Gaming,True,3,True,False,False,None,N/A,None,None,False,Low,Not Applicable
S2128,Student,9-12,Male,4,Videos,True,2,True,True,True,Defamation; Threats,True,School Counselor,None,False,Medium,Certain
S2129,Student,9-12,Male,4,Social Media,True,1,True,False,False,None,N/A,None,None,False,Medium,Not Applicable
S2130,Student,13-17,Female,3,Chatting,True,4,False,False,False,None,N/A,None,None,True,Medium,Not Applicable
S2131,Student,9-12,Male,4,Studying,True,1,True,True,False,None,N/A,None,None,False,Medium,Not Applicable
S2132,Student,13-17,Male,7,Gaming,True,1,True,False,False,None,N/A,None,None,True,Medium,Not Applicable
S2133,Student,13-17,Male,4,Social Media,True,1,False,False,True,Exclusion; Threats,True,Teacher,None,False,Low,Unsure
S2134,Student,9-12,Male,2,Chatting,True,1,True,True,False,None,N/A,None,None,False,Low,Not Applicable
S2135,Student,9-12,Female,2,Chatting,True,1,False,False,False,None,N/A,None,None,False,Low,Not Applicable
S2136,Student,13-17,Female,4,Videos,True,1,True,False,True,Insults; Defamation; Threats,False,None,None,True,Medium,Certain
S2137,Student,13-17,Male,1,Videos,True,4,True,False,True,Insults,False,None,None,False,Low,Certain
S2138,Student,13-17,Female,3,Social Media,True,1,False,False,False,None,N/A,None,None,True,High,Not Applicable
S2139,Student,13-17,Female,6,Social Media,True,4,True,True,True,Defamation,True,Friend,Insomnia; Depression,False,Low,Certain
S2140,Student,13-17,Female,7,Gaming,True,3,True,True,False,None,N/A,None,None,True,High,Not Applicable
S2141,Student,9-12,Female,3,Videos,True,1,True,False,False,None,N/A,None,None,False,Low,Not Applicable
S2142,Student,13-17,Female,4,Studying,True,1,False,False,False,None,N/A,None,None,False,Low,Not Applicable
S2143,Student,9-12,Male,3,Chatting,True,1,False,False,True,Insults; Defamation,True,Teacher,None,False,Low,Unsure
S2144,Student,13-17,Female,2,Studying,True,1,False,False,True,Insults,True,School Counselor,None,True,High,Certain
S2145,Student,13-17,Female,6,Videos,True,1,True,True,True,Threats,False,None,Depression,False,Low,Unsure
S2146,Student,13-17,Male,8,Videos,True,2,True,True,True,Insults,True,School Counselor,Insomnia; Depression,True,Medium,Certain
S2147,Student,13-17,Female,8,Chatting,True,1,False,False,False,None,N/A,None,None,False,Medium,Not Applicable
S2148,Student,13-17,Female,5,Gaming,False,3,False,False,True,Insults; Defamation,True,Friend,Insomnia,False,Low,Certain
S2149,Student,13-17,Female,7,Studying,True,1,True,False,True,Insults; Defamation,True,Teacher,None,False,Medium,Certain
S2150,Student,13-17,Female,1,Studying,True,1,False,False,True,Insults; Defamation; Threats,False,None,None,False,Low,Certain
S2151,Student,13-17,Male,7,Videos,True,1,True,False,False,None,N/A,None,None,False,Medium,Not Applicable
S2152,Student,9-12,Female,0,Videos,True,1,False,False,True,Defamation,False,None,Insomnia; Depression,True,Medium,Unsure
S2153,Student,13-17,Female,7,Studying,True,1,True,True,True,Insults; Threats; Sexual Harassment,True,School Counselor,Insomnia,True,High,Certain
S2154,Student,13-17,Female,6,Social Media,True,1,False,False,True,Threats,False,None,Academic Decline; Depression,True,Medium,Unsure
S2155,Student,9-12,Female,2,Videos,True,4,False,False,False,None,N/A,None,None,False,Medium,Not Applicable
S2156,Student,13-17,Female,5,Studying,True,1,False,False,False,None,N/A,None,None,False,Medium,Not Applicable
S2157,Student,13-17,Female,6,Chatting,True,1,True,False,True,Insults,False,None,None,True,High,Unsure
S2158,Student,13-17,Female,1,Chatting,True,1,False,False,True,None,True,Teacher,Anxiety,True,Medium,Unsure
S2159,Student,9-12,Female,3,Social Media,True,1,True,True,True,Defamation,False,None,Insomnia,True,High,Certain
S2160,Student,9-12,Male,2,Videos,True,2,True,True,False,None,N/A,None,None,False,Low,Not Applicable
S2161,Student,13-17,Female,4,Studying,False,1,True,False,True,Insults; Sexual Harassment,False,None,Insomnia; Academic Decline,False,Medium,Unsure
S2162,Student,9-12,Male,1,Social Media,False,1,False,False,False,None,N/A,None,None,False,Low,Not Applicable
S2163,Student,13-17,Male,3,Studying,True,1,False,False,False,None,N/A,None,None,False,Medium,Not Applicable
S2164,Student,9-12,Female,0,Studying,True,1,True,False,False,None,N/A,None,None,False,Low,Not Applicable
S2165,Student,13-17,Female,6,Gaming,True,1,True,True,True,Insults; Defamation,False,None,Insomnia; Academic Decline,False,Low,Certain
S2166,Student,13-17,Female,2,Videos,True,1,False,False,False,None,N/A,None,None,True,High,Not Applicable
S2167,Student,13-17,Male,7,Videos,True,1,True,True,True,Insults,False,None,None,False,Low,Certain
S2168,Student,13-17,Male,4,Social Media,True,1,False,False,False,None,N/A,None,None,True,Medium,Not Applicable
S2169,Student,13-17,Female,8,Studying,True,1,False,False,True,Insults,False,None,Insomnia,True,Medium,Unsure
S2170,Student,9-12,Male,2,Gaming,True,1,False,False,False,None,N/A,None,None,True,Medium,Not Applicable
S2171,Student,9-12,Male,2,Social Media,True,1,False,False,False,None,N/A,None,None,False,Low,Not Applicable
S2172,Student,13-17,Female,8,Chatting,False,1,True,False,False,None,N/A,None,None,False,Low,Not Applicable
S2173,Student,13-17,Male,1,Studying,True,1,False,False,False,None,N/A,None,None,True,Medium,Not Applicable
S2174,Student,9-12,Female,0,Social Media,True,1,False,False,True,Insults; Defamation,True,Teacher,Academic Decline,True,Medium,Unsure
S2175,Student,13-17,Male,4,Videos,True,1,True,True,True,Defamation,True,School Counselor,None,True,High,Unsure
S2176,Student,13-17,Female,2,Videos,True,3,False,False,False,None,N/A,None,None,True,Medium,Not Applicable
S2177,Student,13-17,Female,8,Gaming,True,1,True,True,False,None,N/A,None,None,True,Medium,Not Applicable
S2178,Student,13-17,Female,4,Videos,True,1,True,False,True,Insults; Defamation; Threats,True,Family,Insomnia,True,Medium,Unsure
S2179,Student,13-17,Female,3,Social Media,True,1,False,False,False,None,N/A,None,None,False,Medium,Not Applicable
S2180,Student,13-17,Male,4,Social Media,True,1,False,False,False,None,N/A,None,None,True,Medium,Not Applicable
S2181,Student,13-17,Female,4,Gaming,True,1,False,False,False,None,N/A,None,None,False,Low,Not Applicable
S2182,Student,13-17,Male,4,Studying,True,1,True,False,True,Insults; Exclusion,False,None,None,True,High,Certain
S2183,Student,13-17,Female,4,Social Media,True,2,True,True,True,Defamation,True,School Counselor,Academic Decline,True,Medium,Certain
S2184,Student,13-17,Female,5,Videos,True,1,False,False,False,None,N/A,None,None,False,Low,Not Applicable
S2185,Student,13-17,Female,5,Chatting,False,1,True,True,False,None,N/A,None,None,False,Low,Not Applicable
S2186,Student,13-17,Female,4,Studying,False,2,False,False,True,Insults,False,None,Insomnia,True,High,Unsure
S2187,Student,13-17,Female,8,Gaming,True,1,True,True,True,Defamation; Threats,True,Teacher,None,False,Low,Unsure
S2188,Student,13-17,Male,1,Social Media,True,4,True,True,False,None,N/A,None,None,False,Low,Not Applicable
S2189,Student,13-17,Male,1,Studying,True,1,True,False,False,None,N/A,None,None,True,High,Not Applicable
S2190,Student,9-12,Female,4,Chatting,True,1,False,False,False,None,N/A,None,None,True,Medium,Not Applicable
S2191,Student,13-17,Female,8,Studying,True,1,True,False,True,Insults,True,Teacher,Insomnia; Loss of Appetite,True,Medium,Unsure
S2192,Student,9-12,Male,1,Social Media,True,1,True,False,True,Insults; Defamation,False,None,None,False,Medium,Unsure
S2193,Student,13-17,Female,8,Studying,True,3,False,False,False,None,N/A,None,None,False,Low,Not Applicable
S2194,Student,13-17,Female,5,Gaming,True,1,True,False,False,None,N/A,None,None,True,Medium,Not Applicable
S2195,Student,9-12,Male,1,Studying,True,1,True,True,False,None,N/A,None,None,True,High,Not Applicable
S2196,Student,13-17,Female,4,Chatting,True,1,False,False,True,Insults; Exclusion,True,School Counselor,None,True,Medium,Certain
S2197,Student,9-12,Female,3,Gaming,True,4,False,False,False,None,N/A,None,None,False,Medium,Not Applicable
S2198,Student,13-17,Male,4,Studying,True,1,True,True,True,Insults,True,Friend,Insomnia; Academic Decline,True,Medium,Unsure
S2199,Student,13-17,Female,4,Chatting,False,2,False,False,True,Insults; Threats,False,None,Academic Decline,True,Medium,Unsure
S2200,Student,13-17,Female,4,Chatting,True,1,False,False,True,Insults; Exclusion,True,Teacher,Insomnia,True,High,Certain
S2201,Student,13-17,Female,2,Videos,False,1,True,False,True,Insults,True,School Counselor,Academic Decline; Depression; Anxiety; Loss of Appetite,False,Low,Certain
S2202,Student,13-17,Female,8,Social Media,True,1,False,False,True,Insults; Threats,True,School Counselor,Insomnia,False,Medium,Certain
S2203,Student,9-12,Male,1,Social Media,True,4,False,False,True,Insults; Defamation,False,None,Insomnia,True,Medium,Unsure
S2204,Student,13-17,Male,1,Videos,True,2,False,False,False,None,N/A,None,None,True,High,Not Applicable
S2205,Student,13-17,Male,2,Social Media,True,1,False,False,False,None,N/A,None,None,False,Medium,Not Applicable
S2206,Student,13-17,Male,6,Social Media,True,4,False,False,False,None,N/A,None,None,False,Medium,Not Applicable
S2207,Student,9-12,Male,4,Gaming,True,4,False,False,False,None,N/A,None,None,True,Medium,Not Applicable
S2208,Student,9-12,Male,1,Social Media,True,1,True,False,False,None,N/A,None,None,False,Low,Not Applicable
S2209,Student,13-17,Female,4,Chatting,True,4,True,False,True,Insults; Threats,True,School Counselor,Academic Decline,False,Medium,Unsure
S2210,Student,9-12,Male,0,Social Media,True,1,False,False,True,None,True,Friend,Insomnia,False,Low,Unsure
S2211,Student,13-17,Female,4,Chatting,True,3,True,True,True,Insults; Exclusion,True,Family,Insomnia; Academic Decline,True,Medium,Unsure
S2212,Student,13-17,Male,1,Gaming,True,1,True,False,True,Insults; Defamation,False,None,Academic Decline,True,High,Unsure
S2213,Student,13-17,Male,8,Gaming,True,1,True,True,False,None,N/A,None,None,False,Low,Not Applicable
S2214,Student,9-12,Female,3,Studying,True,1,True,False,True,Insults; Defamation,True,School Counselor,Insomnia,False,Medium,Unsure
S2215,Student,13-17,Male,2,Videos,True,2,True,False,True,Insults; Defamation,False,None,Insomnia; Academic Decline,False,Low,Certain
S2216,Student,9-12,Female,2,Gaming,True,1,True,False,False,None,N/A,None,None,True,High,Not Applicable
S2217,Student,9-12,Male,2,Studying,True,1,True,True,False,None,N/A,None,None,True,Medium,Not Applicable
S2218,Student,9-12,Female,2,Gaming,False,2,True,True,False,None,N/A,None,None,True,Medium,Not Applicable
S2219,Student,13-17,Male,3,Chatting,False,1,False,False,True,Defamation; Exclusion,True,Friend,Academic Decline,True,Medium,Certain
S2220,Student,13-17,Female,5,Gaming,True,3,True,True,True,Defamation; Exclusion,False,None,Insomnia; Depression; Anxiety,False,Low,Unsure
S2221,Student,9-12,Female,4,Chatting,True,1,True,False,True,Defamation; Threats,True,Friend,Insomnia,False,Medium,Unsure
S2222,Student,9-12,Female,2,Videos,True,1,False,False,True,Defamation,False,None,Academic Decline; Loss of Appetite,True,High,Certain
S2223,Student,13-17,Male,5,Videos,True,2,False,False,True,Exclusion,False,None,Insomnia; Depression,True,High,Certain
S2224,Student,13-17,Male,3,Gaming,True,1,True,True,True,Defamation,True,Family,None,True,High,Certain
S2225,Student,13-17,Female,1,Studying,True,1,True,False,False,None,N/A,None,None,False,Low,Not Applicable
S2226,Student,13-17,Female,2,Studying,True,2,False,False,True,Defamation; Threats,True,Teacher,Insomnia,False,Low,Certain
S2227,Student,13-17,Male,8,Studying,True,4,True,False,False,None,N/A,None,None,False,Low,Not Applicable
S2228,Student,13-17,Male,8,Chatting,True,4,False,False,False,None,N/A,None,None,False,Medium,Not Applicable
S2229,Student,9-12,Female,3,Videos,True,1,True,False,True,None,False,None,Insomnia; Academic Decline; Loss of Appetite,False,Low,Unsure
S2230,Student,9-12,Male,0,Gaming,False,2,False,False,False,None,N/A,None,None,False,Low,Not Applicable
S2231,Student,13-17,Female,6,Videos,True,1,False,False,True,Insults; Defamation,True,Teacher,Insomnia; Academic Decline; Loss of Appetite,False,Low,Unsure
S2232,Student,13-17,Female,5,Studying,False,1,False,False,True,Insults; Defamation,True,Family,Insomnia; Academic Decline,True,High,Unsure
S2233,Student,13-17,Female,4,Chatting,True,3,True,True,False,None,N/A,None,None,False,Low,Not Applicable
S2234,Student,13-17,Female,8,Studying,True,1,False,False,True,Insults; Exclusion; Threats,False,None,Anxiety,False,Low,Certain
S2235,Student,13-17,Female,4,Gaming,True,1,True,False,False,None,N/A,None,None,True,Medium,Not Applicable
S2236,Student,13-17,Male,1,Chatting,True,1,False,False,False,None,N/A,None,None,False,Medium,Not Applicable
S2237,Student,13-17,Male,7,Videos,True,4,True,True,False,None,N/A,None,None,False,Low,Not Applicable
S2238,Student,9-12,Female,2,Chatting,True,4,False,False,False,None,N/A,None,None,True,Medium,Not Applicable
S2239,Student,13-17,Female,7,Videos,True,1,True,True,False,None,N/A,None,None,True,High,Not Applicable
S2240,Student,13-17,Male,1,Studying,False,1,True,True,False,None,N/A,None,None,True,Medium,Not Applicable
S2241,Student,13-17,Male,4,Studying,True,4,False,False,True,Defamation,True,Teacher,None,False,Low,Certain
S2242,Student,13-17,Female,6,Gaming,True,1,False,False,True,Insults; Defamation; Threats,False,None,Insomnia,True,Medium,Certain
S2243,Student,9-12,Male,3,Chatting,True,1,True,True,True,Insults; Exclusion,False,None,Insomnia; Academic Decline,True,Medium,Certain
S2244,Student,13-17,Female,4,Videos,True,4,False,False,False,None,N/A,None,None,False,Low,Not Applicable
S2245,Student,9-12,Female,2,Gaming,True,1,False,False,False,None,N/A,None,None,True,High,Not Applicable
S2246,Student,13-17,Female,1,Studying,True,2,True,False,False,None,N/A,None,None,False,Low,Not Applicable
S2247,Student,9-12,Male,4,Social Media,True,4,True,False,True,Insults,False,None,Insomnia; Anxiety,False,Low,Certain
S2248,Student,13-17,Male,2,Studying,True,1,True,False,True,Insults,True,Teacher,None,False,Low,Unsure
S2249,Student,13-17,Female,7,Videos,False,4,False,False,True,Defamation; Exclusion,True,Friend,None,True,High,Certain
S2250,Student,13-17,Female,2,Studying,True,1,True,True,False,None,N/A,None,None,False,Low,Not Applicable
S2251,Student,13-17,Female,5,Social Media,True,1,True,True,True,Defamation,True,Friend,Insomnia; Anxiety,False,Medium,Certain
S2252,Student,9-12,Female,1,Gaming,True,3,True,False,False,None,N/A,None,None,True,High,Not Applicable
S2253,Student,9-12,Male,4,Videos,True,1,False,False,False,None,N/A,None,None,True,Medium,Not Applicable
S2254,Student,13-17,Female,1,Studying,True,1,False,False,True,Insults; Defamation,True,School Counselor,None,False,Low,Certain
S2255,Student,13-17,Male,5,Videos,False,1,True,True,True,Defamation,False,None,Insomnia,True,High,Certain
S2256,Student,13-17,Female,5,Social Media,True,1,True,False,False,None,N/A,None,None,False,Medium,Not Applicable
S2257,Student,13-17,Male,5,Gaming,True,1,True,False,True,Insults; Threats,False,None,None,True,High,Unsure
S2258,Student,13-17,Male,5,Chatting,True,4,True,False,False,None,N/A,None,None,False,Low,Not Applicable
S2259,Student,9-12,Female,0,Social Media,True,1,False,False,True,None,True,Family,None,True,Medium,Certain
S2260,Student,13-17,Male,4,Chatting,True,3,False,False,True,Insults,True,Friend,None,False,Medium,Certain
S2261,Student,13-17,Male,5,Videos,False,1,False,False,True,Defamation,False,None,Depression,True,Medium,Certain
S2262,Student,13-17,Female,2,Chatting,False,3,True,False,True,Insults; Defamation,False,None,Academic Decline,True,Medium,Certain
S2263,Student,9-12,Male,4,Videos,True,1,True,False,True,Exclusion,False,None,None,False,Low,Certain
S2264,Student,9-12,Female,2,Gaming,True,4,True,False,False,None,N/A,None,None,False,Low,Not Applicable
S2265,Student,13-17,Female,4,Gaming,True,1,True,False,True,Exclusion; Threats,False,None,Insomnia; Depression,False,Medium,Certain
S2266,Student,13-17,Female,8,Gaming,True,1,True,False,True,Insults; Sexual Harassment,True,Teacher,Insomnia; Depression,False,Low,Certain
S2267,Student,13-17,Female,2,Chatting,True,4,False,False,True,Insults,False,None,None,True,High,Certain
S2268,Student,13-17,Female,7,Social Media,True,1,True,True,True,None,True,Teacher,Depression,False,Low,Unsure
S2269,Student,9-12,Female,3,Videos,True,1,True,True,True,None,True,Friend,Academic Decline,True,High,Certain
S2270,Student,13-17,Male,3,Social Media,True,1,True,True,True,Insults; Defamation,False,None,None,True,Medium,Unsure
S2271,Student,13-17,Male,2,Videos,False,1,True,False,True,None,True,Friend,Insomnia; Depression; Anxiety,True,Medium,Certain
S2272,Student,9-12,Male,1,Social Media,True,1,False,False,True,Insults; Defamation,True,School Counselor,None,False,Low,Certain
S2273,Student,9-12,Male,1,Chatting,True,1,True,True,True,Insults,True,Teacher,Insomnia; Anxiety,False,Low,Certain
S2274,Student,13-17,Male,5,Studying,True,1,True,True,True,Insults,True,School Counselor,Academic Decline,False,Low,Unsure
S2275,Student,13-17,Male,4,Studying,True,1,True,True,True,Insults; Defamation,False,None,Insomnia; Academic Decline,True,Medium,Certain
S2276,Student,13-17,Male,7,Chatting,True,1,False,False,False,None,N/A,None,None,True,Medium,Not Applicable
S2277,Student,9-12,Male,0,Videos,True,1,True,True,False,None,N/A,None,None,True,High,Not Applicable
S2278,Student,9-12,Male,3,Chatting,True,4,False,False,False,None,N/A,None,None,False,Low,Not Applicable
S2279,Student,9-12,Female,0,Studying,True,1,False,False,False,None,N/A,None,None,True,High,Not Applicable
S2280,Student,13-17,Male,5,Chatting,True,3,True,False,True,Insults; Defamation,False,None,Academic Decline,False,Low,Certain
S2281,Student,13-17,Female,6,Social Media,True,3,True,False,False,None,N/A,None,None,True,Medium,Not Applicable
S2282,Student,9-12,Male,2,Gaming,True,1,True,True,False,None,N/A,None,None,False,Medium,Not Applicable
S2283,Student,13-17,Female,7,Social Media,True,1,True,False,False,None,N/A,None,None,True,Medium,Not Applicable
S2284,Student,13-17,Male,3,Social Media,True,4,True,False,False,None,N/A,None,None,True,Medium,Not Applicable
S2285,Student,13-17,Male,1,Studying,True,1,True,True,False,None,N/A,None,None,True,Medium,Not Applicable
S2286,Student,13-17,Male,5,Studying,True,3,False,False,False,None,N/A,None,None,False,Low,Not Applicable
S2287,Student,13-17,Male,6,Studying,True,2,True,True,True,Insults,True,School Counselor,Insomnia,True,High,Certain
S2288,Student,13-17,Male,7,Gaming,True,1,True,True,True,None,True,Family,None,True,High,Certain
S2289,Student,13-17,Male,2,Social Media,True,4,False,False,False,None,N/A,None,None,True,Medium,Not Applicable
S2290,Student,13-17,Female,8,Chatting,True,1,True,False,True,Insults; Exclusion; Threats,False,None,None,True,Medium,Unsure
S2291,Student,13-17,Male,3,Studying,True,1,False,False,False,None,N/A,None,None,True,High,Not Applicable
S2292,Student,9-12,Female,1,Gaming,True,1,True,True,False,None,N/A,None,None,False,Low,Not Applicable
S2293,Student,9-12,Female,4,Social Media,True,1,False,False,False,None,N/A,None,None,False,Low,Not Applicable
S2294,Student,9-12,Male,1,Studying,True,4,False,False,True,Insults,False,None,Insomnia; Depression,False,Low,Unsure
S2295,Student,13-17,Male,7,Social Media,True,4,True,True,True,None,True,Teacher,Insomnia; Academic Decline,True,High,Certain
S2296,Student,13-17,Male,7,Chatting,True,1,False,False,True,Insults,False,None,Anxiety,True,Medium,Certain
S2297,Student,13-17,Female,8,Studying,True,1,True,True,True,None,True,Friend,None,True,Medium,Unsure
S2298,Student,13-17,Male,4,Studying,True,1,True,False,False,None,N/A,None,None,False,Low,Not Applicable
S2299,Student,13-17,Male,4,Videos,True,2,True,False,True,Insults,False,None,Academic Decline,True,Medium,Certain
S2300,Student,13-17,Male,6,Studying,True,1,True,False,False,None,N/A,None,None,False,Low,Not Applicable
S2301,Student,13-17,Female,4,Gaming,True,2,False,False,True,Defamation,True,School Counselor,Academic Decline,False,Low,Certain
S2302,Student,13-17,Male,3,Chatting,False,1,True,False,True,Exclusion,False,None,Depression; Anxiety,True,High,Unsure
S2303,Student,13-17,Female,5,Videos,True,4,False,False,True,Insults,True,Friend,Insomnia; Academic Decline,False,Low,Certain
S2304,Student,9-12,Female,0,Chatting,True,3,True,True,True,Insults; Defamation; Threats,True,Friend,Depression; Anxiety,True,High,Certain
S2305,Student,13-17,Male,2,Gaming,True,1,True,True,False,None,N/A,None,None,False,Medium,Not Applicable
S2306,Student,13-17,Male,2,Videos,True,1,True,True,True,Insults,True,School Counselor,Insomnia; Academic Decline,True,High,Certain
S2307,Student,9-12,Male,2,Videos,True,4,True,False,False,None,N/A,None,None,False,Medium,Not Applicable
S2308,Student,13-17,Female,8,Gaming,True,3,False,False,False,None,N/A,None,None,False,Low,Not Applicable
S2309,Student,13-17,Female,8,Gaming,True,1,False,False,False,None,N/A,None,None,True,High,Not Applicable
S2310,Student,13-17,Male,1,Videos,True,1,False,False,True,Defamation,True,Teacher,None,False,Low,Certain
S2311,Student,13-17,Male,1,Videos,True,3,True,False,False,None,N/A,None,None,False,Low,Not Applicable
S2312,Student,13-17,Female,3,Chatting,True,1,False,False,False,None,N/A,None,None,False,Low,Not Applicable
S2313,Student,13-17,Female,1,Videos,False,1,False,False,True,Insults; Exclusion,False,None,Insomnia,True,Medium,Unsure
S2314,Student,13-17,Female,6,Studying,True,1,False,False,False,None,N/A,None,None,False,Low,Not Applicable
S2315,Student,9-12,Female,1,Chatting,True,2,True,True,False,None,N/A,None,None,True,High,Not Applicable
S2316,Student,9-12,Female,0,Gaming,True,1,True,True,True,Insults; Exclusion; Threats,False,None,None,True,High,Unsure
S2317,Student,13-17,Female,4,Chatting,False,1,True,True,True,None,False,None,Insomnia; Depression,False,Low,Unsure
S2318,Student,13-17,Female,1,Chatting,True,3,True,True,False,None,N/A,None,None,False,Low,Not Applicable
S2319,Student,9-12,Female,1,Gaming,True,1,True,False,True,Defamation,False,None,Insomnia,False,Low,Certain
S2320,Student,13-17,Male,2,Social Media,True,1,True,False,True,None,False,None,Insomnia,True,Medium,Certain
S2321,Student,13-17,Male,6,Social Media,True,1,True,False,True,None,True,Friend,Loss of Appetite,False,Low,Unsure
S2322,Student,13-17,Male,4,Videos,True,1,True,False,False,None,N/A,None,None,True,Medium,Not Applicable
S2323,Student,13-17,Female,1,Social Media,True,1,True,True,False,None,N/A,None,None,True,Medium,Not Applicable
S2324,Student,13-17,Female,6,Videos,True,2,False,False,False,None,N/A,None,None,False,Low,Not Applicable
S2325,Student,13-17,Male,4,Studying,True,1,True,True,False,None,N/A,None,None,False,Low,Not Applicable
S2326,Student,13-17,Male,7,Studying,True,1,True,True,False,None,N/A,None,None,True,High,Not Applicable
S2327,Student,13-17,Male,4,Videos,True,1,True,False,True,Insults,False,None,None,False,Low,Unsure
S2328,Student,13-17,Male,5,Chatting,True,3,True,False,True,Insults; Defamation; Exclusion,False,None,Insomnia,True,High,Unsure
S2329,Student,13-17,Female,4,Chatting,False,1,True,False,True,Insults,True,School Counselor,Insomnia,False,Medium,Certain
S2330,Student,13-17,Male,4,Studying,True,1,False,False,True,Insults,False,None,None,False,Low,Unsure
S2331,Student,13-17,Male,4,Chatting,True,4,False,False,True,Defamation; Exclusion,False,None,Insomnia; Depression,True,Medium,Unsure
S2332,Student,9-12,Female,2,Chatting,True,4,False,False,False,None,N/A,None,None,False,Medium,Not Applicable
S2333,Student,9-12,Female,0,Social Media,False,1,True,True,False,None,N/A,None,None,False,Low,Not Applicable
S2334,Student,13-17,Female,5,Studying,True,1,False,False,True,None,True,Family,None,False,Low,Certain
S2335,Student,9-12,Female,0,Gaming,True,3,True,False,False,None,N/A,None,None,True,Medium,Not Applicable
S2336,Student,13-17,Female,7,Social Media,True,1,False,False,True,Insults; Defamation,False,None,None,False,Low,Certain
S2337,Student,9-12,Male,0,Chatting,True,1,False,False,False,None,N/A,None,None,True,High,Not Applicable
S2338,Student,13-17,Female,1,Social Media,True,1,True,True,False,None,N/A,None,None,True,High,Not Applicable
S2339,Student,13-17,Male,2,Studying,True,3,True,True,False,None,N/A,None,None,False,Low,Not Applicable
S2340,Student,9-12,Female,2,Videos,True,1,True,True,False,None,N/A,None,None,False,Medium,Not Applicable
S2341,Student,13-17,Male,3,Gaming,False,3,True,False,True,None,True,Teacher,None,True,High,Unsure
S2342,Student,13-17,Male,4,Videos,True,1,False,False,False,None,N/A,None,None,False,Low,Not Applicable
S2343,Student,13-17,Male,1,Chatting,True,1,True,False,True,Insults,True,Teacher,Insomnia; Anxiety,True,High,Certain
S2344,Student,13-17,Male,5,Studying,True,1,False,False,False,None,N/A,None,None,True,Medium,Not Applicable
S2345,Student,9-12,Male,1,Gaming,False,1,False,False,False,None,N/A,None,None,True,Medium,Not Applicable
S2346,Student,9-12,Male,2,Social Media,True,2,True,True,False,None,N/A,None,None,False,Medium,Not Applicable
S2347,Student,13-17,Female,8,Social Media,True,1,True,True,False,None,N/A,None,None,True,High,Not Applicable
S2348,Student,13-17,Male,2,Gaming,True,1,True,False,False,None,N/A,None,None,True,Medium,Not Applicable
S2349,Student,13-17,Female,1,Videos,True,1,False,False,False,None,N/A,None,None,True,High,Not Applicable
S2350,Student,13-17,Female,7,Social Media,True,1,False,False,True,Defamation,True,Family,Depression; Anxiety,False,Medium,Certain
S2351,Student,13-17,Male,7,Chatting,True,3,True,False,True,Insults,True,School Counselor,Insomnia; Depression,True,Medium,Certain
S2352,Student,9-12,Female,2,Social Media,True,1,True,True,False,None,N/A,None,None,True,High,Not Applicable
S2353,Student,9-12,Female,2,Chatting,True,2,False,False,False,None,N/A,None,None,True,Medium,Not Applicable
S2354,Student,13-17,Female,2,Videos,True,2,True,True,False,None,N/A,None,None,False,Low,Not Applicable
S2355,Student,13-17,Female,4,Videos,True,3,False,False,True,Insults,False,None,None,True,High,Unsure
S2356,Student,13-17,Female,5,Studying,True,2,False,False,False,None,N/A,None,None,False,Medium,Not Applicable
S2357,Student,13-17,Female,3,Videos,True,1,True,False,False,None,N/A,None,None,True,Medium,Not Applicable
S2358,Student,9-12,Male,0,Videos,True,1,True,False,False,None,N/A,None,None,False,Medium,Not Applicable
S2359,Student,9-12,Male,4,Videos,True,1,False,False,True,Exclusion,True,Family,Academic Decline,False,Low,Certain
S2360,Student,13-17,Female,4,Videos,True,1,False,False,False,None,N/A,None,None,True,High,Not Applicable
S2361,Student,9-12,Male,0,Videos,False,1,True,True,False,None,N/A,None,None,True,Medium,Not Applicable
S2362,Student,9-12,Female,0,Social Media,True,3,True,False,False,None,N/A,None,None,True,Medium,Not Applicable
S2363,Student,9-12,Male,2,Social Media,False,1,True,True,False,None,N/A,None,None,True,Medium,Not Applicable
S2364,Student,13-17,Female,7,Chatting,True,1,True,False,False,None,N/A,None,None,False,Low,Not Applicable
S2365,Student,13-17,Female,6,Studying,True,1,False,False,True,Insults,False,None,None,False,Low,Certain
S2366,Student,13-17,Female,2,Chatting,True,1,True,False,False,None,N/A,None,None,True,Medium,Not Applicable
S2367,Student,13-17,Female,7,Chatting,False,1,True,True,True,Insults; Defamation; Threats,False,None,Academic Decline,False,Low,Certain
S2368,Student,13-17,Male,3,Videos,True,1,True,True,False,None,N/A,None,None,False,Low,Not Applicable
S2369,Student,9-12,Male,4,Videos,False,1,False,False,False,None,N/A,None,None,False,Low,Not Applicable
S2370,Student,13-17,Male,8,Gaming,True,1,False,False,False,None,N/A,None,None,False,Medium,Not Applicable
S2371,Student,9-12,Female,2,Videos,True,1,False,False,False,None,N/A,None,None,True,Medium,Not Applicable
S2372,Student,9-12,Male,4,Social Media,True,4,True,True,True,Insults,True,Family,None,False,Low,Unsure
S2373,Student,13-17,Male,4,Social Media,True,1,True,False,False,None,N/A,None,None,False,Medium,Not Applicable
S2374,Student,9-12,Female,4,Social Media,True,1,True,True,False,None,N/A,None,None,True,Medium,Not Applicable
S2375,Student,13-17,Female,8,Gaming,True,3,True,True,True,Insults; Defamation,True,Friend,Academic Decline,False,Medium,Unsure
S2376,Student,9-12,Female,2,Social Media,True,3,True,True,False,None,N/A,None,None,False,Medium,Not Applicable
S2377,Student,13-17,Male,4,Studying,True,4,False,False,False,None,N/A,None,None,False,Low,Not Applicable
S2378,Student,13-17,Male,7,Studying,False,1,False,False,False,None,N/A,None,None,False,Low,Not Applicable
S2379,Student,13-17,Female,2,Gaming,True,2,False,False,False,None,N/A,None,None,False,Low,Not Applicable
S2380,Student,13-17,Male,2,Social Media,True,2,True,False,True,Insults; Threats,False,None,None,False,Low,Unsure
S2381,Student,13-17,Male,2,Studying,False,2,False,False,True,Insults; Exclusion,False,None,None,True,Medium,Certain
S2382,Student,9-12,Male,3,Videos,True,3,False,False,False,None,N/A,None,None,False,Low,Not Applicable
S2383,Student,9-12,Female,3,Videos,True,1,False,False,False,None,N/A,None,None,False,Low,Not Applicable
S2384,Student,13-17,Male,5,Videos,True,4,False,False,True,Insults,False,None,Insomnia,True,Medium,Unsure
S2385,Student,13-17,Male,1,Social Media,True,1,False,False,True,Insults; Defamation,False,None,Academic Decline,True,Medium,Unsure
S2386,Student,13-17,Female,3,Studying,True,1,False,False,False,None,N/A,None,None,True,High,Not Applicable
S2387,Student,13-17,Female,4,Videos,True,1,True,False,False,None,N/A,None,None,True,Medium,Not Applicable
S2388,Student,9-12,Male,0,Social Media,True,4,True,True,False,None,N/A,None,None,True,High,Not Applicable
S2389,Student,13-17,Female,3,Gaming,True,1,False,False,True,None,False,None,Insomnia,False,Medium,Certain
S2390,Student,13-17,Female,7,Chatting,True,1,True,True,True,Insults,False,None,Depression; Suicidal Thoughts,False,Medium,Unsure
S2391,Student,9-12,Male,0,Social Media,True,2,False,False,False,None,N/A,None,None,False,Low,Not Applicable
S2392,Student,9-12,Female,3,Chatting,True,1,False,False,True,Defamation,False,None,None,True,Medium,Unsure
S2393,Student,13-17,Male,8,Chatting,True,3,False,False,False,None,N/A,None,None,False,Low,Not Applicable
S2394,Student,13-17,Female,5,Studying,True,1,False,False,False,None,N/A,None,None,False,Low,Not Applicable
S2395,Student,13-17,Female,4,Chatting,True,1,True,False,True,Insults; Sexual Harassment,True,School Counselor,Insomnia; Depression; Loss of Appetite,True,Medium,Certain
S2396,Student,9-12,Female,2,Studying,True,1,False,False,False,None,N/A,None,None,False,Low,Not Applicable
S2397,Student,13-17,Male,1,Chatting,True,4,False,False,True,Insults,True,Teacher,Insomnia,False,Medium,Certain
S2398,Student,9-12,Female,0,Videos,True,1,True,True,True,Insults,False,None,None,True,Medium,Certain
S2399,Student,13-17,Female,7,Studying,True,1,True,False,True,Insults; Defamation; Exclusion; Threats,False,None,Insomnia; Depression,True,High,Unsure
S2400,Student,13-17,Male,2,Chatting,True,2,False,False,True,None,True,School Counselor,Insomnia; Depression; Anxiety; Loss of Appetite,False,Low,Unsure
S2401,Student,9-12,Female,1,Videos,True,1,False,False,False,None,N/A,None,None,False,Low,Not Applicable
S2402,Student,13-17,Male,1,Studying,True,3,True,True,False,None,N/A,None,None,False,Low,Not Applicable
S2403,Student,9-12,Female,3,Studying,True,1,True,True,False,None,N/A,None,None,False,Low,Not Applicable
S2404,Student,13-17,Male,6,Videos,True,1,True,False,False,None,N/A,None,None,True,High,Not Applicable
S2405,Student,9-12,Female,2,Studying,True,1,True,True,True,Insults; Exclusion,True,Friend,Depression,False,Low,Certain
S2406,Student,9-12,Male,0,Gaming,True,1,True,True,False,None,N/A,None,None,True,High,Not Applicable
S2407,Student,13-17,Female,2,Chatting,True,1,True,True,True,Insults; Exclusion; Sexual Harassment,True,Family,Insomnia; Academic Decline,False,Low,Certain
S2408,Student,13-17,Male,4,Videos,True,1,True,True,True,Defamation,False,None,Depression,True,Medium,Certain
S2409,Student,13-17,Male,1,Gaming,True,1,False,False,False,None,N/A,None,None,True,High,Not Applicable
S2410,Student,13-17,Male,5,Chatting,True,4,False,False,True,Insults; Threats,True,School Counselor,Loss of Appetite,False,Low,Certain
S2411,Student,9-12,Male,0,Gaming,True,1,False,False,False,None,N/A,None,None,False,Medium,Not Applicable
S2412,Student,13-17,Female,4,Gaming,True,1,True,True,True,Insults,False,None,Insomnia; Anxiety,False,Low,Certain
S2413,Student,13-17,Male,2,Gaming,True,3,True,False,True,Defamation; Threats,False,None,Academic Decline; Depression,True,High,Unsure
S2414,Student,9-12,Female,2,Gaming,True,1,True,True,False,None,N/A,None,None,True,High,Not Applicable
S2415,Student,13-17,Female,4,Videos,False,1,True,True,True,None,True,Friend,Insomnia; Anxiety,False,Low,Unsure
S2416,Student,9-12,Female,1,Studying,True,4,True,True,True,Insults; Exclusion,False,None,Academic Decline,True,High,Unsure
S2417,Student,13-17,Female,5,Social Media,True,4,False,False,False,None,N/A,None,None,True,Medium,Not Applicable
S2418,Student,13-17,Male,1,Gaming,True,1,False,False,False,None,N/A,None,None,True,High,Not Applicable
S2419,Student,13-17,Female,8,Social Media,False,1,False,False,False,None,N/A,None,None,False,Low,Not Applicable
S2420,Student,13-17,Male,8,Chatting,True,2,False,False,False,None,N/A,None,None,False,Low,Not Applicable
S2421,Student,9-12,Female,1,Studying,True,1,True,True,False,None,N/A,None,None,False,Low,Not Applicable
S2422,Student,9-12,Male,2,Videos,True,4,False,False,False,None,N/A,None,None,True,Medium,Not Applicable
S2423,Student,13-17,Female,1,Chatting,True,1,True,True,True,Insults; Defamation,True,Teacher,Academic Decline; Anxiety,False,Medium,Unsure
S2424,Student,9-12,Male,4,Studying,True,1,False,False,False,None,N/A,None,None,False,Medium,Not Applicable
S2425,Student,9-12,Female,3,Gaming,True,4,False,False,True,Defamation; Exclusion; Threats,True,Teacher,Insomnia; Academic Decline,True,High,Certain
S2426,Student,13-17,Female,6,Social Media,False,1,False,False,False,None,N/A,None,None,False,Medium,Not Applicable
S2427,Student,9-12,Male,3,Chatting,True,4,True,True,True,None,False,None,Anxiety,False,Low,Unsure
S2428,Student,13-17,Female,4,Videos,True,1,True,False,False,None,N/A,None,None,True,High,Not Applicable
S2429,Student,13-17,Male,5,Studying,True,3,False,False,True,Insults; Defamation,False,None,Insomnia,False,Medium,Certain
S2430,Student,9-12,Female,0,Videos,True,3,False,False,False,None,N/A,None,None,True,Medium,Not Applicable
S2431,Student,13-17,Male,7,Chatting,True,1,True,True,False,None,N/A,None,None,True,High,Not Applicable
S2432,Student,13-17,Male,8,Videos,True,1,True,False,True,Defamation,False,None,Insomnia; Depression,False,Low,Unsure
S2433,Student,9-12,Male,0,Gaming,True,1,True,True,True,Insults; Defamation,True,Teacher,Academic Decline,False,Medium,Certain
S2434,Student,13-17,Male,1,Social Media,True,1,True,True,False,None,N/A,None,None,False,Low,Not Applicable
S2435,Student,13-17,Male,8,Videos,True,1,True,True,False,None,N/A,None,None,True,High,Not Applicable
S2436,Student,9-12,Female,2,Gaming,True,2,False,False,False,None,N/A,None,None,False,Low,Not Applicable
S2437,Student,13-17,Female,4,Chatting,True,1,True,False,True,Insults,True,Family,None,False,Medium,Unsure
S2438,Student,9-12,Female,1,Gaming,False,1,True,True,False,None,N/A,None,None,False,Low,Not Applicable
S2439,Student,13-17,Male,7,Chatting,True,1,False,False,False,None,N/A,None,None,False,Low,Not Applicable
S2440,Student,13-17,Female,1,Gaming,True,1,False,False,False,None,N/A,None,None,True,Medium,Not Applicable
S2441,Student,13-17,Male,8,Studying,True,1,False,False,True,Insults; Exclusion,True,Friend,Academic Decline,True,High,Unsure
S2442,Student,13-17,Female,3,Studying,True,1,False,False,True,Defamation,False,None,Academic Decline; Loss of Appetite,False,Medium,Unsure
S2443,Student,13-17,Female,4,Videos,True,1,True,False,False,None,N/A,None,None,True,Medium,Not Applicable
S2444,Student,13-17,Male,5,Social Media,False,1,False,False,True,Insults; Defamation; Threats,False,None,None,False,Medium,Unsure
S2445,Student,9-12,Female,2,Chatting,True,3,True,True,False,None,N/A,None,None,True,High,Not Applicable
S2446,Student,9-12,Female,3,Gaming,True,1,False,False,False,None,N/A,None,None,False,Medium,Not Applicable
S2447,Student,13-17,Female,3,Chatting,True,1,True,False,True,Defamation,False,None,None,False,Low,Unsure
S2448,Student,13-17,Female,7,Social Media,True,1,True,True,True,Insults,False,None,None,False,Low,Certain
S2449,Student,13-17,Female,2,Videos,True,1,True,True,True,Insults; Defamation; Exclusion,False,None,Academic Decline; Depression; Anxiety,False,Medium,Unsure
S2450,Student,13-17,Male,5,Studying,True,3,False,False,True,Insults; Defamation,True,Family,Insomnia; Academic Decline; Depression; Anxiety,False,Low,Certain
S2451,Student,13-17,Female,1,Social Media,False,1,True,True,True,None,True,Friend,Insomnia; Academic Decline,True,High,Unsure
S2452,Student,13-17,Female,8,Social Media,True,3,True,False,False,None,N/A,None,None,False,Low,Not Applicable
S2453,Student,13-17,Male,7,Gaming,True,1,False,False,True,Insults; Defamation; Threats,False,None,Anxiety,False,Low,Certain
S2454,Student,13-17,Female,6,Social Media,True,1,True,True,False,None,N/A,None,None,True,High,Not Applicable
S2455,Student,13-17,Male,3,Chatting,True,1,True,True,True,Insults; Threats,True,Family,Academic Decline; Loss of Appetite,False,Low,Unsure
S2456,Student,9-12,Female,0,Videos,True,1,True,False,False,None,N/A,None,None,True,Medium,Not Applicable
S2457,Student,9-12,Female,0,Gaming,True,1,True,False,False,None,N/A,None,None,False,Medium,Not Applicable
S2458,Student,13-17,Female,5,Social Media,True,1,True,False,True,Defamation; Threats,False,None,Insomnia; Academic Decline,True,High,Unsure
S2459,Student,13-17,Female,3,Gaming,True,3,True,False,True,Insults; Threats,False,None,Academic Decline,False,Low,Unsure
S2460,Student,9-12,Male,3,Studying,True,1,False,False,False,None,N/A,None,None,False,Low,Not Applicable
S2461,Student,9-12,Male,3,Social Media,True,2,True,True,False,None,N/A,None,None,False,Low,Not Applicable
S2462,Student,13-17,Female,1,Social Media,True,4,True,True,False,None,N/A,None,None,True,Medium,Not Applicable
S2463,Student,13-17,Male,4,Chatting,False,4,False,False,True,Insults; Defamation,False,None,Insomnia; Anxiety,True,Medium,Certain
S2464,Student,13-17,Female,5,Studying,True,1,False,False,False,None,N/A,None,None,False,Medium,Not Applicable
S2465,Student,9-12,Male,4,Social Media,True,1,True,False,True,Threats,True,Friend,Loss of Appetite,False,Low,Certain
S2466,Student,9-12,Male,1,Social Media,True,1,True,True,False,None,N/A,None,None,False,Low,Not Applicable
S2467,Student,13-17,Female,1,Studying,True,1,True,True,False,None,N/A,None,None,False,Medium,Not Applicable
S2468,Student,13-17,Male,3,Videos,True,1,False,False,False,None,N/A,None,None,False,Low,Not Applicable
S2469,Student,13-17,Female,6,Gaming,True,1,False,False,False,None,N/A,None,None,False,Low,Not Applicable
S2470,Student,9-12,Female,3,Studying,True,3,False,False,False,None,N/A,None,None,False,Low,Not Applicable
S2471,Student,13-17,Female,5,Social Media,True,1,False,False,True,Exclusion,False,None,Academic Decline,False,Low,Unsure
S2472,Student,13-17,Male,8,Studying,False,3,True,False,True,Insults; Sexual Harassment,True,Friend,Depression; Anxiety,True,Medium,Unsure
S2473,Student,13-17,Male,8,Social Media,True,1,True,False,False,None,N/A,None,None,True,Medium,Not Applicable
S2474,Student,13-17,Male,2,Videos,True,1,False,False,False,None,N/A,None,None,True,Medium,Not Applicable
S2475,Student,9-12,Male,3,Social Media,True,3,True,False,True,Insults; Defamation,False,None,Anxiety,False,Medium,Certain
S2476,Student,9-12,Male,0,Videos,True,1,True,False,False,None,N/A,None,None,True,Medium,Not Applicable
S2477,Student,9-12,Male,0,Chatting,True,1,True,True,True,Defamation,True,Teacher,Loss of Appetite,False,Medium,Unsure
S2478,Student,13-17,Male,6,Chatting,True,1,False,False,True,Insults; Sexual Harassment,True,Family,Depression,True,Medium,Unsure
S2479,Student,9-12,Male,3,Videos,True,1,False,False,False,None,N/A,None,None,True,High,Not Applicable
S2480,Student,9-12,Male,3,Videos,True,2,False,False,True,None,False,None,Insomnia; Depression,True,High,Certain
S2481,Student,13-17,Female,2,Social Media,True,3,False,False,True,None,True,Family,Depression,False,Low,Certain
S2482,Student,13-17,Male,4,Chatting,True,3,True,True,False,None,N/A,None,None,True,High,Not Applicable
S2483,Student,13-17,Male,4,Studying,True,1,True,True,True,Insults; Defamation; Threats,True,Teacher,None,True,Medium,Certain
S2484,Student,13-17,Male,5,Videos,False,1,False,False,False,None,N/A,None,None,False,Low,Not Applicable
S2485,Student,13-17,Male,2,Videos,True,1,False,False,True,Insults; Defamation,False,None,None,True,Medium,Unsure
S2486,Student,9-12,Female,2,Videos,True,1,False,False,False,None,N/A,None,None,False,Low,Not Applicable
S2487,Student,13-17,Male,1,Chatting,True,4,True,False,False,None,N/A,None,None,True,Medium,Not Applicable
S2488,Student,9-12,Male,2,Chatting,True,2,False,False,False,None,N/A,None,None,True,High,Not Applicable
S2489,Student,9-12,Male,1,Gaming,True,1,True,False,True,Insults; Exclusion,False,None,Insomnia; Loss of Appetite,False,Low,Unsure
S2490,Student,9-12,Male,4,Chatting,True,1,True,True,False,None,N/A,None,None,True,Medium,Not Applicable
S2491,Student,9-12,Male,4,Studying,True,2,False,False,True,Insults; Exclusion; Threats,False,None,Insomnia; Depression,True,Medium,Unsure
S2492,Student,13-17,Female,6,Gaming,True,1,True,False,True,Defamation; Exclusion,True,Family,Academic Decline; Depression,True,High,Certain
S2493,Student,9-12,Male,0,Videos,True,1,True,True,False,None,N/A,None,None,True,High,Not Applicable
S2494,Student,13-17,Female,5,Videos,True,1,True,True,True,Insults,False,None,Insomnia,False,Low,Unsure
S2495,Student,13-17,Male,1,Videos,True,1,True,False,True,Threats,False,None,None,False,Medium,Unsure
S2496,Student,13-17,Female,4,Gaming,False,1,True,True,True,Insults,True,Family,Depression,True,Medium,Unsure
S2497,Student,13-17,Male,5,Gaming,True,1,False,False,False,None,N/A,None,None,False,Medium,Not Applicable
S2498,Student,13-17,Female,2,Chatting,True,2,True,False,False,None,N/A,None,None,False,Low,Not Applicable
S2499,Student,13-17,Male,8,Chatting,True,1,True,True,False,None,N/A,None,None,True,High,Not Applicable
S2500,Student,13-17,Female,3,Gaming,True,1,True,True,True,Insults; Defamation; Exclusion,True,School Counselor,Depression,False,Low,Certain
S2501,Student,13-17,Male,2,Videos,True,3,False,False,True,Insults,False,None,Academic Decline,False,Low,Certain
S2502,Student,13-17,Female,4,Gaming,True,1,False,False,False,None,N/A,None,None,False,Low,Not Applicable
S2503,Student,13-17,Female,7,Videos,True,1,True,True,False,None,N/A,None,None,True,High,Not Applicable
S2504,Student,9-12,Male,1,Chatting,True,1,False,False,False,None,N/A,None,None,False,Medium,Not Applicable
S2505,Student,9-12,Female,4,Social Media,True,2,True,False,False,None,N/A,None,None,False,Medium,Not Applicable
S2506,Student,13-17,Male,5,Gaming,True,1,False,False,False,None,N/A,None,None,False,Medium,Not Applicable
S2507,Student,13-17,Female,8,Videos,True,2,False,False,True,Defamation,False,None,Anxiety,True,High,Certain
S2508,Student,9-12,Male,1,Videos,True,2,False,False,False,None,N/A,None,None,False,Medium,Not Applicable
S2509,Student,13-17,Male,4,Chatting,True,2,False,False,True,Insults; Exclusion; Threats,False,None,None,True,Medium,Unsure
S2510,Student,9-12,Female,2,Social Media,True,1,False,False,True,Insults; Defamation; Exclusion,True,Teacher,Academic Decline,True,Medium,Unsure
S2511,Student,9-12,Female,2,Videos,True,1,True,True,False,None,N/A,None,None,False,Medium,Not Applicable
S2512,Student,9-12,Male,4,Social Media,False,1,True,True,True,None,True,Friend,Insomnia; Depression,True,Medium,Certain
S2513,Student,13-17,Male,1,Chatting,True,3,False,False,True,Insults; Threats,True,Family,Insomnia; Academic Decline,True,Medium,Unsure
S2514,Student,13-17,Female,7,Social Media,True,2,True,False,False,None,N/A,None,None,False,Medium,Not Applicable
S2515,Student,9-12,Female,2,Gaming,False,1,False,False,False,None,N/A,None,None,True,High,Not Applicable
S2516,Student,13-17,Female,4,Gaming,True,3,False,False,False,None,N/A,None,None,True,Medium,Not Applicable
S2517,Student,13-17,Female,8,Chatting,True,1,False,False,False,None,N/A,None,None,True,Medium,Not Applicable
S2518,Student,13-17,Female,6,Social Media,True,1,True,False,False,None,N/A,None,None,True,High,Not Applicable
S2519,Student,13-17,Male,7,Gaming,True,1,True,False,False,None,N/A,None,None,False,Low,Not Applicable
S2520,Student,9-12,Female,1,Social Media,True,1,False,False,False,None,N/A,None,None,False,Medium,Not Applicable
S2521,Student,9-12,Male,0,Social Media,True,1,False,False,True,Insults; Exclusion,True,Family,Loss of Appetite,False,Medium,Certain
S2522,Student,13-17,Female,2,Studying,True,2,True,True,False,None,N/A,None,None,False,Low,Not Applicable
S2523,Student,13-17,Male,6,Videos,True,1,False,False,False,None,N/A,None,None,False,Medium,Not Applicable
S2524,Student,9-12,Male,1,Videos,True,1,True,True,False,None,N/A,None,None,False,Low,Not Applicable
S2525,Student,13-17,Female,7,Chatting,True,1,False,False,True,Defamation; Exclusion,False,None,Depression,True,High,Certain
S2526,Student,13-17,Male,7,Gaming,True,1,True,False,False,None,N/A,None,None,False,Low,Not Applicable
S2527,Student,13-17,Male,2,Gaming,True,1,False,False,False,None,N/A,None,None,True,High,Not Applicable
S2528,Student,9-12,Male,1,Chatting,True,1,True,False,True,None,False,None,Depression; Anxiety,False,Medium,Certain
S2529,Student,9-12,Male,4,Videos,True,1,True,False,False,None,N/A,None,None,True,Medium,Not Applicable
S2530,Student,9-12,Female,1,Chatting,True,4,True,False,False,None,N/A,None,None,False,Low,Not Applicable
S2531,Student,13-17,Male,3,Social Media,True,1,True,False,False,None,N/A,None,None,True,High,Not Applicable
S2532,Student,13-17,Male,5,Social Media,False,2,True,True,True,Insults; Defamation,False,None,Academic Decline,True,Medium,Certain
S2533,Student,9-12,Male,3,Social Media,True,1,True,True,False,None,N/A,None,None,False,Low,Not Applicable
S2534,Student,9-12,Female,0,Chatting,False,1,True,False,False,None,N/A,None,None,True,Medium,Not Applicable
S2535,Student,13-17,Female,4,Studying,True,1,True,False,False,None,N/A,None,None,True,Medium,Not Applicable
S2536,Student,13-17,Female,2,Chatting,True,1,False,False,True,Insults; Sexual Harassment,True,Friend,Insomnia; Depression,True,Medium,Certain
S2537,Student,13-17,Male,2,Chatting,True,4,True,False,False,None,N/A,None,None,False,Low,Not Applicable
S2538,Student,13-17,Male,8,Gaming,True,1,True,True,True,Exclusion,False,None,Insomnia; Depression,True,Medium,Certain
S2539,Student,13-17,Male,5,Social Media,True,1,False,False,True,Insults; Exclusion,False,None,None,True,High,Unsure
S2540,Student,13-17,Female,2,Studying,True,3,False,False,True,Insults; Defamation,True,School Counselor,Academic Decline; Depression,False,Low,Unsure
S2541,Student,13-17,Female,7,Gaming,True,2,False,False,True,None,True,Family,Insomnia; Academic Decline,False,Low,Certain
S2542,Student,13-17,Male,4,Chatting,False,1,False,False,False,None,N/A,None,None,True,High,Not Applicable
S2543,Student,13-17,Male,4,Social Media,True,1,True,False,False,None,N/A,None,None,True,Medium,Not Applicable
S2544,Student,13-17,Female,6,Gaming,True,2,True,True,False,None,N/A,None,None,False,Medium,Not Applicable
S2545,Student,9-12,Female,0,Videos,True,1,False,False,True,Insults,True,Family,Academic Decline,True,High,Certain
S2546,Student,13-17,Female,7,Social Media,True,1,True,False,False,None,N/A,None,None,False,Low,Not Applicable
S2547,Student,13-17,Female,1,Videos,True,3,False,False,False,None,N/A,None,None,True,High,Not Applicable
S2548,Student,13-17,Female,4,Chatting,True,1,True,True,True,Insults,True,Teacher,Loss of Appetite,True,Medium,Unsure
S2549,Student,9-12,Female,4,Videos,True,1,True,False,False,None,N/A,None,None,False,Low,Not Applicable
S2550,Student,13-17,Male,6,Studying,True,1,False,False,True,Defamation; Threats,False,None,None,True,High,Unsure
S2551,Student,9-12,Female,2,Studying,True,3,True,True,True,Insults,True,School Counselor,Anxiety,False,Low,Unsure
S2552,Student,9-12,Female,3,Studying,True,3,False,False,False,None,N/A,None,None,False,Low,Not Applicable
S2553,Student,13-17,Male,3,Gaming,True,1,True,False,False,None,N/A,None,None,True,High,Not Applicable
S2554,Student,13-17,Female,2,Videos,True,1,True,False,True,Defamation,False,None,Insomnia; Academic Decline; Loss of Appetite,True,High,Certain
S2555,Student,13-17,Male,6,Studying,True,2,True,True,False,None,N/A,None,None,True,High,Not Applicable
S2556,Student,13-17,Male,1,Social Media,True,3,False,False,True,Insults; Exclusion,False,None,Insomnia,False,Low,Certain
S2557,Student,13-17,Female,6,Studying,True,2,True,True,True,Insults; Defamation; Exclusion,False,None,Academic Decline; Anxiety,False,Low,Unsure
S2558,Student,9-12,Female,0,Gaming,True,1,False,False,False,None,N/A,None,None,True,Medium,Not Applicable
S2559,Student,13-17,Male,1,Videos,True,1,True,False,False,None,N/A,None,None,False,Low,Not Applicable
S2560,Student,9-12,Male,3,Chatting,True,1,True,False,True,Insults; Defamation; Exclusion,True,Family,None,False,Low,Unsure
S2561,Student,13-17,Female,6,Videos,True,4,True,False,True,Insults; Defamation; Exclusion,False,None,Depression,False,Low,Unsure
S2562,Student,9-12,Female,2,Chatting,True,3,False,False,False,None,N/A,None,None,False,Low,Not Applicable
S2563,Student,13-17,Female,1,Studying,True,1,True,False,False,None,N/A,None,None,False,Low,Not Applicable
S2564,Student,13-17,Female,7,Videos,False,1,True,False,False,None,N/A,None,None,False,Low,Not Applicable
S2565,Student,13-17,Female,7,Videos,True,2,True,False,False,None,N/A,None,None,False,Low,Not Applicable
S2566,Student,13-17,Male,3,Gaming,True,1,False,False,False,None,N/A,None,None,False,Medium,Not Applicable
S2567,Student,13-17,Female,4,Chatting,False,4,True,False,True,None,True,Family,None,True,High,Certain
S2568,Student,13-17,Male,8,Gaming,True,1,True,False,False,None,N/A,None,None,False,Low,Not Applicable
S2569,Student,13-17,Female,8,Social Media,True,1,True,False,True,Insults; Defamation,False,None,None,True,Medium,Certain
S2570,Student,13-17,Female,7,Chatting,True,1,True,True,True,Insults; Defamation,True,Family,Insomnia; Loss of Appetite,True,Medium,Certain
S2571,Student,13-17,Female,4,Chatting,True,2,True,False,True,Insults; Defamation,True,Family,None,False,Low,Unsure
S2572,Student,9-12,Male,4,Gaming,False,1,True,True,False,None,N/A,None,None,False,Medium,Not Applicable
S2573,Student,13-17,Female,8,Chatting,True,1,True,False,True,Insults; Defamation,False,None,Insomnia; Academic Decline,True,Medium,Unsure
S2574,Student,13-17,Male,6,Videos,True,2,False,False,False,None,N/A,None,None,False,Medium,Not Applicable
S2575,Student,9-12,Male,0,Gaming,True,1,False,False,False,None,N/A,None,None,True,Medium,Not Applicable
S2576,Student,9-12,Male,2,Social Media,True,1,False,False,False,None,N/A,None,None,False,Low,Not Applicable
S2577,Student,13-17,Male,7,Social Media,True,1,True,True,False,None,N/A,None,None,True,High,Not Applicable
S2578,Student,13-17,Female,3,Gaming,True,1,False,False,False,None,N/A,None,None,False,Low,Not Applicable
S2579,Student,13-17,Male,4,Videos,True,1,True,False,True,Insults,False,None,Anxiety,False,Low,Certain
S2580,Student,13-17,Female,6,Social Media,True,1,True,False,False,None,N/A,None,None,False,Low,Not Applicable
S2581,Student,13-17,Male,8,Studying,True,1,False,False,False,None,N/A,None,None,True,Medium,Not Applicable
S2582,Student,13-17,Male,5,Gaming,True,4,True,False,False,None,N/A,None,None,False,Low,Not Applicable
S2583,Student,13-17,Female,2,Studying,False,1,True,False,False,None,N/A,None,None,False,Low,Not Applicable
S2584,Student,9-12,Female,3,Gaming,False,1,True,True,False,None,N/A,None,None,True,Medium,Not Applicable
S2585,Student,9-12,Male,4,Chatting,True,4,True,False,False,None,N/A,None,None,False,Low,Not Applicable
S2586,Student,13-17,Female,3,Social Media,True,3,True,True,True,Insults; Exclusion,True,School Counselor,Anxiety; Loss of Appetite,False,Low,Certain
S2587,Student,13-17,Male,2,Gaming,True,2,True,False,True,Insults; Threats,False,None,Insomnia,False,Medium,Certain
S2588,Student,13-17,Female,6,Social Media,True,1,True,False,False,None,N/A,None,None,False,Low,Not Applicable
S2589,Student,13-17,Male,4,Gaming,True,2,False,False,False,None,N/A,None,None,False,Low,Not Applicable
S2590,Student,13-17,Male,2,Videos,True,1,True,True,True,Insults,True,Teacher,None,False,Low,Certain
S2591,Student,13-17,Female,4,Social Media,True,3,False,False,True,Insults; Defamation,False,None,Insomnia,True,High,Certain
S2592,Student,13-17,Male,2,Gaming,True,1,True,False,False,None,N/A,None,None,False,Low,Not Applicable
S2593,Student,13-17,Female,1,Studying,True,1,True,True,False,None,N/A,None,None,False,Low,Not Applicable
S2594,Student,13-17,Female,2,Chatting,True,1,True,False,False,None,N/A,None,None,True,Medium,Not Applicable
S2595,Student,13-17,Female,6,Chatting,True,4,True,False,True,None,False,None,Depression,True,Medium,Certain
S2596,Student,13-17,Male,6,Videos,False,2,True,True,False,None,N/A,None,None,False,Medium,Not Applicable
S2597,Student,13-17,Male,2,Social Media,True,3,True,False,False,None,N/A,None,None,False,Low,Not Applicable
S2598,Student,9-12,Female,0,Chatting,True,4,False,False,False,None,N/A,None,None,True,Medium,Not Applicable
S2599,Student,13-17,Male,6,Studying,True,1,False,False,False,None,N/A,None,None,False,Low,Not Applicable
S2600,Student,9-12,Male,4,Chatting,True,1,True,True,False,None,N/A,None,None,False,Low,Not Applicable
S2601,Student,13-17,Female,5,Chatting,True,1,True,True,False,None,N/A,None,None,False,Low,Not Applicable
S2602,Student,13-17,Male,3,Chatting,True,1,True,False,False,None,N/A,None,None,True,High,Not Applicable
S2603,Student,13-17,Female,7,Social Media,True,1,True,False,True,Defamation,True,Family,None,True,Medium,Unsure
S2604,Student,9-12,Female,1,Videos,False,1,False,False,False,None,N/A,None,None,False,Medium,Not Applicable
S2605,Student,9-12,Male,2,Social Media,True,1,True,False,False,None,N/A,None,None,True,Medium,Not Applicable
S2606,Student,13-17,Female,6,Social Media,True,1,True,True,True,Insults; Defamation,False,None,Academic Decline,True,Medium,Certain
S2607,Student,9-12,Female,0,Studying,True,1,False,False,True,Defamation,False,None,None,False,Medium,Certain
S2608,Student,13-17,Female,7,Social Media,True,1,False,False,True,Insults; Defamation,True,School Counselor,Insomnia,False,Low,Certain
S2609,Student,13-17,Male,1,Gaming,True,1,True,True,False,None,N/A,None,None,False,Medium,Not Applicable
S2610,Student,9-12,Male,0,Studying,True,1,True,False,True,Defamation; Exclusion,True,Family,Academic Decline,True,Medium,Certain
S2611,Student,13-17,Female,1,Gaming,False,1,True,True,True,Insults; Defamation,False,None,Loss of Appetite,False,Low,Unsure
S2612,Student,9-12,Male,1,Social Media,True,3,True,True,False,None,N/A,None,None,False,Low,Not Applicable
S2613,Student,13-17,Male,7,Studying,True,4,True,False,False,None,N/A,None,None,True,Medium,Not Applicable
S2614,Student,13-17,Female,6,Videos,True,2,False,False,False,None,N/A,None,None,False,Low,Not Applicable
S2615,Student,13-17,Male,1,Social Media,True,1,True,True,False,None,N/A,None,None,True,Medium,Not Applicable
S2616,Student,9-12,Female,3,Gaming,True,1,True,True,False,None,N/A,None,None,True,Medium,Not Applicable
S2617,Student,13-17,Female,2,Videos,True,1,True,True,False,None,N/A,None,None,False,Low,Not Applicable
S2618,Student,13-17,Male,6,Chatting,True,3,False,False,False,None,N/A,None,None,False,Medium,Not Applicable
S2619,Student,9-12,Male,4,Gaming,True,4,False,False,True,Insults; Defamation,True,Friend,None,True,Medium,Unsure
S2620,Student,9-12,Male,0,Videos,True,1,True,True,False,None,N/A,None,None,True,Medium,Not Applicable
S2621,Student,13-17,Female,4,Videos,False,1,False,False,True,Insults,False,None,Academic Decline,False,Low,Certain
S2622,Student,13-17,Male,3,Gaming,True,1,True,True,True,Insults; Exclusion,False,None,Insomnia; Loss of Appetite,False,Medium,Unsure
S2623,Student,9-12,Male,1,Chatting,True,1,False,False,False,None,N/A,None,None,False,Low,Not Applicable
S2624,Student,13-17,Male,8,Social Media,True,1,True,False,True,Defamation; Exclusion,False,None,None,True,High,Certain
S2625,Student,13-17,Female,6,Studying,False,1,True,False,True,Defamation; Exclusion,True,School Counselor,Insomnia; Academic Decline; Anxiety,False,Medium,Certain
S2626,Student,9-12,Male,0,Chatting,False,3,False,False,False,None,N/A,None,None,True,Medium,Not Applicable
S2627,Student,13-17,Female,2,Gaming,True,1,True,False,False,None,N/A,None,None,False,Medium,Not Applicable
S2628,Student,13-17,Female,8,Social Media,False,1,True,False,True,None,True,Family,Academic Decline,True,Medium,Certain
S2629,Student,9-12,Female,1,Social Media,True,1,True,True,True,Insults; Threats,False,None,None,True,Medium,Unsure
S2630,Student,13-17,Male,5,Gaming,True,1,False,False,False,None,N/A,None,None,False,Low,Not Applicable
S2631,Student,13-17,Male,4,Gaming,True,3,False,False,True,Insults; Exclusion,True,School Counselor,Insomnia; Loss of Appetite,True,Medium,Unsure
S2632,Student,9-12,Female,0,Studying,True,1,False,False,False,None,N/A,None,None,False,Low,Not Applicable
S2633,Student,9-12,Female,2,Social Media,True,1,False,False,True,Threats,False,None,None,True,High,Certain
S2634,Student,9-12,Male,1,Videos,True,1,True,True,False,None,N/A,None,None,True,High,Not Applicable
S2635,Student,13-17,Female,7,Gaming,True,1,True,True,False,None,N/A,None,None,False,Low,Not Applicable
S2636,Student,9-12,Female,4,Social Media,False,1,True,True,False,None,N/A,None,None,False,Low,Not Applicable
S2637,Student,13-17,Female,7,Studying,True,2,False,False,False,None,N/A,None,None,False,Medium,Not Applicable
S2638,Student,9-12,Female,2,Gaming,True,1,True,True,False,None,N/A,None,None,False,Low,Not Applicable
S2639,Student,13-17,Male,4,Chatting,False,1,True,False,True,Insults; Exclusion,True,Friend,Insomnia; Anxiety,True,High,Certain
S2640,Student,13-17,Male,2,Studying,True,1,False,False,False,None,N/A,None,None,False,Low,Not Applicable
S2641,Student,9-12,Female,2,Gaming,False,2,True,True,True,Exclusion,False,None,Academic Decline,True,High,Certain
S2642,Student,13-17,Male,2,Studying,True,1,False,False,True,Insults; Defamation; Threats,True,Friend,None,True,Medium,Certain
S2643,Student,13-17,Male,4,Gaming,True,1,True,True,False,None,N/A,None,None,False,Low,Not Applicable
S2644,Student,13-17,Female,1,Social Media,True,1,False,False,False,None,N/A,None,None,True,Medium,Not Applicable
S2645,Student,13-17,Female,4,Videos,True,1,False,False,True,Insults,False,None,Insomnia; Depression,True,Medium,Certain
S2646,Student,9-12,Male,0,Videos,True,1,False,False,False,None,N/A,None,None,True,High,Not Applicable
S2647,Student,9-12,Male,3,Videos,True,2,False,False,True,Insults,False,None,Academic Decline,False,Low,Certain
S2648,Student,13-17,Female,4,Studying,False,4,True,True,False,None,N/A,None,None,False,Low,Not Applicable
S2649,Student,13-17,Male,2,Chatting,True,1,False,False,True,Insults; Defamation; Exclusion,True,Family,None,True,High,Unsure
S2650,Student,13-17,Male,1,Studying,True,1,True,False,False,None,N/A,None,None,False,Medium,Not Applicable
S2651,Student,13-17,Male,1,Videos,True,1,True,False,True,Insults; Defamation,False,None,Depression,True,High,Certain
S2652,Student,13-17,Male,4,Chatting,True,1,True,False,True,Insults,False,None,Insomnia,True,High,Unsure
S2653,Student,13-17,Male,1,Chatting,True,1,True,True,False,None,N/A,None,None,True,High,Not Applicable
S2654,Student,13-17,Male,2,Studying,True,1,True,False,False,None,N/A,None,None,False,Low,Not Applicable
S2655,Student,13-17,Female,7,Social Media,True,1,False,False,True,Defamation,False,None,Academic Decline,True,High,Unsure
S2656,Student,13-17,Male,8,Videos,True,1,True,False,False,None,N/A,None,None,False,Low,Not Applicable
S2657,Student,13-17,Male,7,Social Media,True,1,True,True,False,None,N/A,None,None,True,High,Not Applicable
S2658,Student,9-12,Female,3,Videos,True,4,False,False,True,Defamation; Exclusion,True,Family,Loss of Appetite,True,Medium,Unsure
S2659,Student,9-12,Male,1,Studying,True,1,True,True,False,None,N/A,None,None,False,Low,Not Applicable
S2660,Student,13-17,Female,4,Videos,True,1,False,False,False,None,N/A,None,None,True,Medium,Not Applicable
S2661,Student,13-17,Female,4,Gaming,True,3,True,True,False,None,N/A,None,None,False,Low,Not Applicable
S2662,Student,13-17,Female,7,Chatting,True,1,True,False,True,Defamation,True,School Counselor,Insomnia,True,High,Unsure
S2663,Student,9-12,Male,2,Videos,False,1,False,False,False,None,N/A,None,None,True,Medium,Not Applicable
S2664,Student,13-17,Male,5,Social Media,True,1,True,False,False,None,N/A,None,None,False,Low,Not Applicable
S2665,Student,13-17,Male,2,Gaming,False,1,True,False,False,None,N/A,None,None,True,High,Not Applicable
S2666,Student,13-17,Male,7,Videos,True,1,True,False,True,Defamation; Exclusion; Threats,True,School Counselor,Insomnia,False,Low,Unsure
S2667,Student,9-12,Male,2,Social Media,False,1,False,False,False,None,N/A,None,None,True,High,Not Applicable
S2668,Student,13-17,Male,7,Videos,True,4,True,False,True,Insults; Threats,True,Family,Insomnia; Anxiety; Loss of Appetite,True,Medium,Unsure
S2669,Student,9-12,Female,0,Videos,True,1,False,False,True,Insults; Threats,True,Family,Loss of Appetite,False,Low,Certain
S2670,Student,9-12,Female,2,Social Media,True,1,False,False,True,Insults; Defamation; Exclusion; Threats,False,None,Loss of Appetite,False,Low,Unsure
S2671,Student,13-17,Female,3,Chatting,True,1,True,True,False,None,N/A,None,None,False,Medium,Not Applicable
S2672,Student,13-17,Female,4,Videos,True,1,True,True,True,Insults; Defamation; Exclusion,True,Friend,Insomnia,False,Low,Certain
S2673,Student,13-17,Male,5,Studying,True,1,True,True,True,Insults; Threats; Sexual Harassment,False,None,Insomnia,True,Medium,Certain
S2674,Student,13-17,Male,1,Studying,True,1,False,False,True,Insults,False,None,Academic Decline; Anxiety,False,Low,Unsure
S2675,Student,13-17,Female,7,Videos,True,1,False,False,True,Insults; Defamation,True,School Counselor,Academic Decline; Loss of Appetite,True,High,Unsure
S2676,Student,9-12,Female,1,Studying,True,1,True,False,False,None,N/A,None,None,True,High,Not Applicable
S2677,Student,9-12,Female,1,Chatting,True,1,True,True,True,Defamation,False,None,Insomnia,False,Low,Unsure
S2678,Student,9-12,Male,0,Videos,True,1,False,False,False,None,N/A,None,None,False,Medium,Not Applicable
S2679,Student,13-17,Female,6,Gaming,True,1,False,False,False,None,N/A,None,None,False,Medium,Not Applicable
S2680,Student,9-12,Female,1,Videos,True,1,False,False,False,None,N/A,None,None,True,Medium,Not Applicable
S2681,Student,13-17,Female,4,Studying,False,1,True,True,False,None,N/A,None,None,False,Low,Not Applicable
S2682,Student,13-17,Male,2,Studying,True,1,True,True,True,Insults; Exclusion,False,None,Academic Decline,False,Low,Certain
S2683,Student,13-17,Female,4,Chatting,True,1,True,False,False,None,N/A,None,None,False,Medium,Not Applicable
S2684,Student,13-17,Female,6,Videos,True,2,True,False,False,None,N/A,None,None,True,Medium,Not Applicable
S2685,Student,9-12,Female,4,Videos,True,1,True,False,False,None,N/A,None,None,True,Medium,Not Applicable
S2686,Student,9-12,Female,3,Social Media,False,1,False,False,False,None,N/A,None,None,True,High,Not Applicable
S2687,Student,9-12,Female,2,Social Media,True,4,True,True,False,None,N/A,None,None,True,Medium,Not Applicable
S2688,Student,9-12,Female,1,Social Media,True,1,True,False,False,None,N/A,None,None,False,Low,Not Applicable
S2689,Student,9-12,Female,4,Videos,True,2,True,False,False,None,N/A,None,None,False,Low,Not Applicable
S2690,Student,13-17,Male,8,Gaming,True,1,False,False,False,None,N/A,None,None,True,Medium,Not Applicable
S2691,Student,9-12,Male,1,Social Media,True,3,False,False,False,None,N/A,None,None,False,Low,Not Applicable
S2692,Student,9-12,Female,0,Gaming,True,1,True,True,False,None,N/A,None,None,True,High,Not Applicable
S2693,Student,13-17,Female,7,Social Media,True,1,True,True,False,None,N/A,None,None,False,Low,Not Applicable
S2694,Student,13-17,Female,3,Social Media,False,3,True,True,False,None,N/A,None,None,False,Medium,Not Applicable
S2695,Student,13-17,Female,2,Social Media,True,3,True,False,False,None,N/A,None,None,False,Low,Not Applicable
S2696,Student,13-17,Male,1,Social Media,True,1,False,False,True,Insults,False,None,None,True,Medium,Certain
S2697,Student,13-17,Female,6,Social Media,True,1,True,False,False,None,N/A,None,None,False,Low,Not Applicable
S2698,Student,13-17,Male,4,Chatting,True,3,False,False,True,Insults; Exclusion,False,None,Loss of Appetite,True,High,Unsure
S2699,Student,13-17,Male,4,Videos,False,1,True,True,False,None,N/A,None,None,True,Medium,Not Applicable
S2700,Student,9-12,Female,0,Social Media,True,1,False,False,False,None,N/A,None,None,False,Low,Not Applicable
S2701,Student,13-17,Male,4,Gaming,True,4,True,False,True,Insults,True,School Counselor,None,False,Medium,Certain
S2702,Student,9-12,Male,1,Social Media,True,3,True,True,True,Defamation,True,Friend,None,False,Low,Certain
S2703,Student,13-17,Male,2,Chatting,True,3,True,True,False,None,N/A,None,None,True,High,Not Applicable
S2704,Student,9-12,Female,2,Videos,True,1,True,False,False,None,N/A,None,None,True,High,Not Applicable
S2705,Student,9-12,Male,2,Studying,True,1,True,True,True,Insults; Exclusion,True,Teacher,Anxiety,False,Low,Unsure
S2706,Student,13-17,Female,3,Social Media,True,1,True,True,True,None,True,Family,None,True,High,Unsure
S2707,Student,13-17,Male,4,Chatting,True,1,False,False,False,None,N/A,None,None,True,High,Not Applicable
S2708,Student,13-17,Male,5,Videos,True,1,False,False,True,Defamation,False,None,Insomnia; Depression,False,Low,Certain
S2709,Student,9-12,Male,1,Gaming,True,1,False,False,False,None,N/A,None,None,True,High,Not Applicable
S2710,Student,13-17,Female,2,Chatting,True,1,True,False,True,Exclusion,False,None,Academic Decline; Anxiety,False,Low,Unsure
S2711,Student,9-12,Female,4,Social Media,True,2,False,False,False,None,N/A,None,None,False,Low,Not Applicable
S2712,Student,13-17,Female,8,Studying,True,1,False,False,False,None,N/A,None,None,False,Low,Not Applicable
S2713,Student,9-12,Male,1,Videos,True,1,False,False,True,Insults,True,Friend,Academic Decline,True,Medium,Unsure
S2714,Student,13-17,Female,1,Studying,True,1,True,False,True,Insults,True,Teacher,Insomnia,False,Low,Unsure
S2715,Student,13-17,Male,4,Studying,True,1,True,True,True,Threats,True,Teacher,Insomnia; Academic Decline; Anxiety,False,Low,Unsure
S2716,Student,13-17,Male,7,Chatting,True,2,True,False,True,Insults,False,None,None,False,Low,Certain
S2717,Student,9-12,Female,1,Videos,True,4,False,False,False,None,N/A,None,None,True,High,Not Applicable
S2718,Student,13-17,Female,4,Studying,True,4,True,False,True,Insults; Defamation; Exclusion,False,None,None,False,Medium,Certain
S2719,Student,13-17,Female,4,Gaming,True,1,True,False,True,Exclusion,False,None,Academic Decline; Anxiety,False,Low,Unsure
S2720,Student,9-12,Male,4,Social Media,True,1,True,True,True,Exclusion,True,School Counselor,Depression; Anxiety,False,Low,Certain
S2721,Student,13-17,Female,3,Social Media,False,1,False,False,False,None,N/A,None,None,True,High,Not Applicable
S2722,Student,9-12,Male,1,Videos,False,1,True,False,False,None,N/A,None,None,False,Medium,Not Applicable
S2723,Student,9-12,Male,3,Chatting,True,1,False,False,True,Insults; Threats,False,None,Academic Decline,True,High,Unsure
S2724,Student,9-12,Female,0,Chatting,True,1,True,False,True,None,True,Teacher,None,True,High,Unsure
S2725,Student,13-17,Male,4,Social Media,True,4,False,False,True,Insults; Defamation; Exclusion,True,School Counselor,None,False,Low,Certain
S2726,Student,13-17,Female,4,Videos,True,1,False,False,False,None,N/A,None,None,False,Low,Not Applicable
S2727,Student,13-17,Male,7,Gaming,True,1,True,False,False,None,N/A,None,None,True,Medium,Not Applicable
S2728,Student,13-17,Female,4,Gaming,True,1,False,False,False,None,N/A,None,None,False,Low,Not Applicable
S2729,Student,13-17,Male,2,Chatting,True,1,True,True,True,Insults; Exclusion,False,None,None,False,Medium,Certain
S2730,Student,13-17,Male,4,Studying,True,1,False,False,True,Insults,True,Teacher,Insomnia; Academic Decline; Loss of Appetite,False,Medium,Certain
S2731,Student,13-17,Female,6,Chatting,True,1,False,False,False,None,N/A,None,None,True,Medium,Not Applicable
S2732,Student,9-12,Female,4,Studying,True,1,False,False,True,None,False,None,Anxiety,True,Medium,Certain
S2733,Student,9-12,Male,1,Social Media,True,1,True,False,False,None,N/A,None,None,False,Low,Not Applicable
S2734,Student,13-17,Female,4,Studying,True,1,False,False,True,Defamation,False,None,None,True,High,Unsure
S2735,Student,13-17,Male,2,Studying,True,1,True,False,True,Insults,False,None,Insomnia,False,Medium,Unsure
S2736,Student,13-17,Female,7,Social Media,True,1,False,False,True,Insults; Defamation,True,School Counselor,Academic Decline,False,Low,Unsure
S2737,Student,13-17,Female,4,Gaming,True,4,False,False,False,None,N/A,None,None,False,Low,Not Applicable
S2738,Student,13-17,Female,8,Videos,True,4,False,False,False,None,N/A,None,None,True,High,Not Applicable
S2739,Student,13-17,Male,3,Gaming,True,2,False,False,True,Insults; Defamation,True,Teacher,None,False,Low,Certain
S2740,Student,13-17,Female,5,Social Media,True,1,True,False,True,Defamation,True,Friend,Loss of Appetite,False,Low,Certain
S2741,Student,13-17,Female,2,Chatting,True,1,True,False,True,Insults; Defamation,True,Family,Loss of Appetite,True,High,Certain
S2742,Student,9-12,Female,2,Videos,True,4,True,True,False,None,N/A,None,None,False,Medium,Not Applicable
S2743,Student,13-17,Male,8,Social Media,True,1,True,False,True,Insults; Exclusion; Threats,True,School Counselor,None,False,Low,Unsure
S2744,Student,13-17,Female,8,Studying,True,1,True,True,True,Insults,True,School Counselor,None,True,Medium,Certain
S2745,Student,13-17,Female,8,Videos,True,4,True,False,True,None,False,None,Depression,False,Medium,Certain
S2746,Student,13-17,Female,4,Videos,True,1,False,False,False,None,N/A,None,None,False,Low,Not Applicable
S2747,Student,9-12,Male,2,Videos,True,1,True,True,False,None,N/A,None,None,True,Medium,Not Applicable
S2748,Student,13-17,Female,8,Social Media,True,4,False,False,False,None,N/A,None,None,True,High,Not Applicable
S2749,Student,13-17,Male,5,Chatting,True,2,True,False,True,Defamation,True,Friend,Insomnia; Anxiety,False,Medium,Unsure
S2750,Student,13-17,Male,5,Videos,True,1,True,False,False,None,N/A,None,None,False,Medium,Not Applicable
S2751,Student,9-12,Male,2,Chatting,True,1,False,False,False,None,N/A,None,None,True,High,Not Applicable
S2752,Student,9-12,Male,1,Studying,True,1,False,False,True,Insults,False,None,None,False,Medium,Certain
S2753,Student,13-17,Female,7,Social Media,True,1,False,False,False,None,N/A,None,None,False,Medium,Not Applicable
S2754,Student,13-17,Female,4,Chatting,True,3,False,False,True,None,True,Teacher,Insomnia; Academic Decline; Loss of Appetite,True,Medium,Unsure
S2755,Student,13-17,Male,2,Gaming,True,1,False,False,True,Insults; Defamation,False,None,None,False,Low,Unsure
S2756,Student,13-17,Male,8,Videos,True,1,False,False,False,None,N/A,None,None,False,Low,Not Applicable
S2757,Student,13-17,Male,8,Videos,True,4,True,True,True,None,True,Teacher,None,True,Medium,Unsure
S2758,Student,13-17,Male,2,Studying,True,1,True,False,True,Insults,False,None,Academic Decline; Loss of Appetite,False,Low,Certain
S2759,Student,13-17,Male,8,Videos,True,1,False,False,True,None,False,None,Insomnia,False,Medium,Unsure
S2760,Student,13-17,Female,4,Gaming,True,4,False,False,True,Insults; Defamation; Exclusion,True,School Counselor,Insomnia; Depression,False,Low,Unsure
S2761,Student,13-17,Male,6,Videos,False,2,True,False,False,None,N/A,None,None,False,Low,Not Applicable
S2762,Student,9-12,Female,1,Gaming,True,1,False,False,True,Insults,False,None,Depression,False,Low,Unsure
S2763,Student,13-17,Female,3,Videos,True,1,True,False,True,Insults,False,None,None,False,Medium,Certain
S2764,Student,13-17,Male,6,Gaming,True,1,True,False,True,Threats,True,Friend,Insomnia,True,Medium,Certain
S2765,Student,13-17,Female,4,Videos,True,2,True,False,False,None,N/A,None,None,True,High,Not Applicable
S2766,Student,9-12,Male,4,Gaming,True,1,False,False,False,None,N/A,None,None,False,Low,Not Applicable
S2767,Student,13-17,Male,2,Videos,True,1,True,False,True,Insults,True,Teacher,None,True,High,Unsure
S2768,Student,13-17,Male,8,Videos,True,1,True,False,False,None,N/A,None,None,False,Medium,Not Applicable
S2769,Student,13-17,Female,1,Chatting,True,2,True,False,False,None,N/A,None,None,True,High,Not Applicable
S2770,Student,13-17,Male,7,Chatting,False,1,True,False,False,None,N/A,None,None,True,High,Not Applicable
S2771,Student,13-17,Male,6,Videos,True,2,True,True,False,None,N/A,None,None,True,High,Not Applicable
S2772,Student,9-12,Male,2,Videos,True,2,True,True,False,None,N/A,None,None,True,High,Not Applicable
S2773,Student,13-17,Female,6,Gaming,True,1,False,False,True,Insults; Defamation; Sexual Harassment,False,None,Academic Decline; Depression,True,High,Unsure
S2774,Student,13-17,Male,2,Social Media,True,1,False,False,True,None,True,Family,Depression; Anxiety,True,Medium,Unsure
S2775,Student,13-17,Female,4,Social Media,True,1,False,False,False,None,N/A,None,None,False,Low,Not Applicable
S2776,Student,13-17,Male,3,Studying,False,1,False,False,True,Defamation; Exclusion,True,School Counselor,None,True,High,Unsure
S2777,Student,9-12,Male,0,Chatting,True,1,False,False,False,None,N/A,None,None,False,Low,Not Applicable
S2778,Student,9-12,Female,1,Chatting,True,2,False,False,False,None,N/A,None,None,True,Medium,Not Applicable
S2779,Student,13-17,Male,1,Gaming,False,1,True,True,True,Insults; Exclusion,False,None,Insomnia; Depression,False,Medium,Unsure
S2780,Student,13-17,Male,4,Chatting,True,1,False,False,True,Defamation,False,None,Insomnia; Academic Decline; Depression,True,Medium,Unsure
S2781,Student,13-17,Female,2,Social Media,True,1,False,False,False,None,N/A,None,None,True,Medium,Not Applicable
S2782,Student,13-17,Male,7,Videos,True,4,True,False,False,None,N/A,None,None,True,High,Not Applicable
S2783,Student,13-17,Female,4,Gaming,True,1,True,False,False,None,N/A,None,None,False,Medium,Not Applicable
S2784,Student,13-17,Female,7,Chatting,True,1,True,True,True,None,False,None,None,False,Medium,Unsure
S2785,Student,13-17,Female,2,Videos,True,1,True,False,True,Defamation,True,Teacher,Academic Decline,False,Low,Unsure
S2786,Student,13-17,Male,4,Social Media,True,1,False,False,False,None,N/A,None,None,True,High,Not Applicable
S2787,Student,13-17,Female,2,Social Media,True,1,True,False,False,None,N/A,None,None,True,High,Not Applicable
S2788,Student,13-17,Male,4,Studying,True,3,True,False,True,None,True,Teacher,Insomnia,False,Low,Unsure
S2789,Student,13-17,Male,6,Videos,True,1,True,True,False,None,N/A,None,None,False,Medium,Not Applicable
S2790,Student,13-17,Female,6,Gaming,True,3,True,True,False,None,N/A,None,None,True,High,Not Applicable
S2791,Student,9-12,Male,4,Studying,True,3,False,False,False,None,N/A,None,None,False,Low,Not Applicable
S2792,Student,13-17,Female,2,Gaming,True,2,False,False,True,Insults; Exclusion,True,School Counselor,Depression,True,Medium,Unsure
S2793,Student,9-12,Male,0,Studying,True,1,True,True,False,None,N/A,None,None,False,Low,Not Applicable
S2794,Student,13-17,Female,7,Chatting,True,1,False,False,False,None,N/A,None,None,True,High,Not Applicable
S2795,Student,13-17,Male,1,Studying,True,1,True,True,True,Insults,False,None,Academic Decline; Depression; Loss of Appetite,True,High,Certain
S2796,Student,9-12,Female,4,Chatting,True,2,False,False,True,Defamation; Exclusion,True,Teacher,Anxiety,False,Low,Certain
S2797,Student,13-17,Male,8,Social Media,True,1,False,False,True,Insults,False,None,Loss of Appetite,False,Low,Unsure
S2798,Student,13-17,Female,6,Gaming,True,1,True,False,True,Insults; Exclusion; Threats,False,None,Depression,False,Low,Certain
S2799,Student,13-17,Female,4,Chatting,True,3,True,False,False,None,N/A,None,None,False,Low,Not Applicable
S2800,Student,13-17,Male,5,Social Media,True,4,True,False,True,Defamation,False,None,Insomnia,True,High,Unsure
S2801,Student,13-17,Male,6,Studying,True,1,True,True,False,None,N/A,None,None,True,High,Not Applicable
S2802,Student,13-17,Female,3,Social Media,True,1,True,True,True,None,False,None,Insomnia; Anxiety,True,Medium,Unsure
S2803,Student,13-17,Male,4,Gaming,True,1,True,True,True,Defamation; Sexual Harassment,False,None,Insomnia,False,Low,Certain
S2804,Student,13-17,Male,6,Chatting,True,3,True,False,True,None,True,Teacher,Anxiety,False,Low,Certain
S2805,Student,13-17,Male,7,Gaming,True,1,True,True,True,Insults; Defamation; Exclusion,False,None,Insomnia; Academic Decline,True,Medium,Unsure
S2806,Student,13-17,Female,3,Gaming,True,1,False,False,False,None,N/A,None,None,False,Medium,Not Applicable
S2807,Student,13-17,Male,7,Gaming,True,1,True,True,True,Insults,True,Friend,None,False,Medium,Certain
S2808,Student,13-17,Female,5,Chatting,True,1,False,False,False,None,N/A,None,None,False,Medium,Not Applicable
S2809,Student,9-12,Female,0,Videos,True,3,True,False,False,None,N/A,None,None,False,Low,Not Applicable
S2810,Student,13-17,Female,8,Videos,True,1,False,False,True,None,False,None,Academic Decline,False,Low,Unsure
S2811,Student,13-17,Male,4,Videos,True,3,True,False,True,None,False,None,Anxiety,True,High,Certain
S2812,Student,9-12,Female,2,Studying,True,1,True,False,True,Defamation,False,None,Academic Decline; Depression,False,Medium,Unsure
S2813,Student,9-12,Female,3,Chatting,True,4,False,False,False,None,N/A,None,None,False,Low,Not Applicable
S2814,Student,13-17,Female,3,Videos,True,1,False,False,False,None,N/A,None,None,False,Medium,Not Applicable
S2815,Student,9-12,Female,2,Social Media,True,1,True,False,False,None,N/A,None,None,True,High,Not Applicable
S2816,Student,13-17,Female,3,Videos,True,2,True,True,False,None,N/A,None,None,False,Low,Not Applicable
S2817,Student,13-17,Female,3,Chatting,True,1,False,False,False,None,N/A,None,None,False,Medium,Not Applicable
S2818,Student,9-12,Female,3,Social Media,True,3,False,False,False,None,N/A,None,None,False,Medium,Not Applicable
S2819,Student,13-17,Male,3,Chatting,True,2,True,False,False,None,N/A,None,None,False,Low,Not Applicable
S2820,Student,13-17,Female,8,Social Media,True,1,True,False,False,None,N/A,None,None,False,Low,Not Applicable
S2821,Student,13-17,Male,4,Chatting,True,1,True,False,True,Exclusion,True,Friend,Insomnia,True,High,Certain
S2822,Student,13-17,Female,4,Gaming,True,3,False,False,False,None,N/A,None,None,False,Low,Not Applicable
S2823,Student,9-12,Male,1,Studying,True,2,True,True,True,None,True,Friend,None,True,High,Unsure
S2824,Student,13-17,Female,4,Videos,True,4,True,False,False,None,N/A,None,None,False,Low,Not Applicable
S2825,Student,9-12,Female,4,Social Media,True,3,True,True,False,None,N/A,None,None,False,Medium,Not Applicable
S2826,Student,13-17,Female,4,Gaming,True,1,True,True,True,Threats,True,Teacher,Loss of Appetite,True,Medium,Certain
S2827,Student,13-17,Male,4,Chatting,True,1,False,False,False,None,N/A,None,None,False,Low,Not Applicable
S2828,Student,13-17,Female,2,Social Media,True,2,True,False,False,None,N/A,None,None,False,Low,Not Applicable
S2829,Student,13-17,Female,3,Studying,True,2,True,True,True,Insults,True,School Counselor,Insomnia; Anxiety,False,Low,Unsure
S2830,Student,13-17,Male,7,Chatting,True,1,True,True,True,Insults; Exclusion,False,None,Depression,True,High,Unsure
S2831,Student,9-12,Female,0,Social Media,True,1,True,True,False,None,N/A,None,None,False,Low,Not Applicable
S2832,Student,13-17,Female,5,Chatting,True,3,True,True,False,None,N/A,None,None,False,Medium,Not Applicable
S2833,Student,13-17,Female,1,Gaming,True,1,True,False,False,None,N/A,None,None,True,High,Not Applicable
S2834,Student,13-17,Female,4,Gaming,True,1,False,False,True,Insults; Exclusion,False,None,None,True,High,Unsure
S2835,Student,13-17,Female,5,Studying,True,1,True,True,True,Exclusion,True,Friend,Insomnia; Anxiety,False,Low,Certain
S2836,Student,13-17,Male,7,Social Media,True,4,True,False,True,Defamation,False,None,None,False,Low,Certain
S2837,Student,13-17,Male,6,Studying,True,2,True,True,True,Defamation,True,School Counselor,None,False,Medium,Unsure
S2838,Student,13-17,Female,5,Social Media,True,1,False,False,True,Insults; Defamation,True,Friend,Insomnia,True,High,Unsure
S2839,Student,9-12,Female,1,Videos,True,1,True,True,True,Exclusion,False,None,None,True,High,Unsure
S2840,Student,9-12,Male,4,Social Media,True,1,True,True,False,None,N/A,None,None,False,Low,Not Applicable
S2841,Student,13-17,Female,5,Videos,True,3,True,True,False,None,N/A,None,None,True,High,Not Applicable
S2842,Student,13-17,Female,4,Gaming,True,1,True,False,False,None,N/A,None,None,False,Medium,Not Applicable
S2843,Student,13-17,Male,6,Chatting,True,1,True,False,True,Defamation,False,None,Insomnia; Academic Decline,True,Medium,Unsure
S2844,Student,13-17,Female,8,Gaming,True,1,True,False,True,Threats,True,Teacher,Depression,False,Medium,Unsure
S2845,Student,13-17,Male,1,Gaming,True,3,False,False,False,None,N/A,None,None,True,Medium,Not Applicable
S2846,Student,13-17,Female,6,Gaming,True,1,False,False,True,Insults; Defamation,True,Family,Anxiety,False,Medium,Unsure
S2847,Student,13-17,Female,5,Videos,True,1,True,False,False,None,N/A,None,None,False,Low,Not Applicable
S2848,Student,13-17,Female,3,Gaming,True,4,False,False,True,Exclusion,True,School Counselor,Insomnia; Academic Decline,True,High,Unsure
S2849,Student,13-17,Male,7,Studying,True,3,True,False,True,None,False,None,Academic Decline,False,Low,Unsure
S2850,Student,9-12,Male,4,Social Media,True,4,True,True,False,None,N/A,None,None,True,Medium,Not Applicable
S2851,Student,13-17,Male,2,Chatting,False,2,True,True,True,Insults,True,Friend,Insomnia; Academic Decline,True,High,Certain
S2852,Student,13-17,Female,2,Studying,False,1,True,False,False,None,N/A,None,None,True,High,Not Applicable
S2853,Student,13-17,Female,4,Gaming,True,1,True,True,True,None,False,None,None,False,Medium,Certain
S2854,Student,13-17,Male,5,Chatting,True,1,False,False,True,Insults; Threats,True,School Counselor,Insomnia; Depression,True,High,Unsure
S2855,Student,9-12,Female,2,Videos,True,3,True,False,False,None,N/A,None,None,True,Medium,Not Applicable
S2856,Student,9-12,Male,3,Studying,True,2,False,False,False,None,N/A,None,None,False,Low,Not Applicable
S2857,Student,13-17,Female,3,Gaming,True,1,True,True,True,Exclusion; Sexual Harassment,True,Family,Academic Decline,True,Medium,Unsure
S2858,Student,9-12,Male,4,Studying,True,1,False,False,False,None,N/A,None,None,False,Medium,Not Applicable
S2859,Student,13-17,Male,1,Chatting,True,1,False,False,True,Defamation,False,None,Academic Decline,False,Low,Unsure
S2860,Student,13-17,Male,4,Videos,True,1,True,False,False,None,N/A,None,None,True,High,Not Applicable
S2861,Student,13-17,Female,4,Studying,True,4,False,False,False,None,N/A,None,None,False,Low,Not Applicable
S2862,Student,9-12,Female,1,Videos,True,4,False,False,False,None,N/A,None,None,True,High,Not Applicable
S2863,Student,9-12,Female,2,Studying,True,1,False,False,False,None,N/A,None,None,False,Medium,Not Applicable
S2864,Student,9-12,Female,1,Gaming,True,1,False,False,False,None,N/A,None,None,True,High,Not Applicable
S2865,Student,13-17,Female,4,Gaming,True,1,True,False,False,None,N/A,None,None,True,Medium,Not Applicable
S2866,Student,13-17,Male,4,Gaming,True,1,True,False,True,Insults,False,None,None,False,Low,Unsure
S2867,Student,13-17,Female,4,Studying,True,2,False,False,False,None,N/A,None,None,True,Medium,Not Applicable
S2868,Student,13-17,Female,8,Studying,True,2,True,False,True,Insults; Sexual Harassment,True,Family,None,False,Low,Certain
S2869,Student,13-17,Male,7,Gaming,True,1,True,False,False,None,N/A,None,None,True,High,Not Applicable
S2870,Student,9-12,Male,1,Videos,True,2,True,False,True,Defamation; Exclusion,False,None,Insomnia,False,Medium,Unsure
S2871,Student,13-17,Male,2,Gaming,True,1,True,False,True,Insults; Exclusion; Threats,False,None,Insomnia; Academic Decline,False,Low,Unsure
S2872,Student,13-17,Male,8,Gaming,True,2,True,False,False,None,N/A,None,None,False,Low,Not Applicable
S2873,Student,13-17,Female,6,Videos,True,1,True,False,True,Defamation; Exclusion,True,Teacher,None,False,Medium,Unsure
S2874,Student,13-17,Male,8,Gaming,True,1,False,False,False,None,N/A,None,None,False,Medium,Not Applicable
S2875,Student,13-17,Male,8,Gaming,True,1,True,False,True,Insults,True,Friend,Depression,False,Low,Unsure
S2876,Student,9-12,Male,0,Chatting,True,1,False,False,False,None,N/A,None,None,False,Low,Not Applicable
S2877,Student,9-12,Female,3,Gaming,True,3,False,False,True,None,True,School Counselor,Insomnia; Anxiety,True,High,Certain
S2878,Student,13-17,Male,2,Social Media,True,1,True,True,False,None,N/A,None,None,False,Low,Not Applicable
S2879,Student,13-17,Male,2,Studying,True,1,True,True,True,None,True,School Counselor,None,False,Low,Unsure
S2880,Student,13-17,Male,7,Gaming,True,1,True,True,False,None,N/A,None,None,False,Low,Not Applicable
S2881,Student,13-17,Male,4,Studying,True,1,False,False,False,None,N/A,None,None,False,Low,Not Applicable
S2882,Student,13-17,Male,1,Studying,True,4,False,False,True,Exclusion; Threats,True,School Counselor,Insomnia; Depression,False,Medium,Certain
S2883,Student,13-17,Male,8,Social Media,True,3,True,True,True,Exclusion,True,School Counselor,Depression,False,Low,Certain
S2884,Student,13-17,Female,4,Chatting,True,1,False,False,False,None,N/A,None,None,True,Medium,Not Applicable
S2885,Student,13-17,Male,1,Chatting,True,4,True,True,False,None,N/A,None,None,True,High,Not Applicable
S2886,Student,13-17,Male,5,Studying,True,2,True,True,False,None,N/A,None,None,True,High,Not Applicable
S2887,Student,9-12,Male,0,Videos,True,1,False,False,False,None,N/A,None,None,False,Low,Not Applicable
S2888,Student,9-12,Female,2,Chatting,True,1,True,False,False,None,N/A,None,None,True,Medium,Not Applicable
S2889,Student,13-17,Male,3,Studying,True,1,False,False,False,None,N/A,None,None,True,High,Not Applicable
S2890,Student,9-12,Female,0,Social Media,False,1,True,False,False,None,N/A,None,None,True,Medium,Not Applicable
S2891,Student,13-17,Male,8,Chatting,True,1,True,False,True,Insults; Defamation; Exclusion,False,None,Insomnia; Academic Decline,True,High,Certain
S2892,Student,13-17,Female,4,Gaming,True,2,False,False,False,None,N/A,None,None,False,Low,Not Applicable
S2893,Student,9-12,Male,0,Social Media,True,4,False,False,True,Insults; Threats,False,None,Academic Decline; Depression,True,Medium,Certain
S2894,Student,13-17,Female,5,Gaming,True,1,True,True,True,Insults; Defamation; Exclusion,False,None,Insomnia,True,High,Unsure
S2895,Student,13-17,Male,6,Social Media,False,3,True,False,False,None,N/A,None,None,True,Medium,Not Applicable
S2896,Student,13-17,Female,8,Videos,True,1,True,False,False,None,N/A,None,None,True,High,Not Applicable
S2897,Student,9-12,Male,0,Studying,True,1,False,False,True,Insults,False,None,None,True,Medium,Certain
S2898,Student,13-17,Male,4,Social Media,True,1,False,False,False,None,N/A,None,None,False,Medium,Not Applicable
S2899,Student,13-17,Female,4,Social Media,True,1,False,False,False,None,N/A,None,None,True,Medium,Not Applicable
S2900,Student,9-12,Male,1,Chatting,True,1,False,False,True,Insults; Defamation; Exclusion,False,None,Insomnia; Depression,True,High,Certain
S2901,Student,13-17,Female,8,Social Media,True,1,True,True,True,Insults,False,None,Academic Decline,False,Low,Certain
S2902,Student,9-12,Female,2,Studying,True,1,False,False,False,None,N/A,None,None,False,Medium,Not Applicable
S2903,Student,13-17,Male,3,Gaming,True,1,True,True,True,Defamation,False,None,None,True,High,Certain
S2904,Student,9-12,Female,4,Gaming,True,1,True,True,False,None,N/A,None,None,False,Medium,Not Applicable
S2905,Student,9-12,Female,2,Videos,True,1,True,True,False,None,N/A,None,None,True,High,Not Applicable
S2906,Student,13-17,Male,2,Social Media,True,1,True,False,True,Insults; Defamation,True,Family,Anxiety,True,High,Unsure
S2907,Student,9-12,Female,3,Videos,True,1,False,False,False,None,N/A,None,None,True,High,Not Applicable
S2908,Student,9-12,Female,2,Social Media,True,1,True,True,False,None,N/A,None,None,True,Medium,Not Applicable
S2909,Student,9-12,Male,1,Chatting,True,1,False,False,True,Insults,True,Teacher,Academic Decline,True,Medium,Unsure
S2910,Student,13-17,Female,4,Social Media,True,1,True,True,False,None,N/A,None,None,False,Medium,Not Applicable
S2911,Student,9-12,Male,1,Videos,True,1,True,True,False,None,N/A,None,None,True,High,Not Applicable
S2912,Student,9-12,Female,2,Gaming,True,3,False,False,False,None,N/A,None,None,True,High,Not Applicable
S2913,Student,13-17,Male,3,Chatting,True,1,False,False,True,Defamation,True,Friend,Insomnia; Anxiety,False,Medium,Certain
S2914,Student,13-17,Female,3,Chatting,True,1,False,False,True,Insults,False,None,Insomnia,True,Medium,Certain
S2915,Student,13-17,Male,3,Gaming,True,1,True,True,True,Insults,True,Teacher,None,True,High,Certain
S2916,Student,9-12,Female,2,Studying,True,3,True,True,False,None,N/A,None,None,False,Low,Not Applicable
S2917,Student,13-17,Male,4,Gaming,True,1,True,False,True,None,True,School Counselor,Insomnia,True,Medium,Certain
S2918,Student,13-17,Male,3,Gaming,True,1,True,True,False,None,N/A,None,None,False,Low,Not Applicable
S2919,Student,9-12,Female,3,Studying,True,1,True,False,False,None,N/A,None,None,False,Medium,Not Applicable
S2920,Student,9-12,Male,3,Gaming,True,3,False,False,True,Threats,True,School Counselor,Insomnia; Academic Decline,False,Medium,Certain
S2921,Student,9-12,Female,2,Social Media,True,1,False,False,True,Insults; Defamation,False,None,Insomnia,False,Low,Certain
S2922,Student,13-17,Male,8,Chatting,True,2,False,False,True,Defamation; Exclusion,False,None,None,False,Low,Unsure
S2923,Student,13-17,Male,7,Gaming,True,1,False,False,True,Insults,False,None,Insomnia; Academic Decline,True,High,Certain
S2924,Student,9-12,Male,2,Videos,True,1,True,True,False,None,N/A,None,None,False,Medium,Not Applicable
S2925,Student,13-17,Female,4,Videos,True,2,False,False,True,None,True,Friend,None,False,Medium,Unsure
S2926,Student,9-12,Male,4,Gaming,True,2,True,True,False,None,N/A,None,None,False,Low,Not Applicable
S2927,Student,13-17,Female,5,Social Media,True,3,True,False,False,None,N/A,None,None,False,Low,Not Applicable
S2928,Student,9-12,Male,4,Social Media,True,1,True,True,False,None,N/A,None,None,False,Medium,Not Applicable
S2929,Student,9-12,Male,3,Gaming,True,2,True,True,False,None,N/A,None,None,True,High,Not Applicable
S2930,Student,13-17,Female,4,Videos,True,1,True,True,False,None,N/A,None,None,False,Low,Not Applicable
S2931,Student,13-17,Female,6,Studying,True,3,True,False,False,None,N/A,None,None,False,Medium,Not Applicable
S2932,Student,13-17,Female,1,Social Media,True,1,True,False,False,None,N/A,None,None,True,Medium,Not Applicable
S2933,Student,9-12,Female,3,Studying,True,1,True,True,False,None,N/A,None,None,False,Low,Not Applicable
S2934,Student,9-12,Female,1,Videos,True,3,False,False,True,Insults; Defamation,True,Teacher,Depression,False,Low,Unsure
S2935,Student,13-17,Female,4,Studying,True,1,False,False,False,None,N/A,None,None,False,Medium,Not Applicable
S2936,Student,13-17,Male,4,Videos,True,1,False,False,False,None,N/A,None,None,True,Medium,Not Applicable
S2937,Student,9-12,Female,3,Social Media,True,1,False,False,False,None,N/A,None,None,False,Medium,Not Applicable
S2938,Student,13-17,Male,8,Videos,True,1,True,False,True,Insults,True,School Counselor,None,False,Low,Certain
S2939,Student,13-17,Female,7,Studying,True,4,False,False,False,None,N/A,None,None,True,High,Not Applicable
S2940,Student,13-17,Male,4,Studying,True,3,True,True,False,None,N/A,None,None,True,High,Not Applicable
S2941,Student,13-17,Female,4,Social Media,True,1,False,False,True,Exclusion,False,None,None,True,High,Unsure
S2942,Student,9-12,Male,3,Videos,True,1,False,False,False,None,N/A,None,None,False,Medium,Not Applicable
S2943,Student,13-17,Female,3,Social Media,True,2,False,False,False,None,N/A,None,None,False,Medium,Not Applicable
S2944,Student,13-17,Male,1,Gaming,True,2,True,True,False,None,N/A,None,None,False,Medium,Not Applicable
S2945,Student,13-17,Male,4,Gaming,True,1,True,False,True,Defamation; Exclusion,False,None,Insomnia,True,High,Unsure
S2946,Student,13-17,Female,3,Studying,True,1,False,False,False,None,N/A,None,None,True,Medium,Not Applicable
S2947,Student,13-17,Female,3,Chatting,False,1,True,True,True,Defamation; Threats; Sexual Harassment,True,Teacher,None,True,High,Certain
S2948,Student,13-17,Male,4,Videos,True,4,True,True,True,Defamation; Exclusion,True,Friend,Anxiety,True,Medium,Unsure
S2949,Student,9-12,Female,0,Gaming,True,1,True,True,True,Insults,False,None,Loss of Appetite,True,High,Unsure
S2950,Student,13-17,Female,8,Videos,True,3,True,False,True,None,True,Teacher,Loss of Appetite,True,Medium,Certain
S2951,Student,9-12,Female,3,Studying,False,4,True,False,False,None,N/A,None,None,False,Low,Not Applicable
S2952,Student,13-17,Female,2,Chatting,True,4,True,True,True,Insults,True,School Counselor,Depression,False,Low,Certain
S2953,Student,13-17,Female,1,Social Media,True,2,True,False,False,None,N/A,None,None,False,Low,Not Applicable
S2954,Student,9-12,Male,0,Social Media,True,1,False,False,True,Defamation,True,Teacher,Academic Decline; Depression,False,Medium,Unsure
S2955,Student,13-17,Female,1,Chatting,True,1,False,False,False,None,N/A,None,None,False,Low,Not Applicable
S2956,Student,9-12,Female,4,Gaming,True,1,True,True,True,Insults,True,Teacher,Insomnia,True,High,Unsure
S2957,Student,13-17,Male,1,Videos,True,1,True,True,True,Insults; Threats,False,None,Depression; Loss of Appetite,True,High,Certain
S2958,Student,13-17,Male,2,Videos,True,3,False,False,False,None,N/A,None,None,True,High,Not Applicable
S2959,Student,13-17,Female,4,Gaming,True,1,True,True,True,Defamation,False,None,Insomnia,False,Low,Unsure
S2960,Student,13-17,Female,6,Chatting,True,1,True,False,True,Insults; Exclusion,True,Family,Insomnia,True,High,Certain
S2961,Student,13-17,Female,4,Gaming,True,1,True,False,False,None,N/A,None,None,True,Medium,Not Applicable
S2962,Student,13-17,Female,4,Gaming,True,1,True,False,True,Insults,False,None,Depression,False,Low,Unsure
S2963,Student,13-17,Male,7,Videos,True,1,True,True,False,None,N/A,None,None,False,Low,Not Applicable
S2964,Student,9-12,Female,1,Chatting,True,1,True,True,True,None,True,Friend,Insomnia; Depression,True,Medium,Unsure
S2965,Student,13-17,Male,7,Gaming,True,4,True,False,True,Insults; Defamation,False,None,None,True,Medium,Unsure
S2966,Student,13-17,Male,2,Chatting,True,1,False,False,False,None,N/A,None,None,True,Medium,Not Applicable
S2967,Student,13-17,Female,7,Studying,True,2,True,False,True,None,True,Family,None,True,Medium,Unsure
S2968,Student,13-17,Female,4,Chatting,True,3,True,True,True,Insults; Defamation,True,Friend,Anxiety,True,High,Unsure
S2969,Student,13-17,Male,2,Chatting,True,4,True,False,True,Insults; Defamation,True,Friend,Depression,False,Low,Certain
S2970,Student,13-17,Female,4,Gaming,True,1,True,True,True,Defamation,True,Friend,Academic Decline,False,Low,Unsure
S2971,Student,13-17,Male,6,Social Media,False,1,True,False,False,None,N/A,None,None,True,Medium,Not Applicable
S2972,Student,13-17,Female,3,Gaming,True,1,False,False,True,Defamation; Exclusion,True,Teacher,Insomnia,True,Medium,Certain
S2973,Student,9-12,Female,1,Social Media,True,1,False,False,False,None,N/A,None,None,True,High,Not Applicable
S2974,Student,13-17,Male,5,Chatting,False,1,True,True,True,Insults,True,Family,Academic Decline,False,Low,Certain
S2975,Student,9-12,Male,2,Social Media,True,1,False,False,False,None,N/A,None,None,True,High,Not Applicable
S2976,Student,9-12,Male,1,Chatting,True,1,True,True,False,None,N/A,None,None,True,Medium,Not Applicable
S2977,Student,13-17,Female,3,Studying,True,1,False,False,False,None,N/A,None,None,True,High,Not Applicable
S2978,Student,13-17,Female,7,Chatting,True,1,True,True,False,None,N/A,None,None,False,Medium,Not Applicable
S2979,Student,13-17,Female,7,Gaming,True,2,True,False,True,None,True,School Counselor,Insomnia,True,High,Unsure
S2980,Student,9-12,Female,3,Chatting,True,1,True,False,False,None,N/A,None,None,True,High,Not Applicable
S2981,Student,9-12,Male,3,Social Media,True,1,True,True,False,None,N/A,None,None,True,Medium,Not Applicable
S2982,Student,13-17,Male,6,Gaming,True,1,False,False,True,Exclusion,True,Teacher,Depression,False,Low,Unsure
S2983,Student,9-12,Female,2,Gaming,False,1,False,False,False,None,N/A,None,None,True,High,Not Applicable
S2984,Student,13-17,Male,4,Social Media,True,4,False,False,False,None,N/A,None,None,False,Low,Not Applicable
S2985,Student,9-12,Female,1,Social Media,True,2,True,False,True,Insults; Defamation,False,None,Academic Decline,True,High,Certain
S2986,Student,9-12,Male,1,Chatting,True,1,True,False,False,None,N/A,None,None,True,Medium,Not Applicable
S2987,Student,13-17,Female,1,Chatting,True,1,False,False,True,None,False,None,None,True,High,Certain
S2988,Student,13-17,Male,3,Social Media,False,1,True,False,False,None,N/A,None,None,True,Medium,Not Applicable
S2989,Student,13-17,Female,4,Gaming,True,1,True,True,True,Insults; Defamation; Threats,False,None,Academic Decline,True,High,Certain
S2990,Student,13-17,Female,7,Social Media,True,3,False,False,False,None,N/A,None,None,True,Medium,Not Applicable
S2991,Student,13-17,Female,3,Social Media,True,1,True,False,True,Insults; Defamation; Exclusion,True,Family,Academic Decline,False,Low,Certain
S2992,Student,9-12,Female,4,Studying,True,1,False,False,False,None,N/A,None,None,True,Medium,Not Applicable
S2993,Student,13-17,Male,5,Chatting,True,3,False,False,True,Insults; Threats,True,Teacher,Depression; Anxiety,True,Medium,Certain
S2994,Student,13-17,Female,2,Studying,True,1,True,True,False,None,N/A,None,None,False,Low,Not Applicable
S2995,Student,13-17,Female,2,Social Media,False,3,True,False,False,None,N/A,None,None,True,High,Not Applicable
S2996,Student,13-17,Female,3,Gaming,True,1,True,False,False,None,N/A,None,None,True,High,Not Applicable
S2997,Student,9-12,Male,3,Chatting,True,4,True,False,True,None,False,None,Academic Decline; Depression,False,Medium,Certain
S2998,Student,9-12,Female,0,Social Media,True,1,True,False,False,None,N/A,None,None,False,Low,Not Applicable
S2999,Student,9-12,Female,4,Chatting,True,1,True,False,False,None,N/A,None,None,False,Low,Not Applicable
S3000,Student,13-17,Female,8,Chatting,True,1,True,False,False,None,N/A,None,None,False,Low,Not Applicable
S3001,Student,9-12,Female,2,Gaming,True,1,True,True,True,Insults; Defamation,False,None,Insomnia,False,Low,Unsure
S3002,Student,13-17,Male,4,Gaming,True,1,True,True,True,Sexual Harassment,True,School Counselor,Insomnia; Depression,True,High,Certain
S3003,Student,13-17,Male,4,Social Media,True,1,True,True,False,None,N/A,None,None,True,Medium,Not Applicable
S3004,Student,13-17,Female,1,Studying,True,1,False,False,True,Exclusion,True,Friend,Insomnia,False,Low,Unsure
S3005,Student,13-17,Female,4,Studying,True,1,False,False,True,None,False,None,None,False,Medium,Unsure
S3006,Student,13-17,Male,4,Videos,True,1,True,True,True,Insults,False,None,Insomnia; Academic Decline,False,Low,Certain
S3007,Student,9-12,Male,2,Gaming,True,4,False,False,False,None,N/A,None,None,False,Low,Not Applicable
S3008,Student,13-17,Male,5,Gaming,True,1,True,True,False,None,N/A,None,None,False,Low,Not Applicable
S3009,Student,13-17,Male,6,Studying,False,3,True,False,True,Insults; Defamation,False,None,None,True,Medium,Certain
S3010,Student,13-17,Female,5,Studying,True,1,True,False,True,Insults,False,None,Academic Decline,True,High,Unsure
S3011,Student,13-17,Female,3,Chatting,True,1,False,False,True,Defamation; Threats,False,None,None,False,Low,Unsure
S3012,Student,13-17,Female,6,Videos,True,1,True,False,True,Insults; Defamation,False,None,Insomnia,False,Low,Certain
S3013,Student,9-12,Female,3,Chatting,True,1,True,False,True,Insults; Defamation,False,None,Depression; Anxiety,False,Low,Unsure
S3014,Student,13-17,Female,4,Videos,True,4,True,True,True,Insults,False,None,Academic Decline,False,Low,Unsure
S3015,Student,9-12,Female,0,Studying,True,1,True,False,False,None,N/A,None,None,False,Medium,Not Applicable
S3016,Student,13-17,Female,2,Videos,True,1,True,False,True,Exclusion,False,None,None,False,Medium,Certain
S3017,Student,9-12,Male,2,Studying,True,4,False,False,False,None,N/A,None,None,True,High,Not Applicable
S3018,Student,13-17,Male,5,Chatting,True,1,False,False,True,Insults,True,Friend,Insomnia,True,High,Certain
S3019,Student,13-17,Female,7,Studying,True,1,True,False,False,None,N/A,None,None,True,Medium,Not Applicable
S3020,Student,9-12,Male,4,Videos,True,2,False,False,False,None,N/A,None,None,False,Low,Not Applicable
S3021,Student,13-17,Female,4,Videos,True,4,False,False,False,None,N/A,None,None,False,Low,Not Applicable
S3022,Student,9-12,Male,3,Social Media,True,1,True,True,False,None,N/A,None,None,True,Medium,Not Applicable
S3023,Student,9-12,Female,3,Videos,True,1,False,False,False,None,N/A,None,None,True,Medium,Not Applicable
S3024,Student,13-17,Female,4,Gaming,True,1,True,True,True,Exclusion; Threats,True,Family,Insomnia; Anxiety,True,Medium,Unsure
S3025,Student,13-17,Male,3,Studying,True,1,False,False,False,None,N/A,None,None,True,Medium,Not Applicable
S3026,Student,13-17,Female,8,Chatting,True,3,False,False,False,None,N/A,None,None,False,Low,Not Applicable
S3027,Student,13-17,Male,6,Social Media,True,1,True,True,True,Defamation,True,Friend,None,False,Low,Unsure
S3028,Student,9-12,Male,0,Videos,True,2,True,False,False,None,N/A,None,None,True,High,Not Applicable
S3029,Student,13-17,Male,3,Social Media,True,1,True,True,False,None,N/A,None,None,True,Medium,Not Applicable
S3030,Student,9-12,Male,4,Social Media,True,1,False,False,True,Insults; Exclusion,False,None,Insomnia,True,High,Unsure
S3031,Student,13-17,Female,3,Gaming,True,3,False,False,False,None,N/A,None,None,False,Low,Not Applicable
S3032,Student,13-17,Female,4,Videos,True,1,True,False,False,None,N/A,None,None,True,High,Not Applicable
S3033,Student,13-17,Female,3,Videos,True,1,True,False,False,None,N/A,None,None,False,Low,Not Applicable
S3034,Student,13-17,Female,2,Studying,True,1,False,False,True,None,True,Family,Depression,False,Low,Unsure
S3035,Student,13-17,Female,1,Chatting,True,1,True,True,False,None,N/A,None,None,False,Low,Not Applicable
S3036,Student,13-17,Female,7,Studying,True,1,True,False,True,Defamation; Exclusion,True,Family,Insomnia; Academic Decline; Anxiety,False,Medium,Unsure
S3037,Student,13-17,Female,7,Studying,True,1,False,False,True,Defamation,True,Teacher,Depression,False,Medium,Unsure
S3038,Student,9-12,Female,1,Social Media,True,3,False,False,True,Insults; Defamation,False,None,None,False,Low,Unsure
S3039,Student,13-17,Male,2,Social Media,True,1,False,False,False,None,N/A,None,None,False,Low,Not Applicable
S3040,Student,13-17,Male,5,Studying,False,1,True,True,False,None,N/A,None,None,True,High,Not Applicable
S3041,Student,9-12,Male,0,Gaming,True,1,False,False,True,Insults; Exclusion,True,Family,Depression,False,Low,Unsure
S3042,Student,13-17,Female,7,Studying,True,3,True,False,True,Insults; Defamation; Threats,True,Family,Loss of Appetite,True,Medium,Unsure
S3043,Student,13-17,Female,5,Gaming,True,1,False,False,False,None,N/A,None,None,True,High,Not Applicable
S3044,Student,13-17,Female,4,Videos,True,1,True,False,True,Defamation,True,Family,None,True,High,Unsure
S3045,Student,13-17,Male,5,Studying,True,2,False,False,True,Insults; Defamation,False,None,Insomnia; Anxiety,True,Medium,Unsure
S3046,Student,9-12,Female,2,Chatting,True,3,True,True,False,None,N/A,None,None,True,Medium,Not Applicable
S3047,Student,13-17,Male,2,Gaming,True,1,True,True,True,Insults,False,None,Depression; Loss of Appetite,True,High,Certain
S3048,Student,13-17,Male,2,Chatting,True,4,False,False,False,None,N/A,None,None,True,Medium,Not Applicable
S3049,Student,9-12,Female,1,Studying,False,1,False,False,False,None,N/A,None,None,False,Medium,Not Applicable
S3050,Student,13-17,Female,2,Studying,True,1,False,False,False,None,N/A,None,None,False,Low,Not Applicable
S3051,Student,13-17,Male,3,Studying,True,1,True,True,False,None,N/A,None,None,False,Medium,Not Applicable
S3052,Student,9-12,Female,4,Gaming,True,4,False,False,False,None,N/A,None,None,True,Medium,Not Applicable
S3053,Student,13-17,Female,4,Social Media,True,1,False,False,False,None,N/A,None,None,True,High,Not Applicable
S3054,Student,9-12,Male,4,Social Media,True,2,True,False,False,None,N/A,None,None,True,High,Not Applicable
S3055,Student,13-17,Male,4,Studying,True,1,False,False,True,Defamation,False,None,Insomnia; Depression,False,Low,Unsure
S3056,Student,9-12,Female,2,Gaming,True,4,False,False,False,None,N/A,None,None,False,Low,Not Applicable
S3057,Student,9-12,Male,4,Chatting,True,1,False,False,False,None,N/A,None,None,False,Low,Not Applicable
S3058,Student,13-17,Male,4,Gaming,True,1,True,True,False,None,N/A,None,None,True,High,Not Applicable
S3059,Student,13-17,Female,4,Gaming,True,1,True,True,True,Defamation,True,Family,Insomnia,False,Low,Unsure
S3060,Student,13-17,Female,2,Studying,False,1,False,False,False,None,N/A,None,None,True,Medium,Not Applicable
S3061,Student,9-12,Male,3,Chatting,True,1,True,False,False,None,N/A,None,None,False,Low,Not Applicable
S3062,Student,13-17,Male,6,Studying,True,1,True,True,True,Insults; Sexual Harassment,True,Friend,Academic Decline; Depression,False,Low,Unsure
S3063,Student,13-17,Male,4,Studying,True,3,False,False,False,None,N/A,None,None,True,Medium,Not Applicable
S3064,Student,13-17,Female,7,Studying,False,1,True,False,False,None,N/A,None,None,True,Medium,Not Applicable
S3065,Student,13-17,Female,3,Gaming,True,1,False,False,False,None,N/A,None,None,True,High,Not Applicable
S3066,Student,13-17,Female,1,Gaming,True,1,True,False,True,None,False,None,Insomnia; Depression,True,High,Certain
S3067,Student,9-12,Female,1,Gaming,True,1,True,True,True,Insults; Defamation; Exclusion,False,None,None,False,Low,Certain
S3068,Student,9-12,Female,4,Studying,True,1,True,True,False,None,N/A,None,None,False,Low,Not Applicable
S3069,Student,13-17,Male,8,Gaming,True,3,True,True,False,None,N/A,None,None,True,High,Not Applicable
S3070,Student,13-17,Male,5,Social Media,True,1,True,True,True,Insults,True,School Counselor,Depression,True,High,Certain
S3071,Student,13-17,Male,1,Social Media,True,2,True,False,True,Insults; Defamation,True,School Counselor,Loss of Appetite,True,Medium,Certain
S3072,Student,13-17,Female,4,Social Media,True,1,True,False,False,None,N/A,None,None,True,Medium,Not Applicable
S3073,Student,13-17,Male,6,Chatting,True,1,False,False,False,None,N/A,None,None,True,Medium,Not Applicable
S3074,Student,13-17,Male,7,Chatting,False,1,True,True,False,None,N/A,None,None,True,High,Not Applicable
S3075,Student,13-17,Female,4,Chatting,True,3,False,False,True,Defamation,False,None,None,False,Low,Certain
S3076,Student,9-12,Male,0,Chatting,True,1,True,True,True,Insults; Defamation; Threats,True,Teacher,None,False,Low,Unsure
S3077,Student,9-12,Male,1,Chatting,True,1,False,False,True,Insults,True,School Counselor,Insomnia,False,Low,Certain
S3078,Student,9-12,Female,3,Gaming,True,1,False,False,False,None,N/A,None,None,True,High,Not Applicable
S3079,Student,13-17,Male,6,Chatting,True,1,False,False,False,None,N/A,None,None,False,Low,Not Applicable
S3080,Student,13-17,Female,6,Gaming,True,3,False,False,True,Exclusion,False,None,Depression,False,Low,Certain
S3081,Student,13-17,Male,8,Social Media,True,1,True,False,False,None,N/A,None,None,False,Low,Not Applicable
S3082,Student,9-12,Female,0,Videos,True,1,True,True,True,Insults; Threats,False,None,Academic Decline; Loss of Appetite,True,Medium,Unsure
S3083,Student,13-17,Female,4,Studying,True,1,True,True,False,None,N/A,None,None,False,Medium,Not Applicable
S3084,Student,13-17,Male,3,Chatting,True,1,False,False,False,None,N/A,None,None,True,High,Not Applicable
S3085,Student,13-17,Female,7,Gaming,True,1,False,False,True,Insults; Sexual Harassment,False,None,None,True,High,Certain
S3086,Student,13-17,Male,8,Chatting,True,1,False,False,True,Exclusion,False,None,None,True,High,Certain
S3087,Student,13-17,Male,4,Social Media,True,3,True,False,False,None,N/A,None,None,True,Medium,Not Applicable
S3088,Student,9-12,Female,2,Gaming,True,1,True,True,False,None,N/A,None,None,True,High,Not Applicable
S3089,Student,13-17,Female,1,Videos,True,1,False,False,True,None,False,None,None,False,Low,Unsure
S3090,Student,13-17,Male,4,Gaming,False,1,False,False,True,Threats,True,Friend,Insomnia; Academic Decline,False,Medium,Certain
S3091,Student,13-17,Male,8,Gaming,True,4,False,False,True,Insults; Threats,True,Teacher,None,False,Low,Certain
S3092,Student,9-12,Male,2,Studying,False,1,True,False,False,None,N/A,None,None,True,Medium,Not Applicable
S3093,Student,9-12,Female,1,Studying,True,1,False,False,False,None,N/A,None,None,False,Medium,Not Applicable
S3094,Student,13-17,Female,4,Chatting,True,1,True,False,True,None,True,Friend,Loss of Appetite,True,High,Certain
S3095,Student,13-17,Male,6,Chatting,True,3,False,False,True,Insults,False,None,None,True,High,Certain
S3096,Student,13-17,Female,1,Chatting,True,1,False,False,True,Insults; Defamation,False,None,Insomnia; Academic Decline,False,Low,Certain
S3097,Student,9-12,Female,0,Studying,True,1,True,True,False,None,N/A,None,None,True,High,Not Applicable
S3098,Student,13-17,Female,2,Gaming,True,3,False,False,False,None,N/A,None,None,True,High,Not Applicable
S3099,Student,9-12,Male,3,Studying,True,2,False,False,True,Insults; Defamation,True,Friend,None,False,Medium,Certain
S3100,Student,13-17,Female,7,Chatting,True,3,False,False,True,Defamation; Threats,True,School Counselor,Insomnia; Academic Decline,True,Medium,Certain
S3101,Student,9-12,Male,2,Studying,True,4,True,False,True,Defamation,True,School Counselor,Anxiety,True,Medium,Certain
S3102,Student,9-12,Female,0,Gaming,True,1,True,False,True,None,True,Friend,Depression; Anxiety,False,Low,Certain
S3103,Student,13-17,Male,3,Gaming,True,2,False,False,True,Insults; Defamation,False,None,Insomnia; Academic Decline,True,High,Certain
S3104,Student,9-12,Male,0,Chatting,True,1,False,False,True,Insults,True,School Counselor,None,False,Low,Unsure
S3105,Student,13-17,Male,4,Social Media,True,1,True,True,False,None,N/A,None,None,False,Low,Not Applicable
S3106,Student,9-12,Female,3,Social Media,True,1,False,False,False,None,N/A,None,None,True,High,Not Applicable
S3107,Student,13-17,Female,4,Studying,False,1,False,False,True,Insults; Defamation,False,None,Insomnia,False,Medium,Certain
S3108,Student,13-17,Female,4,Videos,True,1,False,False,False,None,N/A,None,None,False,Low,Not Applicable
S3109,Student,13-17,Female,8,Studying,True,1,True,True,False,None,N/A,None,None,False,Low,Not Applicable
S3110,Student,13-17,Male,7,Social Media,True,1,True,True,True,Insults; Defamation,False,None,Insomnia,False,Low,Unsure
S3111,Student,13-17,Male,2,Videos,True,1,False,False,True,Exclusion,False,None,None,True,High,Unsure
S3112,Student,13-17,Female,3,Gaming,True,1,False,False,True,Insults; Defamation; Sexual Harassment,True,School Counselor,Academic Decline,False,Low,Unsure
S3113,Student,9-12,Male,3,Chatting,True,3,True,True,True,None,False,None,Insomnia,False,Low,Certain
S3114,Student,9-12,Female,4,Chatting,True,1,True,False,False,None,N/A,None,None,False,Medium,Not Applicable
S3115,Student,9-12,Female,1,Social Media,True,1,False,False,True,Insults,False,None,Insomnia,True,High,Unsure
S3116,Student,13-17,Male,2,Gaming,True,3,True,True,True,Insults; Defamation,False,None,Anxiety,False,Low,Certain
S3117,Student,9-12,Male,1,Gaming,True,1,False,False,False,None,N/A,None,None,False,Low,Not Applicable
S3118,Student,13-17,Female,3,Gaming,True,1,False,False,False,None,N/A,None,None,False,Low,Not Applicable
S3119,Student,13-17,Male,4,Videos,True,1,True,True,True,Insults; Defamation,True,Teacher,Insomnia; Anxiety,False,Medium,Unsure
S3120,Student,13-17,Male,1,Social Media,True,4,True,False,True,None,False,None,None,True,Medium,Unsure
S3121,Student,13-17,Male,8,Gaming,True,1,False,False,True,None,False,None,Loss of Appetite,False,Medium,Unsure
S3122,Student,13-17,Female,7,Videos,True,1,False,False,True,Defamation,True,Friend,Academic Decline,False,Medium,Certain
S3123,Student,13-17,Female,6,Studying,True,3,True,True,True,Insults; Defamation,True,Teacher,Insomnia,False,Low,Unsure
S3124,Student,9-12,Female,3,Gaming,True,3,True,True,False,None,N/A,None,None,False,Low,Not Applicable
S3125,Student,13-17,Male,3,Videos,True,1,False,False,True,Threats,True,Teacher,Academic Decline; Loss of Appetite,True,Medium,Unsure
S3126,Student,13-17,Male,4,Social Media,True,1,True,False,True,Insults,True,School Counselor,None,False,Medium,Unsure
S3127,Student,13-17,Female,7,Studying,True,1,True,False,True,Insults,False,None,Academic Decline,True,Medium,Certain
S3128,Student,13-17,Male,7,Social Media,True,1,True,False,False,None,N/A,None,None,False,Low,Not Applicable
S3129,Student,9-12,Male,3,Social Media,True,1,False,False,False,None,N/A,None,None,False,Low,Not Applicable
S3130,Student,13-17,Male,7,Videos,True,1,False,False,False,None,N/A,None,None,False,Low,Not Applicable
S3131,Student,9-12,Male,3,Studying,True,1,False,False,False,None,N/A,None,None,True,Medium,Not Applicable
S3132,Student,9-12,Female,1,Social Media,True,1,True,True,True,Defamation; Threats,True,Teacher,None,True,High,Unsure
S3133,Student,9-12,Female,2,Gaming,True,1,False,False,False,None,N/A,None,None,False,Medium,Not Applicable
S3134,Student,13-17,Female,8,Gaming,True,2,True,False,True,Insults; Defamation,True,Teacher,Anxiety,True,High,Certain
S3135,Student,9-12,Female,2,Chatting,True,1,False,False,True,Insults; Defamation; Exclusion; Threats,True,Friend,Insomnia,False,Low,Unsure
S3136,Student,13-17,Female,1,Gaming,False,1,False,False,True,None,True,Friend,None,False,Medium,Certain
S3137,Student,9-12,Female,1,Videos,True,1,True,False,False,None,N/A,None,None,True,Medium,Not Applicable
S3138,Student,13-17,Male,8,Chatting,True,1,True,False,True,Insults,False,None,None,True,Medium,Unsure
S3139,Student,13-17,Female,2,Chatting,True,1,True,False,False,None,N/A,None,None,True,High,Not Applicable
S3140,Student,13-17,Male,3,Social Media,True,2,True,False,False,None,N/A,None,None,False,Medium,Not Applicable
S3141,Student,13-17,Female,4,Videos,True,1,False,False,True,Exclusion,False,None,Loss of Appetite,False,Low,Certain
S3142,Student,13-17,Male,3,Chatting,True,1,True,True,False,None,N/A,None,None,False,Low,Not Applicable
S3143,Student,13-17,Female,8,Social Media,True,1,True,False,True,Insults; Exclusion; Threats,False,None,Depression,False,Low,Unsure
S3144,Student,13-17,Female,7,Social Media,False,3,True,True,True,Insults; Defamation; Exclusion,True,Family,Depression,False,Medium,Unsure
S3145,Student,13-17,Male,7,Gaming,True,1,False,False,False,None,N/A,None,None,True,Medium,Not Applicable
S3146,Student,13-17,Male,4,Videos,True,1,True,True,True,Insults; Defamation,True,Teacher,Depression,False,Low,Unsure
S3147,Student,13-17,Female,4,Social Media,True,1,True,False,True,Insults; Defamation,False,None,Insomnia; Academic Decline; Loss of Appetite,False,Low,Unsure
S3148,Student,9-12,Male,4,Gaming,True,2,False,False,False,None,N/A,None,None,False,Low,Not Applicable
S3149,Student,13-17,Male,4,Chatting,False,1,False,False,True,Defamation; Exclusion,False,None,Academic Decline,False,Low,Unsure
S3150,Student,13-17,Male,7,Videos,False,1,True,True,False,None,N/A,None,None,True,Medium,Not Applicable
S3151,Student,13-17,Female,2,Videos,True,4,True,False,False,None,N/A,None,None,True,Medium,Not Applicable
S3152,Student,13-17,Male,1,Chatting,False,1,False,False,True,Defamation; Threats,True,School Counselor,Anxiety,False,Medium,Certain
S3153,Student,13-17,Male,1,Videos,True,4,True,True,False,None,N/A,None,None,False,Low,Not Applicable
S3154,Student,9-12,Female,4,Social Media,True,1,False,False,False,None,N/A,None,None,True,Medium,Not Applicable
S3155,Student,13-17,Female,2,Social Media,True,1,True,False,False,None,N/A,None,None,False,Low,Not Applicable
S3156,Student,9-12,Female,1,Chatting,True,1,False,False,True,Insults,False,None,Depression,True,Medium,Unsure
S3157,Student,9-12,Male,2,Studying,True,4,True,True,False,None,N/A,None,None,True,Medium,Not Applicable
S3158,Student,9-12,Male,3,Chatting,True,1,True,True,False,None,N/A,None,None,False,Medium,Not Applicable
S3159,Student,13-17,Male,2,Videos,True,1,True,False,False,None,N/A,None,None,True,High,Not Applicable
S3160,Student,13-17,Male,1,Chatting,True,1,False,False,False,None,N/A,None,None,True,Medium,Not Applicable
S3161,Student,13-17,Male,8,Studying,True,1,True,True,False,None,N/A,None,None,True,Medium,Not Applicable
S3162,Student,9-12,Female,0,Studying,True,3,False,False,False,None,N/A,None,None,True,Medium,Not Applicable
S3163,Student,13-17,Male,6,Gaming,True,4,False,False,True,Insults; Exclusion,True,Family,Insomnia; Anxiety,True,Medium,Unsure
S3164,Student,13-17,Male,1,Gaming,True,1,False,False,True,Insults,True,Teacher,Academic Decline; Depression,False,Low,Certain
S3165,Student,9-12,Female,2,Social Media,True,1,False,False,False,None,N/A,None,None,False,Low,Not Applicable
S3166,Student,9-12,Female,3,Chatting,True,1,True,True,False,None,N/A,None,None,False,Low,Not Applicable
S3167,Student,9-12,Male,3,Chatting,True,1,True,True,False,None,N/A,None,None,False,Low,Not Applicable
S3168,Student,13-17,Male,7,Social Media,True,1,False,False,True,Defamation; Exclusion; Threats,True,School Counselor,None,True,High,Certain
S3169,Student,9-12,Male,2,Social Media,True,4,False,False,True,Defamation; Exclusion; Threats,False,None,Anxiety,True,High,Certain
S3170,Student,13-17,Female,7,Chatting,True,2,True,False,True,Insults; Exclusion,False,None,None,False,Low,Unsure
S3171,Student,13-17,Female,6,Chatting,True,1,False,False,True,Insults; Threats,True,Family,Academic Decline,True,Medium,Certain
S3172,Student,9-12,Male,4,Social Media,True,1,True,True,False,None,N/A,None,None,False,Low,Not Applicable
S3173,Student,13-17,Female,3,Social Media,True,1,False,False,False,None,N/A,None,None,False,Low,Not Applicable
S3174,Student,9-12,Male,3,Social Media,True,1,True,True,False,None,N/A,None,None,True,High,Not Applicable
S3175,Student,13-17,Male,1,Chatting,True,1,False,False,False,None,N/A,None,None,True,Medium,Not Applicable
S3176,Student,13-17,Female,5,Social Media,True,1,False,False,False,None,N/A,None,None,False,Medium,Not Applicable
S3177,Student,13-17,Male,2,Social Media,True,1,False,False,False,None,N/A,None,None,False,Low,Not Applicable
S3178,Student,13-17,Male,1,Chatting,True,1,True,False,True,Defamation,False,None,Loss of Appetite,False,Low,Unsure
S3179,Student,9-12,Male,1,Videos,True,1,True,True,False,None,N/A,None,None,True,High,Not Applicable
S3180,Student,13-17,Female,7,Studying,True,1,True,False,False,None,N/A,None,None,False,Low,Not Applicable
S3181,Student,13-17,Female,3,Studying,True,2,True,True,True,None,False,None,Depression; Anxiety,True,High,Certain
S3182,Student,9-12,Female,0,Studying,True,3,False,False,False,None,N/A,None,None,False,Medium,Not Applicable
S3183,Student,9-12,Female,1,Chatting,True,2,False,False,False,None,N/A,None,None,True,High,Not Applicable
S3184,Student,9-12,Female,3,Chatting,True,2,True,False,True,Defamation,True,School Counselor,Academic Decline,True,High,Unsure
S3185,Student,9-12,Male,0,Studying,True,3,True,False,False,None,N/A,None,None,False,Low,Not Applicable
S3186,Student,13-17,Female,4,Social Media,True,1,False,False,True,Insults,True,Teacher,None,True,Medium,Certain
S3187,Student,13-17,Female,4,Videos,True,2,True,False,False,None,N/A,None,None,False,Low,Not Applicable
S3188,Student,13-17,Male,2,Chatting,True,3,False,False,False,None,N/A,None,None,True,High,Not Applicable
S3189,Student,13-17,Female,2,Social Media,True,1,False,False,False,None,N/A,None,None,True,High,Not Applicable
S3190,Student,13-17,Female,2,Studying,True,1,True,False,False,None,N/A,None,None,True,Medium,Not Applicable
S3191,Student,13-17,Female,5,Social Media,True,1,True,True,True,Insults; Defamation,False,None,Insomnia; Depression,False,Medium,Certain
S3192,Student,13-17,Male,1,Studying,False,1,True,False,True,Insults; Exclusion,False,None,Academic Decline,True,Medium,Unsure
S3193,Student,9-12,Female,3,Studying,True,1,False,False,False,None,N/A,None,None,False,Medium,Not Applicable
S3194,Student,9-12,Female,1,Gaming,True,1,True,False,False,None,N/A,None,None,True,High,Not Applicable
S3195,Student,13-17,Male,4,Videos,True,2,False,False,False,None,N/A,None,None,True,Medium,Not Applicable
S3196,Student,9-12,Female,2,Gaming,True,1,True,True,False,None,N/A,None,None,False,Low,Not Applicable
S3197,Student,13-17,Male,7,Chatting,True,3,False,False,True,Insults; Threats,True,Teacher,None,True,Medium,Certain
S3198,Student,9-12,Male,3,Chatting,True,1,False,False,False,None,N/A,None,None,True,Medium,Not Applicable
S3199,Student,9-12,Male,3,Gaming,True,1,True,True,False,None,N/A,None,None,False,Low,Not Applicable
S3200,Student,9-12,Male,3,Chatting,True,4,True,False,False,None,N/A,None,None,True,High,Not Applicable
S3201,Student,13-17,Female,4,Videos,True,1,False,False,True,Insults,False,None,None,True,High,Unsure
S3202,Student,13-17,Male,8,Chatting,True,1,True,False,True,None,True,School Counselor,Insomnia,True,High,Certain
S3203,Student,9-12,Male,0,Social Media,True,1,False,False,False,None,N/A,None,None,True,Medium,Not Applicable
S3204,Student,9-12,Female,1,Chatting,True,1,False,False,True,Insults,True,Friend,Depression,True,High,Certain
S3205,Student,9-12,Female,4,Videos,True,2,True,False,True,Insults; Defamation,True,Family,None,True,High,Certain
S3206,Student,9-12,Female,3,Studying,True,1,False,False,True,Insults; Exclusion,False,None,None,True,High,Unsure
S3207,Student,13-17,Female,5,Social Media,True,1,False,False,False,None,N/A,None,None,False,Medium,Not Applicable
S3208,Student,9-12,Female,4,Chatting,True,1,False,False,True,Insults; Threats,True,Friend,Insomnia,True,Medium,Certain
S3209,Student,9-12,Female,1,Social Media,True,3,False,False,False,None,N/A,None,None,False,Low,Not Applicable
S3210,Student,13-17,Male,6,Videos,True,4,True,False,False,None,N/A,None,None,True,High,Not Applicable
S3211,Student,9-12,Male,3,Videos,True,1,True,True,False,None,N/A,None,None,True,Medium,Not Applicable
S3212,Student,13-17,Male,6,Chatting,True,4,True,True,True,None,True,Family,Insomnia; Depression,True,Medium,Unsure
S3213,Student,13-17,Female,4,Social Media,True,4,False,False,False,None,N/A,None,None,True,Medium,Not Applicable
S3214,Student,13-17,Female,1,Studying,True,2,False,False,False,None,N/A,None,None,False,Low,Not Applicable
S3215,Student,13-17,Male,1,Social Media,True,1,False,False,True,Insults; Defamation,True,Teacher,Insomnia,False,Low,Certain
S3216,Student,9-12,Female,0,Gaming,True,1,False,False,True,Defamation,False,None,None,True,High,Certain
S3217,Student,13-17,Female,5,Social Media,True,4,True,True,True,Defamation; Exclusion,False,None,Academic Decline; Anxiety,False,Low,Unsure
S3218,Student,13-17,Male,8,Videos,False,1,False,False,True,Insults; Defamation,True,Teacher,None,True,High,Unsure
S3219,Student,9-12,Female,4,Videos,True,2,True,True,False,None,N/A,None,None,False,Low,Not Applicable
S3220,Student,9-12,Male,0,Gaming,True,4,True,True,False,None,N/A,None,None,True,High,Not Applicable
S3221,Student,13-17,Female,8,Videos,True,4,True,True,False,None,N/A,None,None,False,Low,Not Applicable
S3222,Student,13-17,Female,6,Gaming,True,1,False,False,True,Insults; Defamation,True,Teacher,Insomnia; Academic Decline,False,Low,Unsure
S3223,Student,13-17,Male,6,Studying,True,2,True,False,True,Defamation,True,School Counselor,Loss of Appetite,True,Medium,Unsure
S3224,Student,13-17,Female,5,Studying,False,1,True,True,False,None,N/A,None,None,True,Medium,Not Applicable
S3225,Student,9-12,Female,0,Studying,False,1,True,False,False,None,N/A,None,None,True,Medium,Not Applicable
S3226,Student,13-17,Male,6,Chatting,True,1,True,False,True,None,True,Family,Academic Decline,True,Medium,Certain
S3227,Student,13-17,Male,4,Chatting,True,3,False,False,False,None,N/A,None,None,True,High,Not Applicable
S3228,Student,13-17,Male,3,Chatting,True,1,True,False,True,Insults; Defamation,True,School Counselor,Insomnia; Depression,False,Low,Unsure
S3229,Student,13-17,Female,5,Social Media,True,1,True,False,False,None,N/A,None,None,True,High,Not Applicable
S3230,Student,13-17,Female,4,Studying,True,1,False,False,False,None,N/A,None,None,True,High,Not Applicable
S3231,Student,9-12,Female,1,Studying,True,4,True,True,False,None,N/A,None,None,False,Low,Not Applicable
S3232,Student,13-17,Female,4,Chatting,True,2,True,True,True,None,False,None,Academic Decline; Anxiety; Loss of Appetite,True,High,Unsure
S3233,Student,13-17,Female,2,Studying,True,1,True,True,True,None,True,Teacher,Anxiety,False,Low,Certain
S3234,Student,13-17,Female,2,Chatting,True,1,True,True,True,Insults; Defamation; Exclusion; Threats; Sexual Harassment,True,Friend,Academic Decline,False,Low,Certain
S3235,Student,13-17,Female,4,Studying,False,1,True,False,True,None,True,Friend,Academic Decline; Depression,False,Low,Unsure
S3236,Student,13-17,Female,1,Studying,True,1,True,False,True,None,True,Teacher,Insomnia,False,Low,Unsure
S3237,Student,9-12,Female,1,Studying,True,1,False,False,False,None,N/A,None,None,False,Low,Not Applicable
S3238,Student,13-17,Male,8,Chatting,True,1,True,True,True,Defamation; Threats,True,Family,Insomnia,False,Low,Unsure
S3239,Student,13-17,Male,3,Chatting,True,1,True,True,True,Insults,False,None,Academic Decline; Anxiety,False,Medium,Unsure
S3240,Student,13-17,Female,1,Social Media,True,2,True,True,True,Defamation,False,None,Academic Decline,True,High,Unsure
S3241,Student,9-12,Male,1,Social Media,False,1,False,False,False,None,N/A,None,None,False,Low,Not Applicable
S3242,Student,9-12,Female,2,Videos,True,1,True,True,False,None,N/A,None,None,True,High,Not Applicable
S3243,Student,9-12,Female,3,Social Media,False,2,False,False,False,None,N/A,None,None,False,Medium,Not Applicable
S3244,Student,9-12,Female,2,Social Media,True,1,True,True,False,None,N/A,None,None,True,High,Not Applicable
S3245,Student,13-17,Male,6,Social Media,False,1,True,False,True,Threats,False,None,Insomnia,False,Low,Certain
S3246,Student,9-12,Female,3,Social Media,True,1,True,False,True,None,True,School Counselor,Academic Decline,False,Medium,Certain
S3247,Student,13-17,Male,5,Studying,True,1,True,False,False,None,N/A,None,None,False,Low,Not Applicable
S3248,Student,13-17,Male,6,Videos,True,1,True,True,False,None,N/A,None,None,False,Medium,Not Applicable
S3249,Student,9-12,Male,4,Social Media,True,1,True,False,False,None,N/A,None,None,False,Low,Not Applicable
S3250,Student,13-17,Female,1,Videos,True,1,False,False,True,Exclusion,True,Friend,Depression,True,High,Unsure
S3251,Student,9-12,Female,0,Videos,True,1,False,False,False,None,N/A,None,None,False,Low,Not Applicable
S3252,Student,13-17,Female,1,Gaming,True,1,False,False,True,Insults; Sexual Harassment,True,Friend,Insomnia,False,Low,Certain
S3253,Student,9-12,Female,2,Chatting,True,1,True,True,False,None,N/A,None,None,True,Medium,Not Applicable
S3254,Student,13-17,Female,2,Videos,False,2,True,False,True,Threats,True,Friend,Academic Decline; Anxiety,False,Medium,Certain
S3255,Student,13-17,Male,3,Chatting,True,1,True,True,True,Insults,True,Friend,Academic Decline,False,Low,Certain
S3256,Student,13-17,Female,5,Social Media,True,1,True,False,False,None,N/A,None,None,True,High,Not Applicable
S3257,Student,13-17,Female,1,Gaming,True,1,True,True,True,Insults,False,None,Insomnia,False,Low,Unsure
S3258,Student,9-12,Female,2,Chatting,True,4,False,False,True,None,False,None,Academic Decline,True,Medium,Unsure
S3259,Student,9-12,Male,1,Social Media,True,1,False,False,False,None,N/A,None,None,False,Low,Not Applicable
S3260,Student,13-17,Male,6,Videos,False,4,True,False,True,Exclusion,False,None,Loss of Appetite,False,Medium,Unsure
S3261,Student,9-12,Male,3,Gaming,True,1,True,False,False,None,N/A,None,None,True,Medium,Not Applicable
S3262,Student,13-17,Male,6,Chatting,True,1,False,False,True,Insults,False,None,None,False,Low,Unsure
S3263,Student,13-17,Male,4,Videos,True,1,False,False,False,None,N/A,None,None,True,Medium,Not Applicable
S3264,Student,9-12,Male,4,Gaming,True,1,False,False,False,None,N/A,None,None,False,Low,Not Applicable
S3265,Student,9-12,Male,2,Social Media,True,1,True,True,False,None,N/A,None,None,False,Low,Not Applicable
S3266,Student,13-17,Male,7,Videos,True,1,False,False,True,Insults,False,None,None,False,Low,Certain
S3267,Student,13-17,Female,4,Studying,True,1,True,False,False,None,N/A,None,None,False,Medium,Not Applicable
S3268,Student,13-17,Male,7,Social Media,True,1,True,True,True,Insults; Defamation; Threats,True,School Counselor,Insomnia; Academic Decline,False,Low,Unsure
S3269,Student,13-17,Male,3,Videos,True,1,True,True,True,Insults; Defamation,True,Family,Anxiety,False,Low,Certain
S3270,Student,13-17,Female,8,Videos,True,1,False,False,True,Insults,True,School Counselor,Academic Decline; Loss of Appetite,False,Low,Certain
S3271,Student,13-17,Male,5,Gaming,True,1,False,False,True,None,True,Teacher,None,True,Medium,Certain
S3272,Student,13-17,Male,5,Studying,True,1,False,False,True,None,False,None,Academic Decline,True,High,Unsure
S3273,Student,13-17,Male,1,Social Media,True,1,True,True,True,Insults; Defamation,False,None,None,False,Medium,Unsure
S3274,Student,9-12,Female,2,Chatting,True,1,True,False,False,None,N/A,None,None,True,Medium,Not Applicable
S3275,Student,13-17,Female,5,Studying,True,2,True,False,True,None,True,Teacher,Insomnia; Academic Decline,False,Low,Unsure
S3276,Student,13-17,Female,2,Videos,True,1,False,False,False,None,N/A,None,None,True,Medium,Not Applicable
S3277,Student,9-12,Female,0,Gaming,True,1,False,False,False,None,N/A,None,None,False,Low,Not Applicable
S3278,Student,13-17,Male,4,Chatting,True,3,True,False,True,Defamation,False,None,None,True,Medium,Certain
S3279,Student,13-17,Female,8,Gaming,True,1,True,False,False,None,N/A,None,None,False,Low,Not Applicable
S3280,Student,13-17,Female,8,Social Media,True,3,True,False,False,None,N/A,None,None,True,Medium,Not Applicable
S3281,Student,9-12,Male,3,Social Media,True,1,True,False,True,Insults; Defamation,True,Teacher,Depression,True,High,Certain
S3282,Student,13-17,Male,8,Chatting,True,3,True,False,True,Insults; Defamation,False,None,None,True,Medium,Certain
S3283,Student,13-17,Male,8,Studying,True,2,True,False,False,None,N/A,None,None,True,High,Not Applicable
S3284,Student,13-17,Male,1,Videos,True,1,True,False,False,None,N/A,None,None,True,High,Not Applicable
S3285,Student,13-17,Female,5,Social Media,True,1,True,False,False,None,N/A,None,None,False,Low,Not Applicable
S3286,Student,13-17,Female,4,Studying,True,2,True,True,True,Insults,False,None,None,True,Medium,Certain
S3287,Student,13-17,Female,4,Gaming,True,1,False,False,True,Insults,True,School Counselor,Insomnia,False,Medium,Unsure
S3288,Student,9-12,Female,2,Gaming,True,1,False,False,True,None,False,None,Insomnia,True,Medium,Unsure
S3289,Student,9-12,Male,4,Studying,True,1,True,False,False,None,N/A,None,None,False,Medium,Not Applicable
S3290,Student,13-17,Female,7,Social Media,True,3,True,False,True,Insults,True,Teacher,Loss of Appetite,True,Medium,Unsure
S3291,Student,13-17,Female,2,Chatting,True,1,True,True,True,None,False,None,None,True,High,Certain
S3292,Student,13-17,Female,6,Chatting,True,1,False,False,True,Insults; Threats,False,None,Depression; Loss of Appetite,False,Low,Unsure
S3293,Student,13-17,Male,4,Studying,True,1,False,False,True,None,False,None,Academic Decline,True,High,Unsure
S3294,Student,9-12,Male,2,Gaming,True,4,False,False,True,Insults,False,None,Academic Decline,False,Low,Certain
S3295,Student,9-12,Female,2,Studying,True,1,True,False,True,Threats,True,Friend,Insomnia; Academic Decline; Depression,True,High,Unsure
S3296,Student,13-17,Male,2,Chatting,True,1,True,True,False,None,N/A,None,None,False,Low,Not Applicable
S3297,Student,13-17,Female,4,Social Media,True,1,True,True,False,None,N/A,None,None,False,Medium,Not Applicable
S3298,Student,9-12,Female,4,Social Media,True,1,False,False,True,Insults; Defamation; Exclusion; Threats,True,Teacher,None,False,Medium,Certain
S3299,Student,13-17,Male,5,Chatting,False,1,False,False,True,Insults,True,Family,Anxiety,True,Medium,Unsure
S3300,Student,13-17,Female,1,Studying,True,3,False,False,False,None,N/A,None,None,True,Medium,Not Applicable
S3301,Student,13-17,Female,4,Gaming,True,1,True,True,False,None,N/A,None,None,False,Low,Not Applicable
S3302,Student,13-17,Male,5,Social Media,True,1,True,True,True,Insults,False,None,Insomnia; Academic Decline; Depression,True,High,Unsure
S3303,Student,13-17,Male,4,Gaming,True,1,True,True,True,None,True,Friend,Academic Decline; Anxiety,False,Medium,Certain
S3304,Student,13-17,Female,7,Studying,True,1,True,True,False,None,N/A,None,None,False,Low,Not Applicable
S3305,Student,9-12,Female,2,Social Media,True,1,True,False,True,Insults; Threats,True,Friend,Academic Decline,False,Low,Certain
S3306,Student,13-17,Female,8,Social Media,True,1,False,False,False,None,N/A,None,None,False,Medium,Not Applicable
S3307,Student,13-17,Male,8,Gaming,True,1,False,False,True,None,False,None,Insomnia; Depression; Loss of Appetite,True,Medium,Certain
S3308,Student,9-12,Male,3,Chatting,True,1,True,True,False,None,N/A,None,None,True,Medium,Not Applicable
S3309,Student,13-17,Female,8,Videos,True,1,True,False,True,Insults; Exclusion,True,Friend,Depression,True,Medium,Certain
S3310,Student,13-17,Female,1,Social Media,True,1,False,False,True,Exclusion; Threats,True,Family,Academic Decline,True,High,Certain
S3311,Student,9-12,Male,3,Videos,True,3,True,True,False,None,N/A,None,None,False,Low,Not Applicable
S3312,Student,9-12,Female,4,Videos,True,4,True,False,True,Insults; Exclusion,True,Teacher,Anxiety; Loss of Appetite,False,Medium,Certain
S3313,Student,13-17,Female,1,Videos,True,1,False,False,False,None,N/A,None,None,True,Medium,Not Applicable
S3314,Student,13-17,Female,4,Social Media,True,4,True,False,False,None,N/A,None,None,False,Low,Not Applicable
S3315,Student,13-17,Female,4,Gaming,True,1,False,False,True,Insults,True,Teacher,None,False,Medium,Certain
S3316,Student,13-17,Male,7,Social Media,True,3,True,False,True,Insults; Exclusion,True,School Counselor,Insomnia; Academic Decline; Depression,True,Medium,Certain
S3317,Student,13-17,Female,1,Videos,True,1,False,False,True,Insults; Defamation,True,Friend,None,True,High,Unsure
S3318,Student,13-17,Male,4,Chatting,True,4,False,False,True,Insults; Defamation,False,None,Academic Decline,False,Low,Certain
S3319,Student,9-12,Male,3,Social Media,True,2,True,True,False,None,N/A,None,None,True,High,Not Applicable
S3320,Student,13-17,Female,4,Studying,True,1,False,False,True,Exclusion; Threats; Sexual Harassment,True,Family,Academic Decline; Anxiety,True,Medium,Certain
S3321,Student,13-17,Female,6,Gaming,True,1,False,False,False,None,N/A,None,None,True,Medium,Not Applicable
S3322,Student,13-17,Male,1,Videos,True,1,True,False,False,None,N/A,None,None,False,Low,Not Applicable
S3323,Student,13-17,Male,4,Gaming,True,1,True,False,True,Insults,True,School Counselor,None,True,High,Unsure
S3324,Student,13-17,Male,6,Chatting,False,1,False,False,False,None,N/A,None,None,True,High,Not Applicable
S3325,Student,13-17,Female,1,Gaming,True,1,False,False,True,None,False,None,Anxiety,False,Low,Unsure
S3326,Student,13-17,Female,6,Social Media,True,1,True,True,True,Insults; Defamation,False,None,Insomnia; Academic Decline,True,High,Certain
S3327,Student,13-17,Female,3,Videos,True,1,False,False,True,Insults; Defamation,False,None,Depression,False,Low,Unsure
S3328,Student,13-17,Female,2,Studying,True,1,True,False,True,None,True,School Counselor,Insomnia,True,High,Certain
S3329,Student,13-17,Male,7,Gaming,True,1,True,False,False,None,N/A,None,None,True,High,Not Applicable
S3330,Student,9-12,Male,4,Chatting,True,1,True,True,False,None,N/A,None,None,True,Medium,Not Applicable
S3331,Student,13-17,Male,1,Videos,True,1,True,True,False,None,N/A,None,None,False,Medium,Not Applicable
S3332,Student,9-12,Female,1,Studying,True,1,False,False,False,None,N/A,None,None,False,Medium,Not Applicable
S3333,Student,9-12,Male,1,Gaming,True,1,True,True,False,None,N/A,None,None,True,High,Not Applicable
S3334,Student,13-17,Female,4,Chatting,True,1,True,True,False,None,N/A,None,None,True,Medium,Not Applicable
S3335,Student,13-17,Female,7,Chatting,True,4,False,False,False,None,N/A,None,None,False,Medium,Not Applicable
S3336,Student,13-17,Male,4,Videos,True,1,False,False,False,None,N/A,None,None,True,High,Not Applicable
S3337,Student,13-17,Male,8,Studying,True,1,False,False,True,Insults; Defamation; Exclusion,False,None,Loss of Appetite,True,High,Certain
S3338,Student,13-17,Male,3,Gaming,True,3,True,True,False,None,N/A,None,None,True,High,Not Applicable
S3339,Student,13-17,Female,2,Gaming,True,1,True,False,False,None,N/A,None,None,True,High,Not Applicable
S3340,Student,13-17,Male,6,Videos,True,4,False,False,True,Insults; Defamation,True,Friend,Insomnia; Academic Decline,False,Medium,Unsure
S3341,Student,13-17,Female,8,Studying,True,2,True,True,False,None,N/A,None,None,True,Medium,Not Applicable
S3342,Student,9-12,Male,4,Gaming,False,1,False,False,True,Insults; Defamation,True,Friend,Insomnia,True,Medium,Unsure
S3343,Student,13-17,Female,2,Gaming,True,1,False,False,True,Insults,True,Friend,None,False,Medium,Certain
S3344,Student,13-17,Female,8,Videos,True,1,True,True,False,None,N/A,None,None,True,Medium,Not Applicable
S3345,Student,9-12,Female,4,Chatting,True,1,True,True,False,None,N/A,None,None,False,Medium,Not Applicable
S3346,Student,13-17,Female,1,Social Media,True,1,False,False,True,Insults,True,Teacher,None,False,Low,Certain
S3347,Student,13-17,Female,5,Studying,True,1,True,True,False,None,N/A,None,None,True,Medium,Not Applicable
S3348,Student,9-12,Male,3,Chatting,True,1,False,False,False,None,N/A,None,None,False,Low,Not Applicable
S3349,Student,13-17,Male,3,Studying,True,2,True,False,True,Insults; Exclusion,True,Teacher,Depression,False,Medium,Unsure
S3350,Student,13-17,Male,3,Chatting,True,1,True,True,False,None,N/A,None,None,False,Low,Not Applicable
S3351,Student,13-17,Female,8,Videos,True,3,False,False,True,Insults; Sexual Harassment,False,None,Insomnia,False,Low,Certain
S3352,Student,13-17,Female,2,Social Media,True,1,False,False,False,None,N/A,None,None,False,Low,Not Applicable
S3353,Student,9-12,Male,3,Social Media,True,1,False,False,False,None,N/A,None,None,True,Medium,Not Applicable
S3354,Student,13-17,Female,7,Gaming,True,1,False,False,False,None,N/A,None,None,True,Medium,Not Applicable
S3355,Student,9-12,Male,4,Social Media,False,3,True,False,True,Insults,False,None,None,True,High,Unsure
S3356,Student,9-12,Female,2,Chatting,False,1,False,False,False,None,N/A,None,None,True,Medium,Not Applicable
S3357,Student,13-17,Male,7,Chatting,True,1,True,False,True,Defamation,False,None,Loss of Appetite,True,Medium,Certain
S3358,Student,13-17,Female,8,Chatting,False,4,False,False,False,None,N/A,None,None,True,High,Not Applicable
S3359,Student,13-17,Female,4,Videos,True,1,False,False,True,Insults,True,School Counselor,None,False,Low,Unsure
S3360,Student,13-17,Female,1,Gaming,False,1,True,False,True,None,False,None,Academic Decline,False,Low,Unsure
S3361,Student,13-17,Female,3,Social Media,True,1,True,False,False,None,N/A,None,None,False,Low,Not Applicable
S3362,Student,9-12,Male,4,Social Media,True,1,False,False,True,Defamation; Exclusion,True,Family,Insomnia,True,High,Certain
S3363,Student,13-17,Female,1,Videos,True,1,False,False,True,Insults; Defamation,True,School Counselor,None,False,Low,Unsure
S3364,Student,9-12,Female,4,Videos,True,3,False,False,False,None,N/A,None,None,True,High,Not Applicable
S3365,Student,13-17,Female,3,Studying,True,3,True,False,True,Insults; Threats,False,None,Academic Decline,True,Medium,Unsure
S3366,Student,13-17,Female,7,Social Media,True,2,True,True,False,None,N/A,None,None,True,High,Not Applicable
S3367,Student,13-17,Male,1,Social Media,True,1,True,False,False,None,N/A,None,None,False,Low,Not Applicable
S3368,Student,13-17,Male,4,Social Media,True,1,False,False,True,Insults,False,None,Academic Decline,False,Medium,Certain
S3369,Student,9-12,Male,2,Gaming,True,1,False,False,False,None,N/A,None,None,False,Low,Not Applicable
S3370,Student,9-12,Female,2,Studying,True,3,False,False,True,Insults,False,None,None,True,High,Certain
S3371,Student,9-12,Female,4,Videos,True,1,False,False,False,None,N/A,None,None,False,Low,Not Applicable
S3372,Student,9-12,Male,2,Gaming,True,3,True,False,False,None,N/A,None,None,True,Medium,Not Applicable
S3373,Student,13-17,Female,7,Social Media,True,1,True,True,True,Insults; Defamation,False,None,Loss of Appetite,False,Low,Certain
S3374,Student,13-17,Male,5,Studying,True,2,False,False,False,None,N/A,None,None,False,Medium,Not Applicable
S3375,Student,13-17,Female,4,Gaming,False,1,True,True,False,None,N/A,None,None,False,Low,Not Applicable
S3376,Student,13-17,Female,4,Gaming,True,1,False,False,True,Insults,False,None,Academic Decline,True,Medium,Certain
S3377,Student,13-17,Male,8,Chatting,True,1,True,False,False,None,N/A,None,None,False,Medium,Not Applicable
S3378,Student,13-17,Female,5,Chatting,True,1,False,False,True,Threats,False,None,Anxiety,False,Low,Unsure
S3379,Student,9-12,Female,2,Chatting,True,1,False,False,False,None,N/A,None,None,True,Medium,Not Applicable
S3380,Student,9-12,Female,1,Chatting,True,1,True,True,True,Exclusion; Threats,True,Friend,Insomnia; Depression; Anxiety,False,Low,Unsure
S3381,Student,13-17,Female,4,Videos,True,3,True,True,False,None,N/A,None,None,True,Medium,Not Applicable
S3382,Student,13-17,Male,1,Studying,True,2,True,True,True,Insults; Defamation,True,School Counselor,Anxiety,True,Medium,Certain
S3383,Student,13-17,Female,7,Gaming,True,1,True,True,False,None,N/A,None,None,False,Medium,Not Applicable
S3384,Student,13-17,Female,3,Videos,False,1,True,True,True,None,True,Family,Academic Decline,True,High,Certain
S3385,Student,9-12,Female,1,Chatting,False,1,False,False,False,None,N/A,None,None,False,Low,Not Applicable
S3386,Student,13-17,Female,7,Studying,True,1,False,False,False,None,N/A,None,None,True,High,Not Applicable
S3387,Student,13-17,Male,7,Videos,True,1,False,False,True,Insults; Defamation; Sexual Harassment,True,Friend,Depression; Anxiety,True,High,Unsure
S3388,Student,9-12,Female,4,Gaming,False,1,True,True,False,None,N/A,None,None,False,Low,Not Applicable
S3389,Student,9-12,Male,0,Social Media,True,1,True,True,False,None,N/A,None,None,False,Medium,Not Applicable
S3390,Student,9-12,Female,0,Studying,True,1,False,False,False,None,N/A,None,None,True,High,Not Applicable
S3391,Student,9-12,Male,4,Gaming,True,1,True,False,False,None,N/A,None,None,False,Low,Not Applicable
S3392,Student,9-12,Female,2,Videos,True,4,False,False,False,None,N/A,None,None,False,Medium,Not Applicable
S3393,Student,9-12,Male,2,Studying,False,1,True,False,True,Insults,False,None,Academic Decline,False,Low,Unsure
S3394,Student,9-12,Male,3,Chatting,True,4,False,False,False,None,N/A,None,None,False,Low,Not Applicable
S3395,Student,13-17,Male,1,Videos,False,1,True,False,True,Insults; Exclusion,True,Teacher,Anxiety,False,Medium,Certain
S3396,Student,9-12,Female,1,Social Media,True,3,False,False,False,None,N/A,None,None,False,Low,Not Applicable
S3397,Student,9-12,Female,2,Studying,True,1,False,False,False,None,N/A,None,None,True,Medium,Not Applicable
S3398,Student,9-12,Female,1,Gaming,True,1,True,True,False,None,N/A,None,None,False,Low,Not Applicable
S3399,Student,13-17,Female,4,Social Media,True,1,False,False,False,None,N/A,None,None,False,Low,Not Applicable
S3400,Student,13-17,Female,4,Videos,True,1,False,False,True,Insults; Defamation,False,None,Academic Decline,False,Low,Unsure
S3401,Student,13-17,Female,5,Social Media,True,4,False,False,False,None,N/A,None,None,False,Low,Not Applicable
S3402,Student,9-12,Male,0,Videos,False,3,False,False,True,Threats,False,None,Academic Decline; Depression,False,Low,Certain
S3403,Student,13-17,Female,4,Videos,True,1,True,True,False,None,N/A,None,None,True,High,Not Applicable
S3404,Student,13-17,Male,5,Videos,True,2,False,False,True,Defamation,True,School Counselor,Insomnia,False,Low,Unsure
S3405,Student,13-17,Female,7,Studying,False,2,True,False,False,None,N/A,None,None,True,Medium,Not Applicable
S3406,Student,13-17,Male,7,Chatting,True,3,True,False,False,None,N/A,None,None,True,Medium,Not Applicable
S3407,Student,13-17,Male,6,Gaming,True,1,True,False,False,None,N/A,None,None,False,Low,Not Applicable
S3408,Student,13-17,Female,1,Chatting,True,3,False,False,True,Insults; Defamation,False,None,Insomnia; Anxiety,True,Medium,Certain
S3409,Student,13-17,Female,3,Social Media,False,1,True,True,False,None,N/A,None,None,False,Low,Not Applicable
S3410,Student,13-17,Male,4,Chatting,True,1,False,False,True,Insults; Defamation; Exclusion,False,None,Depression,True,High,Certain
S3411,Student,13-17,Female,3,Videos,True,2,False,False,True,None,True,School Counselor,Academic Decline,False,Low,Unsure
S3412,Student,13-17,Female,6,Videos,True,1,True,False,True,Insults; Defamation,False,None,None,True,High,Certain
S3413,Student,9-12,Male,4,Gaming,True,1,False,False,True,None,True,Family,None,False,Low,Certain
S3414,Student,9-12,Female,2,Videos,True,1,True,False,True,Defamation,True,School Counselor,None,False,Low,Certain
S3415,Student,13-17,Female,6,Gaming,True,1,True,False,True,Insults; Defamation,True,Friend,None,True,Medium,Certain
S3416,Student,13-17,Male,2,Social Media,True,1,False,False,False,None,N/A,None,None,True,Medium,Not Applicable
S3417,Student,13-17,Female,4,Gaming,True,1,True,False,False,None,N/A,None,None,True,High,Not Applicable
S3418,Student,13-17,Male,7,Videos,True,1,True,False,False,None,N/A,None,None,True,Medium,Not Applicable
S3419,Student,9-12,Female,2,Videos,True,2,False,False,False,None,N/A,None,None,False,Low,Not Applicable
S3420,Student,9-12,Female,1,Chatting,True,3,False,False,False,None,N/A,None,None,True,Medium,Not Applicable
S3421,Student,13-17,Male,2,Social Media,True,4,False,False,False,None,N/A,None,None,False,Low,Not Applicable
S3422,Student,9-12,Male,0,Gaming,True,1,False,False,True,Insults,False,None,None,True,Medium,Unsure
S3423,Student,13-17,Female,6,Videos,False,1,False,False,False,None,N/A,None,None,True,Medium,Not Applicable
S3424,Student,13-17,Female,2,Social Media,True,1,False,False,False,None,N/A,None,None,True,High,Not Applicable
S3425,Student,13-17,Female,4,Videos,True,1,True,False,True,Insults; Defamation; Exclusion,False,None,Insomnia,False,Low,Unsure
S3426,Student,9-12,Female,2,Chatting,True,2,False,False,False,None,N/A,None,None,False,Medium,Not Applicable
S3427,Student,9-12,Female,3,Studying,True,1,True,True,False,None,N/A,None,None,True,Medium,Not Applicable
S3428,Student,13-17,Female,7,Chatting,True,4,True,False,True,Defamation; Exclusion,True,School Counselor,Academic Decline; Anxiety,False,Low,Certain
S3429,Student,13-17,Male,7,Studying,True,4,True,True,False,None,N/A,None,None,False,Medium,Not Applicable
S3430,Student,9-12,Male,1,Social Media,False,1,False,False,False,None,N/A,None,None,True,Medium,Not Applicable
S3431,Student,9-12,Female,4,Studying,True,1,False,False,True,Insults; Defamation,True,Teacher,None,False,Low,Unsure
S3432,Student,13-17,Female,4,Chatting,True,2,True,True,False,None,N/A,None,None,True,Medium,Not Applicable
S3433,Student,13-17,Female,8,Gaming,True,1,False,False,False,None,N/A,None,None,False,Low,Not Applicable
S3434,Student,9-12,Female,2,Videos,True,3,False,False,False,None,N/A,None,None,True,High,Not Applicable
S3435,Student,9-12,Male,2,Chatting,True,1,False,False,False,None,N/A,None,None,False,Low,Not Applicable
S3436,Student,13-17,Female,1,Chatting,True,4,False,False,True,Defamation,False,None,Academic Decline,False,Medium,Certain
S3437,Student,13-17,Male,4,Studying,True,2,False,False,True,Defamation; Exclusion; Threats,False,None,Depression,False,Low,Certain
S3438,Student,13-17,Male,1,Social Media,True,1,False,False,True,Insults; Exclusion,True,Teacher,None,False,Low,Certain
S3439,Student,9-12,Male,3,Studying,True,1,True,True,False,None,N/A,None,None,False,Low,Not Applicable
S3440,Student,13-17,Male,1,Videos,True,4,True,True,True,Insults,True,Family,Insomnia,False,Low,Certain
S3441,Student,13-17,Male,1,Studying,True,4,False,False,False,None,N/A,None,None,True,High,Not Applicable
S3442,Student,13-17,Female,8,Social Media,True,3,True,False,True,Insults; Defamation; Exclusion; Threats,True,Friend,Insomnia,True,High,Unsure
S3443,Student,13-17,Female,8,Chatting,True,1,True,False,True,Exclusion,False,None,None,False,Low,Unsure
S3444,Student,13-17,Female,4,Gaming,True,3,True,False,False,None,N/A,None,None,True,High,Not Applicable
S3445,Student,9-12,Male,4,Gaming,True,3,False,False,False,None,N/A,None,None,True,High,Not Applicable
S3446,Student,13-17,Female,2,Social Media,True,4,True,False,True,None,True,Friend,Insomnia; Depression,False,Low,Certain
S3447,Student,13-17,Female,6,Studying,False,1,False,False,True,Insults; Defamation,False,None,Academic Decline; Depression,True,Medium,Unsure
S3448,Student,13-17,Female,8,Gaming,True,1,True,True,True,Insults,False,None,Academic Decline,True,Medium,Certain
S3449,Student,9-12,Male,4,Social Media,True,1,True,False,False,None,N/A,None,None,False,Medium,Not Applicable
S3450,Student,13-17,Female,8,Chatting,True,3,False,False,False,None,N/A,None,None,False,Low,Not Applicable
S3451,Student,13-17,Male,6,Studying,False,1,True,False,True,Insults; Defamation,True,Friend,Insomnia; Academic Decline,False,Low,Certain
S3452,Student,13-17,Male,4,Videos,True,1,False,False,True,Insults,True,Friend,Academic Decline,False,Low,Certain
S3453,Student,9-12,Female,3,Chatting,True,1,True,True,False,None,N/A,None,None,False,Low,Not Applicable
S3454,Student,13-17,Male,5,Gaming,True,1,False,False,False,None,N/A,None,None,True,High,Not Applicable
S3455,Student,13-17,Female,3,Chatting,True,1,False,False,False,None,N/A,None,None,True,High,Not Applicable
S3456,Student,13-17,Male,2,Gaming,True,2,False,False,True,Sexual Harassment,True,Teacher,Insomnia; Depression,False,Low,Unsure
S3457,Student,13-17,Female,4,Gaming,True,1,False,False,True,Insults; Exclusion,False,None,None,False,Low,Unsure
S3458,Student,13-17,Female,5,Videos,True,1,True,True,True,Insults; Defamation; Exclusion,True,Friend,Insomnia; Academic Decline,False,Low,Certain
S3459,Student,13-17,Male,4,Videos,True,3,False,False,False,None,N/A,None,None,False,Low,Not Applicable
S3460,Student,13-17,Female,1,Social Media,True,1,True,True,True,Insults; Defamation,True,Teacher,Insomnia,False,Low,Certain
S3461,Student,9-12,Male,1,Studying,True,1,False,False,False,None,N/A,None,None,True,High,Not Applicable
S3462,Student,13-17,Female,1,Social Media,True,1,False,False,False,None,N/A,None,None,True,Medium,Not Applicable
S3463,Student,13-17,Male,8,Social Media,True,1,True,True,True,Exclusion,True,School Counselor,None,True,Medium,Unsure
S3464,Student,13-17,Female,1,Social Media,True,1,True,True,True,Insults; Exclusion; Threats,True,School Counselor,None,False,Medium,Certain
S3465,Student,9-12,Male,3,Gaming,True,1,False,False,False,None,N/A,None,None,False,Low,Not Applicable
S3466,Student,9-12,Female,0,Chatting,True,2,True,False,False,None,N/A,None,None,False,Low,Not Applicable
S3467,Student,13-17,Male,7,Chatting,False,3,True,True,False,None,N/A,None,None,False,Medium,Not Applicable
S3468,Student,13-17,Male,8,Chatting,True,1,False,False,True,Threats,True,School Counselor,Insomnia,False,Medium,Certain
S3469,Student,9-12,Female,3,Gaming,True,2,False,False,False,None,N/A,None,None,False,Medium,Not Applicable
S3470,Student,13-17,Female,8,Social Media,True,1,True,True,False,None,N/A,None,None,False,Low,Not Applicable
S3471,Student,9-12,Male,3,Gaming,True,1,False,False,False,None,N/A,None,None,True,Medium,Not Applicable
S3472,Student,13-17,Female,1,Videos,True,2,True,False,True,Insults,True,Friend,Anxiety,True,High,Unsure
S3473,Student,13-17,Female,1,Gaming,True,1,True,False,False,None,N/A,None,None,False,Low,Not Applicable
S3474,Student,9-12,Male,2,Studying,True,1,True,False,False,None,N/A,None,None,True,High,Not Applicable
S3475,Student,13-17,Female,8,Videos,False,1,True,False,False,None,N/A,None,None,True,High,Not Applicable
S3476,Student,9-12,Female,3,Gaming,True,4,False,False,True,Insults; Defamation,False,None,Insomnia,True,Medium,Certain
S3477,Student,13-17,Female,1,Gaming,True,1,False,False,True,Defamation; Threats,False,None,None,True,High,Certain
S3478,Student,13-17,Male,6,Chatting,True,1,True,False,False,None,N/A,None,None,False,Low,Not Applicable
S3479,Student,13-17,Female,4,Gaming,True,1,True,True,False,None,N/A,None,None,False,Low,Not Applicable
S3480,Student,13-17,Female,8,Studying,True,1,True,False,True,Defamation,False,None,Anxiety,False,Low,Unsure
S3481,Student,13-17,Female,3,Gaming,True,1,True,True,True,None,True,School Counselor,Academic Decline,False,Low,Certain
S3482,Student,9-12,Female,1,Studying,True,1,False,False,False,None,N/A,None,None,True,High,Not Applicable
S3483,Student,9-12,Male,4,Social Media,False,1,False,False,True,Insults; Defamation,True,School Counselor,Insomnia,False,Low,Unsure
S3484,Student,13-17,Female,6,Social Media,True,1,False,False,False,None,N/A,None,None,False,Low,Not Applicable
S3485,Student,9-12,Male,0,Chatting,True,4,True,False,False,None,N/A,None,None,False,Medium,Not Applicable
S3486,Student,9-12,Female,1,Chatting,True,4,False,False,True,None,True,Family,None,True,High,Unsure
S3487,Student,9-12,Male,1,Studying,True,1,True,False,False,None,N/A,None,None,False,Medium,Not Applicable
S3488,Student,9-12,Female,0,Studying,True,1,False,False,True,Insults,False,None,Insomnia; Depression,True,Medium,Unsure
S3489,Student,9-12,Female,1,Chatting,True,1,True,False,False,None,N/A,None,None,False,Low,Not Applicable
S3490,Student,9-12,Male,1,Videos,True,4,True,True,True,Defamation; Threats,False,None,None,False,Low,Certain
S3491,Student,13-17,Male,8,Videos,True,1,True,False,True,Insults,False,None,None,True,Medium,Certain
S3492,Student,13-17,Female,3,Gaming,True,1,False,False,False,None,N/A,None,None,True,High,Not Applicable
S3493,Student,13-17,Male,7,Social Media,True,3,True,False,True,Insults,False,None,Insomnia; Academic Decline,True,Medium,Certain
S3494,Student,13-17,Female,3,Chatting,True,1,True,False,True,Insults; Exclusion,False,None,Insomnia,False,Low,Certain
S3495,Student,13-17,Male,3,Videos,True,1,True,True,False,None,N/A,None,None,True,High,Not Applicable
S3496,Student,13-17,Female,1,Gaming,True,2,False,False,True,Defamation; Threats,True,Friend,Insomnia,True,High,Certain
S3497,Student,9-12,Male,2,Studying,False,1,True,False,False,None,N/A,None,None,True,High,Not Applicable
S3498,Student,9-12,Female,0,Chatting,True,1,True,True,False,None,N/A,None,None,True,High,Not Applicable
S3499,Student,13-17,Female,7,Chatting,False,1,True,False,False,None,N/A,None,None,True,High,Not Applicable
S3500,Student,13-17,Female,4,Gaming,False,1,True,True,False,None,N/A,None,None,False,Low,Not Applicable
S3501,Student,13-17,Male,3,Gaming,True,4,True,True,True,Defamation,True,School Counselor,Academic Decline,True,High,Certain
S3502,Student,9-12,Female,3,Videos,True,1,False,False,False,None,N/A,None,None,True,High,Not Applicable
S3503,Student,13-17,Male,4,Studying,True,1,True,True,True,Insults; Defamation; Threats,False,None,Insomnia; Academic Decline,True,Medium,Certain
S3504,Student,9-12,Female,0,Social Media,True,1,False,False,False,None,N/A,None,None,False,Low,Not Applicable
S3505,Student,13-17,Female,4,Gaming,True,1,True,True,False,None,N/A,None,None,False,Medium,Not Applicable
S3506,Student,9-12,Female,3,Social Media,True,1,True,True,False,None,N/A,None,None,False,Low,Not Applicable
S3507,Student,9-12,Female,3,Studying,True,1,True,True,False,None,N/A,None,None,False,Medium,Not Applicable
S3508,Student,13-17,Male,8,Social Media,True,4,True,False,False,None,N/A,None,None,True,High,Not Applicable
S3509,Student,13-17,Male,5,Gaming,True,1,True,False,True,None,True,School Counselor,Anxiety,True,Medium,Certain
S3510,Student,13-17,Male,3,Gaming,True,1,False,False,False,None,N/A,None,None,True,Medium,Not Applicable
S3511,Student,13-17,Male,4,Videos,True,1,True,True,False,None,N/A,None,None,True,Medium,Not Applicable
S3512,Student,13-17,Female,5,Studying,True,1,True,False,True,Insults,False,None,Insomnia; Depression,False,Medium,Unsure
S3513,Student,13-17,Male,4,Social Media,True,1,False,False,False,None,N/A,None,None,False,Medium,Not Applicable
S3514,Student,9-12,Male,0,Gaming,True,1,True,False,True,Insults; Exclusion; Threats,False,None,None,True,High,Certain
S3515,Student,13-17,Female,1,Chatting,True,2,True,False,False,None,N/A,None,None,True,High,Not Applicable
S3516,Student,13-17,Male,8,Social Media,True,1,True,True,False,None,N/A,None,None,False,Medium,Not Applicable
S3517,Student,9-12,Male,0,Studying,True,1,True,False,False,None,N/A,None,None,False,Low,Not Applicable
S3518,Student,13-17,Male,8,Social Media,True,1,False,False,False,None,N/A,None,None,False,Low,Not Applicable
S3519,Student,13-17,Male,4,Gaming,False,2,True,False,True,Insults,False,None,None,True,High,Unsure
S3520,Student,13-17,Female,3,Chatting,False,1,True,False,True,Insults; Sexual Harassment,False,None,Depression,True,High,Unsure
S3521,Student,9-12,Male,4,Studying,True,1,False,False,False,None,N/A,None,None,True,Medium,Not Applicable
S3522,Student,13-17,Male,1,Chatting,True,1,True,True,True,Insults; Exclusion; Threats,True,School Counselor,None,True,High,Certain
S3523,Student,13-17,Male,1,Videos,True,4,True,False,False,None,N/A,None,None,True,High,Not Applicable
S3524,Student,13-17,Male,4,Studying,True,1,False,False,True,Insults,True,Teacher,None,False,Low,Certain
S3525,Student,13-17,Male,8,Videos,True,2,False,False,False,None,N/A,None,None,False,Medium,Not Applicable
S3526,Student,13-17,Female,2,Videos,True,4,False,False,True,Insults; Threats,False,None,Insomnia,True,Medium,Unsure
S3527,Student,13-17,Male,1,Gaming,True,4,False,False,True,Insults; Defamation; Exclusion,True,Friend,Insomnia,True,Medium,Unsure
S3528,Student,9-12,Male,3,Social Media,True,2,False,False,False,None,N/A,None,None,False,Low,Not Applicable
S3529,Student,9-12,Female,3,Gaming,False,1,True,True,False,None,N/A,None,None,True,Medium,Not Applicable
S3530,Student,13-17,Female,8,Chatting,True,4,True,False,False,None,N/A,None,None,True,Medium,Not Applicable
S3531,Student,9-12,Male,0,Videos,True,1,True,False,False,None,N/A,None,None,False,Medium,Not Applicable
S3532,Student,9-12,Female,0,Gaming,True,3,False,False,False,None,N/A,None,None,False,Medium,Not Applicable
S3533,Student,13-17,Male,1,Gaming,True,1,True,True,False,None,N/A,None,None,True,High,Not Applicable
S3534,Student,9-12,Female,3,Chatting,True,1,True,False,False,None,N/A,None,None,False,Low,Not Applicable
S3535,Student,13-17,Male,6,Studying,True,1,False,False,True,Insults,True,Family,None,True,Medium,Unsure
S3536,Student,13-17,Male,4,Social Media,True,1,True,False,False,None,N/A,None,None,False,Low,Not Applicable
S3537,Student,9-12,Male,1,Gaming,True,1,True,True,False,None,N/A,None,None,True,Medium,Not Applicable
S3538,Student,9-12,Female,1,Chatting,True,1,False,False,False,None,N/A,None,None,True,High,Not Applicable
S3539,Student,13-17,Male,6,Videos,True,1,False,False,True,Insults; Threats,False,None,Insomnia,True,High,Certain
S3540,Student,13-17,Male,4,Chatting,True,3,True,False,False,None,N/A,None,None,True,High,Not Applicable
S3541,Student,13-17,Female,8,Gaming,True,1,False,False,True,Defamation,False,None,None,True,Medium,Certain
S3542,Student,9-12,Male,1,Gaming,True,1,False,False,True,Insults; Exclusion,False,None,Depression; Anxiety,False,Low,Unsure
S3543,Student,9-12,Female,0,Videos,True,1,True,False,False,None,N/A,None,None,True,Medium,Not Applicable
S3544,Student,13-17,Female,5,Gaming,True,3,True,False,False,None,N/A,None,None,True,Medium,Not Applicable
S3545,Student,13-17,Male,7,Chatting,True,4,True,False,False,None,N/A,None,None,True,High,Not Applicable
S3546,Student,13-17,Female,1,Videos,False,2,True,False,False,None,N/A,None,None,True,Medium,Not Applicable
S3547,Student,13-17,Male,4,Studying,True,3,True,False,False,None,N/A,None,None,False,Low,Not Applicable
S3548,Student,13-17,Male,3,Videos,False,2,True,True,False,None,N/A,None,None,True,High,Not Applicable
S3549,Student,9-12,Male,1,Studying,True,1,False,False,True,Insults,True,Teacher,Academic Decline; Depression; Anxiety,False,Low,Certain
S3550,Student,13-17,Female,3,Gaming,True,1,False,False,False,None,N/A,None,None,False,Low,Not Applicable
S3551,Student,9-12,Male,3,Gaming,True,1,False,False,False,None,N/A,None,None,True,Medium,Not Applicable
S3552,Student,13-17,Female,3,Chatting,True,3,False,False,False,None,N/A,None,None,True,Medium,Not Applicable
S3553,Student,13-17,Male,3,Chatting,True,1,True,True,False,None,N/A,None,None,True,High,Not Applicable
S3554,Student,13-17,Male,7,Social Media,True,4,True,False,True,Insults; Exclusion,False,None,None,True,High,Certain
S3555,Student,13-17,Female,4,Social Media,True,1,False,False,False,None,N/A,None,None,True,Medium,Not Applicable
S3556,Student,13-17,Female,7,Videos,True,1,True,False,True,Exclusion,False,None,Academic Decline,True,Medium,Certain
S3557,Student,13-17,Male,5,Gaming,True,1,True,False,True,Insults; Defamation; Exclusion; Threats,True,Teacher,None,True,Medium,Unsure
S3558,Student,13-17,Female,6,Videos,True,4,True,False,True,Insults; Defamation; Threats,True,School Counselor,Depression; Anxiety; Loss of Appetite,False,Low,Certain
S3559,Student,13-17,Male,7,Chatting,True,4,False,False,False,None,N/A,None,None,False,Low,Not Applicable
S3560,Student,9-12,Male,1,Studying,True,1,False,False,False,None,N/A,None,None,True,High,Not Applicable
S3561,Student,9-12,Female,4,Chatting,True,4,False,False,True,Insults; Defamation,True,School Counselor,Insomnia; Academic Decline,False,Low,Unsure
S3562,Student,9-12,Male,2,Chatting,True,1,False,False,False,None,N/A,None,None,False,Low,Not Applicable
S3563,Student,13-17,Female,4,Social Media,True,1,True,False,True,Insults; Defamation,True,Family,Academic Decline,False,Medium,Unsure
S3564,Student,13-17,Female,7,Gaming,True,1,True,False,False,None,N/A,None,None,False,Low,Not Applicable
S3565,Student,9-12,Male,0,Social Media,True,3,False,False,True,Defamation; Exclusion,False,None,Depression,True,Medium,Unsure
S3566,Student,9-12,Female,4,Chatting,True,3,True,True,False,None,N/A,None,None,False,Medium,Not Applicable
S3567,Student,13-17,Male,5,Studying,True,1,False,False,True,Defamation,True,Family,Depression; Anxiety,False,Low,Unsure
S3568,Student,13-17,Male,8,Social Media,True,1,False,False,False,None,N/A,None,None,True,High,Not Applicable
S3569,Student,13-17,Female,2,Social Media,True,1,False,False,True,None,False,None,None,True,High,Certain
S3570,Student,13-17,Female,3,Social Media,True,1,False,False,False,None,N/A,None,None,False,Low,Not Applicable
S3571,Student,13-17,Female,5,Studying,True,4,True,False,False,None,N/A,None,None,True,Medium,Not Applicable
S3572,Student,13-17,Female,3,Chatting,True,4,True,False,True,Insults,False,None,Academic Decline,False,Low,Certain
S3573,Student,13-17,Female,2,Social Media,True,1,False,False,False,None,N/A,None,None,False,Low,Not Applicable
S3574,Student,13-17,Female,4,Videos,True,4,False,False,True,Insults,False,None,Depression,True,High,Certain
S3575,Student,13-17,Male,5,Social Media,True,1,False,False,True,Insults,False,None,Insomnia; Anxiety,False,Medium,Certain
S3576,Student,13-17,Male,2,Videos,True,2,True,False,False,None,N/A,None,None,False,Low,Not Applicable
S3577,Student,9-12,Female,1,Gaming,True,1,True,False,False,None,N/A,None,None,False,Low,Not Applicable
S3578,Student,9-12,Male,1,Chatting,True,1,False,False,True,Defamation,True,Friend,None,False,Medium,Certain
S3579,Student,13-17,Male,6,Chatting,True,1,True,False,True,Sexual Harassment,False,None,None,False,Medium,Certain
S3580,Student,13-17,Female,7,Gaming,True,1,False,False,True,Insults; Exclusion,False,None,Academic Decline; Anxiety,True,High,Certain
S3581,Student,13-17,Female,2,Chatting,True,1,True,True,False,None,N/A,None,None,True,High,Not Applicable
S3582,Student,13-17,Female,6,Studying,True,1,True,False,True,Defamation; Exclusion,True,School Counselor,Academic Decline,False,Low,Certain
S3583,Student,13-17,Male,8,Gaming,True,1,True,True,True,Insults,True,Friend,None,False,Low,Unsure
S3584,Student,13-17,Female,6,Chatting,True,1,True,False,True,Insults,True,School Counselor,Academic Decline,False,Low,Certain
S3585,Student,13-17,Female,8,Chatting,True,1,True,False,False,None,N/A,None,None,False,Medium,Not Applicable
S3586,Student,13-17,Female,4,Studying,False,3,True,False,True,Insults; Defamation,False,None,Insomnia; Depression,True,Medium,Unsure
S3587,Student,9-12,Female,1,Social Media,True,1,True,False,False,None,N/A,None,None,False,Low,Not Applicable
S3588,Student,13-17,Female,2,Videos,True,1,True,False,False,None,N/A,None,None,True,Medium,Not Applicable
S3589,Student,9-12,Male,0,Videos,True,1,True,False,False,None,N/A,None,None,True,High,Not Applicable
S3590,Student,13-17,Female,5,Social Media,True,1,True,False,False,None,N/A,None,None,True,High,Not Applicable
S3591,Student,13-17,Female,4,Social Media,True,1,True,False,False,None,N/A,None,None,True,High,Not Applicable
S3592,Student,13-17,Male,4,Videos,True,1,True,False,True,Exclusion,True,Teacher,Academic Decline; Depression,False,Medium,Unsure
S3593,Student,13-17,Female,1,Social Media,False,4,False,False,False,None,N/A,None,None,True,Medium,Not Applicable
S3594,Student,9-12,Female,3,Social Media,True,3,False,False,False,None,N/A,None,None,True,Medium,Not Applicable
S3595,Student,9-12,Male,3,Gaming,True,1,False,False,True,Insults; Defamation,False,None,None,False,Low,Certain
S3596,Student,13-17,Female,8,Gaming,True,1,False,False,False,None,N/A,None,None,True,Medium,Not Applicable
S3597,Student,13-17,Female,4,Videos,True,1,True,True,True,Defamation,True,Teacher,Insomnia; Depression,False,Medium,Unsure
S3598,Student,13-17,Male,8,Gaming,True,2,False,False,True,Insults; Defamation; Exclusion,False,None,Insomnia; Academic Decline,False,Low,Certain
S3599,Student,13-17,Female,4,Videos,True,3,True,False,True,None,True,Family,Insomnia,True,High,Certain
S3600,Student,9-12,Male,3,Chatting,True,3,True,True,True,Insults; Defamation,False,None,Anxiety,False,Medium,Unsure
S3601,Student,9-12,Male,1,Social Media,True,1,False,False,False,None,N/A,None,None,True,High,Not Applicable
S3602,Student,9-12,Female,4,Gaming,True,1,False,False,False,None,N/A,None,None,False,Low,Not Applicable
S3603,Student,13-17,Male,5,Studying,True,3,False,False,True,Insults; Threats,True,Teacher,None,False,Medium,Unsure
S3604,Student,13-17,Male,4,Social Media,True,2,True,True,False,None,N/A,None,None,False,Low,Not Applicable
S3605,Student,9-12,Male,2,Social Media,False,3,True,False,False,None,N/A,None,None,False,Low,Not Applicable
S3606,Student,9-12,Female,4,Studying,True,1,True,True,False,None,N/A,None,None,False,Low,Not Applicable
S3607,Student,9-12,Female,3,Chatting,True,1,False,False,False,None,N/A,None,None,True,High,Not Applicable
S3608,Student,13-17,Female,5,Social Media,True,1,True,True,False,None,N/A,None,None,False,Medium,Not Applicable
S3609,Student,13-17,Male,4,Gaming,True,1,True,False,True,Insults; Defamation,False,None,Loss of Appetite,True,High,Unsure
S3610,Student,13-17,Male,4,Studying,True,3,True,False,True,Insults; Threats,False,None,Academic Decline,True,High,Certain
S3611,Student,9-12,Female,1,Videos,True,1,False,False,False,None,N/A,None,None,False,Low,Not Applicable
S3612,Student,9-12,Male,3,Studying,True,4,True,True,True,Insults; Defamation; Threats,False,None,Insomnia; Academic Decline; Loss of Appetite,False,Low,Unsure
S3613,Student,13-17,Female,7,Gaming,True,1,False,False,True,Insults; Defamation,True,School Counselor,Insomnia,False,Low,Certain
S3614,Student,9-12,Female,1,Social Media,True,1,True,False,True,Defamation,False,None,Anxiety,True,High,Certain
S3615,Student,13-17,Female,5,Gaming,True,1,False,False,True,Insults; Exclusion,False,None,Insomnia; Depression,False,Low,Certain
S3616,Student,13-17,Female,4,Videos,True,1,True,False,False,None,N/A,None,None,False,Low,Not Applicable
S3617,Student,9-12,Female,2,Gaming,True,3,True,False,True,Insults; Defamation; Exclusion; Threats,False,None,Academic Decline,True,Medium,Unsure
S3618,Student,13-17,Male,3,Gaming,True,1,True,True,True,Insults; Defamation,False,None,Insomnia; Anxiety,False,Medium,Certain
S3619,Student,9-12,Male,4,Chatting,True,1,False,False,True,Insults; Exclusion,False,None,None,False,Medium,Certain
S3620,Student,9-12,Female,3,Gaming,True,1,False,False,True,Defamation,False,None,None,True,Medium,Unsure
S3621,Student,9-12,Male,0,Social Media,True,1,True,False,False,None,N/A,None,None,True,High,Not Applicable
S3622,Student,13-17,Male,4,Chatting,True,1,False,False,True,Insults,True,Friend,Anxiety,True,Medium,Certain
S3623,Student,13-17,Female,4,Chatting,True,2,True,False,False,None,N/A,None,None,False,Medium,Not Applicable
S3624,Student,13-17,Female,5,Studying,True,2,True,False,True,Insults; Defamation; Threats,True,School Counselor,Insomnia,False,Low,Unsure
S3625,Student,13-17,Male,6,Social Media,True,1,True,True,False,None,N/A,None,None,False,Low,Not Applicable
S3626,Student,9-12,Female,2,Social Media,True,1,False,False,False,None,N/A,None,None,False,Low,Not Applicable
S3627,Student,9-12,Male,1,Social Media,True,4,True,True,True,None,True,Friend,None,False,Low,Unsure
S3628,Student,9-12,Male,3,Gaming,True,2,False,False,True,Insults; Defamation; Threats,True,School Counselor,Academic Decline; Depression; Loss of Appetite,False,Low,Certain
S3629,Student,13-17,Male,4,Chatting,True,1,False,False,True,Insults; Defamation; Sexual Harassment,True,Friend,Academic Decline; Anxiety,True,High,Unsure
S3630,Student,13-17,Female,3,Social Media,True,1,True,True,False,None,N/A,None,None,False,Low,Not Applicable
S3631,Student,13-17,Female,5,Studying,False,1,True,True,False,None,N/A,None,None,False,Medium,Not Applicable
S3632,Student,9-12,Female,3,Studying,True,1,True,True,False,None,N/A,None,None,True,High,Not Applicable
S3633,Student,13-17,Male,7,Studying,True,1,True,True,True,Insults; Defamation; Exclusion,True,Family,Insomnia; Anxiety,True,High,Certain
S3634,Student,9-12,Female,0,Videos,True,3,True,True,True,Defamation,True,Friend,Academic Decline; Anxiety,True,High,Certain
S3635,Student,9-12,Female,3,Social Media,True,1,False,False,False,None,N/A,None,None,False,Medium,Not Applicable
S3636,Student,13-17,Female,8,Social Media,False,1,True,True,True,Defamation; Exclusion,False,None,None,True,Medium,Unsure
S3637,Student,13-17,Male,7,Studying,True,1,True,False,False,None,N/A,None,None,True,Medium,Not Applicable
S3638,Student,9-12,Male,3,Studying,True,1,True,True,False,None,N/A,None,None,False,Low,Not Applicable
S3639,Student,13-17,Female,6,Social Media,False,1,False,False,False,None,N/A,None,None,True,Medium,Not Applicable
S3640,Student,13-17,Female,1,Gaming,True,3,True,False,True,None,True,Friend,None,True,High,Certain
S3641,Student,13-17,Female,7,Studying,True,1,True,True,True,Insults,False,None,Academic Decline; Anxiety,True,Medium,Certain
S3642,Student,13-17,Female,8,Gaming,True,4,True,False,True,Insults,False,None,Academic Decline; Depression; Anxiety,True,Medium,Unsure
S3643,Student,9-12,Female,3,Videos,True,1,True,False,False,None,N/A,None,None,True,High,Not Applicable
S3644,Student,13-17,Female,6,Gaming,True,1,True,True,False,None,N/A,None,None,True,Medium,Not Applicable
S3645,Student,13-17,Male,5,Videos,True,1,False,False,False,None,N/A,None,None,True,Medium,Not Applicable
S3646,Student,13-17,Female,6,Studying,False,1,True,False,False,None,N/A,None,None,False,Medium,Not Applicable
S3647,Student,13-17,Male,5,Gaming,True,3,False,False,False,None,N/A,None,None,False,Medium,Not Applicable
S3648,Student,13-17,Male,8,Videos,True,1,False,False,False,None,N/A,None,None,False,Low,Not Applicable
S3649,Student,13-17,Female,4,Gaming,True,2,False,False,False,None,N/A,None,None,True,High,Not Applicable
S3650,Student,13-17,Female,4,Social Media,True,3,True,False,True,Insults; Defamation,False,None,None,False,Low,Certain
S3651,Student,9-12,Female,0,Gaming,True,4,True,False,False,None,N/A,None,None,True,Medium,Not Applicable
S3652,Student,9-12,Male,0,Chatting,True,1,False,False,False,None,N/A,None,None,False,Low,Not Applicable
S3653,Student,13-17,Female,4,Studying,True,1,True,False,False,None,N/A,None,None,False,Low,Not Applicable
S3654,Student,13-17,Male,4,Videos,True,1,False,False,True,Defamation,False,None,None,False,Low,Certain
S3655,Student,13-17,Male,3,Social Media,True,1,False,False,False,None,N/A,None,None,False,Low,Not Applicable
S3656,Student,13-17,Male,6,Studying,True,2,False,False,True,Insults,True,Family,Insomnia; Academic Decline; Loss of Appetite,True,Medium,Unsure
S3657,Student,13-17,Male,8,Social Media,True,1,True,False,False,None,N/A,None,None,True,High,Not Applicable
S3658,Student,9-12,Male,0,Studying,True,1,True,False,False,None,N/A,None,None,True,Medium,Not Applicable
S3659,Student,9-12,Female,3,Studying,True,1,True,False,True,Defamation,True,Teacher,Insomnia; Loss of Appetite,True,High,Unsure
S3660,Student,13-17,Male,4,Videos,False,3,True,True,True,Defamation; Exclusion,False,None,Academic Decline,True,High,Certain
S3661,Student,13-17,Female,3,Social Media,True,1,False,False,False,None,N/A,None,None,False,Low,Not Applicable
S3662,Student,9-12,Female,2,Studying,True,1,False,False,False,None,N/A,None,None,False,Medium,Not Applicable
S3663,Student,9-12,Male,1,Gaming,True,1,True,True,True,Defamation,True,Family,Insomnia; Academic Decline; Depression,False,Medium,Unsure
S3664,Student,13-17,Female,2,Videos,True,1,False,False,True,Defamation; Exclusion,True,Teacher,Insomnia,False,Low,Certain
S3665,Student,13-17,Male,5,Chatting,True,1,True,True,False,None,N/A,None,None,True,High,Not Applicable
S3666,Student,13-17,Male,2,Videos,True,1,True,False,True,Insults; Defamation; Exclusion,False,None,Academic Decline,False,Medium,Unsure
S3667,Student,9-12,Male,3,Chatting,True,1,False,False,False,None,N/A,None,None,True,High,Not Applicable
S3668,Student,9-12,Male,1,Studying,True,1,False,False,False,None,N/A,None,None,True,Medium,Not Applicable
S3669,Student,13-17,Female,5,Chatting,True,1,True,True,True,None,True,Teacher,Insomnia; Depression,False,Medium,Unsure
S3670,Student,13-17,Male,8,Chatting,True,1,False,False,True,Insults,False,None,Academic Decline,False,Medium,Certain
S3671,Student,9-12,Female,0,Chatting,True,1,False,False,False,None,N/A,None,None,True,Medium,Not Applicable
S3672,Student,9-12,Male,1,Gaming,True,1,False,False,True,Exclusion; Threats,True,School Counselor,None,False,Low,Certain
S3673,Student,13-17,Female,4,Gaming,True,1,True,True,True,Insults; Defamation; Threats,True,Teacher,Insomnia,False,Low,Unsure
S3674,Student,13-17,Female,2,Chatting,True,1,False,False,False,None,N/A,None,None,True,High,Not Applicable
S3675,Student,13-17,Female,7,Videos,True,4,True,True,False,None,N/A,None,None,False,Medium,Not Applicable
S3676,Student,9-12,Male,2,Chatting,True,2,False,False,False,None,N/A,None,None,True,High,Not Applicable
S3677,Student,13-17,Female,3,Videos,True,1,True,False,True,Insults; Defamation,False,None,Academic Decline,False,Medium,Unsure
S3678,Student,13-17,Female,1,Gaming,True,3,True,False,True,Threats,True,Teacher,Depression,True,Medium,Unsure
S3679,Student,13-17,Female,7,Gaming,True,3,True,True,False,None,N/A,None,None,False,Medium,Not Applicable
S3680,Student,13-17,Female,2,Chatting,True,1,False,False,True,Insults; Defamation,True,School Counselor,None,False,Medium,Unsure
S3681,Student,13-17,Male,4,Studying,True,1,True,False,False,None,N/A,None,None,True,Medium,Not Applicable
S3682,Student,9-12,Male,2,Videos,True,1,True,False,False,None,N/A,None,None,True,High,Not Applicable
S3683,Student,13-17,Female,2,Studying,True,1,True,True,False,None,N/A,None,None,False,Medium,Not Applicable
S3684,Student,9-12,Male,0,Gaming,True,2,True,True,False,None,N/A,None,None,True,Medium,Not Applicable
S3685,Student,13-17,Female,4,Chatting,True,2,False,False,False,None,N/A,None,None,False,Medium,Not Applicable
S3686,Student,13-17,Male,2,Videos,True,4,False,False,True,Defamation,True,Teacher,None,False,Medium,Unsure
S3687,Student,9-12,Female,3,Gaming,True,2,False,False,False,None,N/A,None,None,False,Medium,Not Applicable
S3688,Student,13-17,Male,5,Gaming,True,4,True,False,True,Insults,True,Friend,Academic Decline,False,Low,Certain
S3689,Student,13-17,Male,4,Chatting,True,1,False,False,False,None,N/A,None,None,True,High,Not Applicable
S3690,Student,13-17,Female,5,Chatting,True,1,True,False,False,None,N/A,None,None,True,Medium,Not Applicable
S3691,Student,13-17,Female,3,Social Media,True,4,False,False,False,None,N/A,None,None,True,Medium,Not Applicable
S3692,Student,13-17,Male,8,Social Media,True,1,False,False,True,Insults; Defamation,False,None,None,False,Low,Certain
S3693,Student,13-17,Female,2,Social Media,True,1,True,True,False,None,N/A,None,None,True,Medium,Not Applicable
S3694,Student,9-12,Male,4,Chatting,True,1,False,False,True,Defamation,False,None,None,False,Low,Certain
S3695,Student,13-17,Female,7,Gaming,True,2,True,True,True,None,True,School Counselor,Depression,True,Medium,Unsure
S3696,Student,13-17,Female,2,Videos,True,1,False,False,True,Defamation; Threats,False,None,Insomnia; Academic Decline,False,Low,Unsure
S3697,Student,13-17,Female,1,Chatting,True,4,True,False,False,None,N/A,None,None,False,Low,Not Applicable
S3698,Student,9-12,Female,1,Chatting,True,3,True,False,False,None,N/A,None,None,False,Medium,Not Applicable
S3699,Student,9-12,Female,3,Chatting,False,4,False,False,False,None,N/A,None,None,False,Low,Not Applicable
S3700,Student,13-17,Male,3,Chatting,True,3,True,False,False,None,N/A,None,None,True,High,Not Applicable
S3701,Student,13-17,Female,7,Social Media,True,1,True,True,True,Defamation; Exclusion,True,Teacher,Insomnia; Academic Decline; Depression,False,Low,Unsure
S3702,Student,13-17,Female,4,Chatting,True,2,True,False,True,Insults,False,None,Academic Decline; Depression,True,Medium,Unsure
S3703,Student,13-17,Male,4,Social Media,True,1,True,False,False,None,N/A,None,None,False,Low,Not Applicable
S3704,Student,13-17,Female,4,Social Media,True,4,False,False,True,Insults; Exclusion,True,School Counselor,Academic Decline; Depression; Loss of Appetite,True,Medium,Unsure
S3705,Student,13-17,Female,2,Chatting,True,1,False,False,True,Insults; Defamation; Exclusion,False,None,Depression; Loss of Appetite,True,High,Unsure
S3706,Student,13-17,Female,1,Social Media,True,2,False,False,False,None,N/A,None,None,True,High,Not Applicable
S3707,Student,13-17,Female,5,Chatting,True,1,False,False,True,Insults; Exclusion,True,School Counselor,Academic Decline,True,High,Unsure
S3708,Student,9-12,Female,1,Chatting,True,1,False,False,False,None,N/A,None,None,True,High,Not Applicable
S3709,Student,9-12,Female,4,Chatting,True,3,False,False,False,None,N/A,None,None,True,High,Not Applicable
S3710,Student,13-17,Male,5,Social Media,True,2,False,False,True,None,False,None,None,True,High,Certain
S3711,Student,13-17,Female,3,Videos,True,1,True,True,True,Insults,True,School Counselor,Academic Decline,True,High,Unsure
S3712,Student,9-12,Female,3,Chatting,True,1,True,True,False,None,N/A,None,None,True,High,Not Applicable
S3713,Student,9-12,Female,1,Chatting,True,2,False,False,True,Insults; Defamation,True,Friend,None,True,Medium,Unsure
S3714,Student,13-17,Male,6,Videos,True,1,True,True,True,Defamation; Exclusion; Threats,False,None,Insomnia,True,High,Unsure
S3715,Student,9-12,Female,2,Studying,True,1,True,False,False,None,N/A,None,None,True,Medium,Not Applicable
S3716,Student,13-17,Male,4,Studying,True,1,True,False,False,None,N/A,None,None,False,Medium,Not Applicable
S3717,Student,13-17,Male,7,Videos,True,1,False,False,True,Threats,True,School Counselor,Academic Decline,False,Low,Unsure
S3718,Student,9-12,Female,3,Social Media,True,1,True,False,False,None,N/A,None,None,True,Medium,Not Applicable
S3719,Student,9-12,Male,2,Chatting,True,4,False,False,True,Insults; Defamation; Threats,False,None,Academic Decline; Anxiety,True,Medium,Unsure
S3720,Student,13-17,Male,7,Social Media,True,3,False,False,True,Defamation,True,Family,Academic Decline,False,Medium,Unsure
S3721,Student,9-12,Male,0,Studying,True,3,True,False,True,Defamation,True,Friend,Insomnia,True,High,Certain
S3722,Student,13-17,Male,4,Studying,True,1,True,False,True,Insults; Exclusion,False,None,None,False,Medium,Unsure
S3723,Student,13-17,Male,1,Studying,True,1,True,True,True,None,False,None,Academic Decline,False,Medium,Unsure
S3724,Student,9-12,Male,1,Videos,True,4,True,True,False,None,N/A,None,None,False,Low,Not Applicable
S3725,Student,13-17,Female,3,Social Media,False,1,False,False,True,Insults; Threats,True,Family,Academic Decline; Depression; Loss of Appetite,True,High,Certain
S3726,Student,13-17,Male,2,Chatting,True,1,False,False,True,None,False,None,Loss of Appetite,True,Medium,Certain
S3727,Student,9-12,Female,1,Studying,True,1,True,False,False,None,N/A,None,None,False,Low,Not Applicable
S3728,Student,13-17,Female,4,Videos,True,1,False,False,False,None,N/A,None,None,False,Low,Not Applicable
S3729,Student,9-12,Female,1,Chatting,True,3,False,False,True,Defamation; Exclusion,True,School Counselor,None,True,High,Unsure
S3730,Student,9-12,Female,1,Gaming,True,2,False,False,False,None,N/A,None,None,False,Low,Not Applicable
S3731,Student,13-17,Female,5,Chatting,True,1,True,False,True,Defamation; Sexual Harassment,False,None,Academic Decline,False,Medium,Certain
S3732,Student,13-17,Male,8,Gaming,True,1,True,True,False,None,N/A,None,None,False,Medium,Not Applicable
S3733,Student,13-17,Male,4,Studying,True,3,True,True,True,Insults; Defamation; Sexual Harassment,False,None,None,False,Low,Certain
S3734,Student,13-17,Male,3,Studying,True,1,False,False,True,Defamation; Threats,True,Friend,Insomnia; Academic Decline,False,Medium,Certain
S3735,Student,13-17,Female,8,Gaming,False,1,True,False,True,Insults,False,None,Insomnia,False,Low,Unsure
S3736,Student,13-17,Female,4,Chatting,True,3,False,False,True,Sexual Harassment,True,Family,None,False,Low,Certain
S3737,Student,13-17,Female,1,Gaming,True,1,True,False,False,None,N/A,None,None,False,Low,Not Applicable
S3738,Student,13-17,Male,6,Studying,True,4,False,False,False,None,N/A,None,None,False,Medium,Not Applicable
S3739,Student,13-17,Male,1,Studying,True,4,True,True,True,Exclusion,False,None,Academic Decline,False,Low,Unsure
S3740,Student,13-17,Female,7,Gaming,True,1,False,False,True,Insults; Defamation,False,None,None,False,Low,Certain
S3741,Student,9-12,Male,3,Studying,True,3,False,False,False,None,N/A,None,None,True,High,Not Applicable
S3742,Student,9-12,Female,3,Videos,True,1,True,False,False,None,N/A,None,None,False,Low,Not Applicable
S3743,Student,13-17,Male,5,Chatting,True,3,True,True,True,Insults; Defamation,False,None,Depression; Anxiety; Loss of Appetite,False,Medium,Certain
S3744,Student,13-17,Male,4,Chatting,True,1,True,True,False,None,N/A,None,None,False,Low,Not Applicable
S3745,Student,13-17,Female,8,Social Media,True,1,True,False,True,Exclusion; Threats,True,School Counselor,Insomnia; Academic Decline; Anxiety,True,Medium,Unsure
S3746,Student,13-17,Male,6,Chatting,True,1,False,False,True,Insults; Defamation,False,None,Academic Decline,True,Medium,Unsure
S3747,Student,9-12,Male,4,Chatting,True,1,False,False,False,None,N/A,None,None,True,Medium,Not Applicable
S3748,Student,13-17,Female,7,Gaming,True,1,True,True,True,None,True,Friend,Insomnia,False,Low,Certain
S3749,Student,9-12,Female,4,Social Media,True,1,True,True,True,Insults; Defamation,False,None,Academic Decline; Anxiety,False,Medium,Certain
S3750,Student,9-12,Female,1,Social Media,True,1,True,False,False,None,N/A,None,None,False,Low,Not Applicable
S3751,Student,9-12,Male,3,Gaming,True,1,False,False,False,None,N/A,None,None,True,Medium,Not Applicable
S3752,Student,13-17,Female,4,Chatting,True,4,True,False,True,Defamation,True,Family,None,True,Medium,Certain
S3753,Student,13-17,Male,3,Studying,True,3,False,False,True,None,True,Family,None,True,Medium,Certain
S3754,Student,13-17,Male,8,Chatting,True,1,True,False,True,None,False,None,None,True,High,Certain
S3755,Student,9-12,Female,0,Studying,True,1,True,True,True,Insults; Defamation,False,None,Academic Decline,False,Medium,Unsure
S3756,Student,13-17,Female,6,Chatting,True,1,True,False,False,None,N/A,None,None,False,Low,Not Applicable
S3757,Student,13-17,Female,8,Chatting,True,1,True,False,False,None,N/A,None,None,False,Low,Not Applicable
S3758,Student,9-12,Male,2,Videos,True,1,False,False,True,Insults; Exclusion,True,Family,Insomnia,True,High,Unsure
S3759,Student,13-17,Male,2,Videos,True,1,False,False,False,None,N/A,None,None,False,Medium,Not Applicable
S3760,Student,9-12,Male,0,Chatting,True,4,True,True,True,Insults,False,None,None,False,Low,Unsure
S3761,Student,13-17,Male,4,Social Media,True,1,False,False,False,None,N/A,None,None,True,High,Not Applicable
S3762,Student,9-12,Male,2,Chatting,True,1,False,False,False,None,N/A,None,None,False,Low,Not Applicable
S3763,Student,13-17,Male,5,Studying,False,1,False,False,True,None,True,Teacher,None,False,Low,Unsure
S3764,Student,13-17,Female,2,Studying,True,2,True,True,False,None,N/A,None,None,True,Medium,Not Applicable
S3765,Student,9-12,Male,1,Studying,True,1,False,False,True,Defamation; Exclusion,True,Friend,None,False,Medium,Certain
S3766,Student,13-17,Male,5,Gaming,True,4,True,True,False,None,N/A,None,None,True,Medium,Not Applicable
S3767,Student,9-12,Male,0,Videos,True,4,True,False,False,None,N/A,None,None,True,High,Not Applicable
S3768,Student,13-17,Female,3,Gaming,True,1,False,False,False,None,N/A,None,None,True,High,Not Applicable
S3769,Student,13-17,Male,8,Videos,True,1,False,False,False,None,N/A,None,None,False,Low,Not Applicable
S3770,Student,9-12,Female,2,Gaming,True,1,True,True,False,None,N/A,None,None,True,High,Not Applicable
S3771,Student,9-12,Male,1,Studying,True,1,True,True,False,None,N/A,None,None,True,Medium,Not Applicable
S3772,Student,13-17,Male,1,Gaming,True,4,False,False,False,None,N/A,None,None,False,Low,Not Applicable
S3773,Student,13-17,Female,5,Videos,True,1,True,True,True,Insults,False,None,None,True,Medium,Certain
S3774,Student,13-17,Male,2,Social Media,True,1,False,False,True,Exclusion; Threats,False,None,None,False,Low,Certain
S3775,Student,13-17,Male,6,Chatting,True,1,True,True,True,Threats,True,Friend,Insomnia,False,Medium,Unsure
S3776,Student,9-12,Male,2,Chatting,True,1,False,False,False,None,N/A,None,None,True,Medium,Not Applicable
S3777,Student,13-17,Male,8,Videos,True,2,True,False,False,None,N/A,None,None,True,Medium,Not Applicable
S3778,Student,9-12,Female,1,Social Media,True,4,False,False,False,None,N/A,None,None,True,High,Not Applicable
S3779,Student,9-12,Male,1,Chatting,True,1,True,False,False,None,N/A,None,None,False,Low,Not Applicable
S3780,Student,13-17,Female,3,Videos,True,1,True,False,True,Defamation,True,School Counselor,Loss of Appetite,False,Low,Certain
S3781,Student,9-12,Male,3,Social Media,True,3,True,True,False,None,N/A,None,None,True,High,Not Applicable
S3782,Student,13-17,Male,7,Videos,True,1,True,False,False,None,N/A,None,None,False,Medium,Not Applicable
S3783,Student,13-17,Male,4,Videos,True,3,False,False,True,Defamation; Threats,False,None,Insomnia,True,High,Certain
S3784,Student,13-17,Male,5,Studying,True,1,False,False,True,Insults; Defamation,False,None,None,True,Medium,Certain
S3785,Student,9-12,Male,4,Chatting,True,3,True,False,False,None,N/A,None,None,False,Low,Not Applicable
S3786,Student,13-17,Male,8,Videos,True,1,False,False,False,None,N/A,None,None,False,Low,Not Applicable
S3787,Student,13-17,Male,7,Chatting,True,1,False,False,True,Insults; Defamation,False,None,Academic Decline; Anxiety,False,Medium,Unsure
S3788,Student,13-17,Male,8,Social Media,True,1,False,False,True,None,False,None,Depression; Anxiety,True,Medium,Certain
S3789,Student,9-12,Female,1,Social Media,True,1,True,False,False,None,N/A,None,None,True,Medium,Not Applicable
S3790,Student,13-17,Female,1,Social Media,True,1,False,False,False,None,N/A,None,None,True,Medium,Not Applicable
S3791,Student,9-12,Female,1,Studying,True,1,False,False,True,Insults,True,Family,Insomnia; Academic Decline,True,High,Unsure
S3792,Student,13-17,Female,3,Studying,True,1,False,False,False,None,N/A,None,None,False,Medium,Not Applicable
S3793,Student,13-17,Female,3,Gaming,True,1,True,False,True,Insults; Threats,True,Teacher,None,True,High,Unsure
S3794,Student,9-12,Female,4,Chatting,True,1,True,False,False,None,N/A,None,None,True,High,Not Applicable
S3795,Student,13-17,Female,8,Studying,False,3,True,False,False,None,N/A,None,None,True,High,Not Applicable
S3796,Student,13-17,Female,7,Studying,True,1,True,True,True,Insults; Defamation,True,School Counselor,Academic Decline,False,Medium,Unsure
S3797,Student,13-17,Female,5,Studying,True,1,True,True,False,None,N/A,None,None,False,Low,Not Applicable
S3798,Student,9-12,Male,2,Chatting,False,1,True,True,False,None,N/A,None,None,True,High,Not Applicable
S3799,Student,13-17,Female,2,Chatting,True,2,False,False,True,Insults,True,Family,Academic Decline,False,Medium,Unsure
S3800,Student,13-17,Male,3,Chatting,True,1,False,False,False,None,N/A,None,None,False,Low,Not Applicable
S3801,Student,13-17,Male,8,Chatting,True,1,True,True,False,None,N/A,None,None,True,High,Not Applicable
S3802,Student,13-17,Female,2,Chatting,False,1,False,False,False,None,N/A,None,None,True,Medium,Not Applicable
S3803,Student,13-17,Female,6,Studying,True,1,True,True,False,None,N/A,None,None,False,Low,Not Applicable
S3804,Student,9-12,Female,1,Gaming,True,1,True,True,False,None,N/A,None,None,False,Low,Not Applicable
S3805,Student,13-17,Male,4,Social Media,True,1,False,False,False,None,N/A,None,None,True,Medium,Not Applicable
S3806,Student,9-12,Male,4,Studying,True,1,False,False,True,Insults,False,None,Insomnia; Academic Decline; Depression; Loss of Appetite,True,High,Certain
S3807,Student,9-12,Female,1,Videos,True,4,True,False,False,None,N/A,None,None,False,Medium,Not Applicable
S3808,Student,13-17,Female,2,Videos,False,1,False,False,True,Insults; Defamation,True,Teacher,None,False,Low,Unsure
S3809,Student,13-17,Male,4,Studying,True,1,True,False,True,Defamation,True,Family,None,False,Medium,Unsure
S3810,Student,9-12,Male,1,Chatting,False,1,False,False,False,None,N/A,None,None,False,Medium,Not Applicable
S3811,Student,13-17,Female,1,Social Media,True,2,False,False,False,None,N/A,None,None,False,Medium,Not Applicable
S3812,Student,13-17,Female,4,Videos,True,1,True,False,False,None,N/A,None,None,True,High,Not Applicable
